#
# There is insufficient memory for the Java Runtime Environment to continue.
# Native memory allocation (mmap) failed to map 1048576 bytes. Error detail: G1 virtual space
# Possible reasons:
#   The system is out of physical RAM or swap space
#   This process is running with CompressedOops enabled, and the Java Heap may be blocking the growth of the native heap
# Possible solutions:
#   Reduce memory load on the system
#   Increase physical memory or swap space
#   Check if swap backing store is full
#   Decrease Java heap size (-Xmx/-Xms)
#   Decrease number of Java threads
#   Decrease Java thread stack sizes (-Xss)
#   Set larger code cache with -XX:ReservedCodeCacheSize=
#   JVM is running with Unscaled Compressed Oops mode in which the Java heap is
#     placed in the first 4GB address space. The Java Heap base address is the
#     maximum limit for the native heap growth. Please use -XX:HeapBaseMinAddress
#     to set the Java Heap base and to place the Java Heap above 4GB virtual address.
# This output file may be truncated or incomplete.
#
#  Out of Memory Error (os_windows.cpp:3554), pid=21872, tid=608
#
# JRE version: Java(TM) SE Runtime Environment (25.0.1+8) (build 25.0.1+8-LTS-27)
# Java VM: Java HotSpot(TM) 64-Bit Server VM (25.0.1+8-LTS-27, mixed mode, sharing, tiered, compressed oops, compressed class ptrs, g1 gc, windows-amd64)
# No core dump will be written. Minidumps are not enabled by default on client versions of Windows
#

---------------  S U M M A R Y ------------

Command Line: C:\Users\Vishal Chaudhary\AppData\Local\Temp\surefire13035735859435806882\surefirebooter-20261007111746695_3.jar C:\Users\Vishal Chaudhary\AppData\Local\Temp\surefire13035735859435806882 2026-10-07T11-17-46_392-jvmRun1 surefire-20261007111746695_1tmp surefire_0-20261007111746695_2tmp

Host: 11th Gen Intel(R) Core(TM) i3-1115G4 @ 3.00GHz, 4 cores, 7G,  Windows 11 , 64 bit Build 26100 (10.0.26100.9444)
Time: Wed Oct  7 11:17:55 2026 India Standard Time elapsed time: 7.870849 seconds (0d 0h 0m 7s)

---------------  T H R E A D  ---------------

Current thread (0x0000019b86d80770):  JavaThread "main"             [_thread_in_vm, id=608, stack(0x0000000630400000,0x0000000630500000) (1024K)]

Stack: [0x0000000630400000,0x0000000630500000]
Native frames: (J=compiled Java code, j=interpreted, Vv=VM code, C=native code)
V  [jvm.dll+0x7a6b59]  (no source info available)
V  [jvm.dll+0x77290d]  (no source info available)
V  [jvm.dll+0x966153]  (no source info available)
V  [jvm.dll+0x968751]  (no source info available)
V  [jvm.dll+0x968e53]  (no source info available)
V  [jvm.dll+0x2fc756]  (no source info available)
V  [jvm.dll+0x7a2d85]  (no source info available)
V  [jvm.dll+0x796197]  (no source info available)
V  [jvm.dll+0x3f4698]  (no source info available)
V  [jvm.dll+0x3fc5b6]  (no source info available)
V  [jvm.dll+0x3e8965]  (no source info available)
V  [jvm.dll+0x3e9031]  (no source info available)
V  [jvm.dll+0x3e8b92]  (no source info available)
V  [jvm.dll+0x3c058e]  (no source info available)
V  [jvm.dll+0x3be75f]  (no source info available)
V  [jvm.dll+0x726a36]  (no source info available)
V  [jvm.dll+0x2b41a2]  (no source info available)
V  [jvm.dll+0x928c23]  (no source info available)
V  [jvm.dll+0x473d5c]  (no source info available)
C  0x0000019b96b4b269  (no source info available)

The last pc belongs to newarray (printed below).
Java frames: (J=compiled Java code, j=interpreted, Vv=VM code)
j  com.supportiq.data.TweetOffsetIndex.<init>(I)V+117
j  com.supportiq.data.CsvOffsetReader.buildIndex()Lcom/supportiq/data/TweetOffsetIndex;+83
j  com.supportiq.service.HistoricalRetrieverTest.setUp()V+317
j  java.lang.invoke.LambdaForm$DMH+0x00000000370dc000.invokeVirtual(Ljava/lang/Object;Ljava/lang/Object;)V+10 java.base@25.0.1
j  java.lang.invoke.LambdaForm$MH+0x00000000370dc800.invoke(Ljava/lang/Object;Ljava/lang/Object;)Ljava/lang/Object;+31 java.base@25.0.1
J 2937 c1 jdk.internal.reflect.DirectMethodHandleAccessor.invoke(Ljava/lang/Object;[Ljava/lang/Object;)Ljava/lang/Object; java.base@25.0.1 (92 bytes) @ 0x0000019b8fa5f99c [0x0000019b8fa5e200+0x000000000000179c]
J 3366 c1 java.lang.reflect.Method.invoke(Ljava/lang/Object;[Ljava/lang/Object;)Ljava/lang/Object; java.base@25.0.1 (108 bytes) @ 0x0000019b8fb38664 [0x0000019b8fb38080+0x00000000000005e4]
j  org.junit.platform.commons.util.ReflectionUtils.invokeMethod(Ljava/lang/reflect/Method;Ljava/lang/Object;[Ljava/lang/Object;)Ljava/lang/Object;+42
j  org.junit.platform.commons.support.ReflectionSupport.invokeMethod(Ljava/lang/reflect/Method;Ljava/lang/Object;[Ljava/lang/Object;)Ljava/lang/Object;+3
j  org.junit.jupiter.engine.support.MethodReflectionUtils.invoke(Ljava/lang/reflect/Method;Ljava/lang/Object;[Ljava/lang/Object;)Ljava/lang/Object;+17
j  org.junit.jupiter.engine.execution.MethodInvocation.proceed()Ljava/lang/Object;+18
j  org.junit.jupiter.engine.execution.InvocationInterceptorChain$ValidatingInvocation.proceed()Ljava/lang/Object;+8
j  org.junit.jupiter.engine.extension.TimeoutExtension.intercept(Lorg/junit/jupiter/api/extension/InvocationInterceptor$Invocation;Lorg/junit/jupiter/api/extension/ReflectiveInvocationContext;Lorg/junit/jupiter/api/extension/ExtensionContext;Lorg/junit/jupiter/engine/extension/TimeoutDuration;Lorg/junit/jupiter/engine/extension/TimeoutExtension$TimeoutProvider;)Ljava/lang/Object;+53
j  org.junit.jupiter.engine.extension.TimeoutExtension.interceptLifecycleMethod(Lorg/junit/jupiter/api/extension/InvocationInterceptor$Invocation;Lorg/junit/jupiter/api/extension/ReflectiveInvocationContext;Lorg/junit/jupiter/api/extension/ExtensionContext;Lorg/junit/jupiter/engine/extension/TimeoutExtension$TimeoutProvider;)V+30
j  org.junit.jupiter.engine.extension.TimeoutExtension.interceptBeforeEachMethod(Lorg/junit/jupiter/api/extension/InvocationInterceptor$Invocation;Lorg/junit/jupiter/api/extension/ReflectiveInvocationContext;Lorg/junit/jupiter/api/extension/ExtensionContext;)V+9
j  org.junit.jupiter.engine.descriptor.ClassBasedTestDescriptor$$Lambda+0x00000000370d4c88.apply(Lorg/junit/jupiter/api/extension/InvocationInterceptor;Lorg/junit/jupiter/api/extension/InvocationInterceptor$Invocation;Lorg/junit/jupiter/api/extension/ReflectiveInvocationContext;Lorg/junit/jupiter/api/extension/ExtensionContext;)V+5
j  org.junit.jupiter.engine.execution.InterceptingExecutableInvoker$ReflectiveInterceptorCall.lambda$ofVoidMethod$0(Lorg/junit/jupiter/engine/execution/InterceptingExecutableInvoker$ReflectiveInterceptorCall$VoidMethodInterceptorCall;Lorg/junit/jupiter/api/extension/InvocationInterceptor;Lorg/junit/jupiter/api/extension/InvocationInterceptor$Invocation;Lorg/junit/jupiter/api/extension/ReflectiveInvocationContext;Lorg/junit/jupiter/api/extension/ExtensionContext;)Ljava/lang/Void;+6
j  org.junit.jupiter.engine.execution.InterceptingExecutableInvoker$ReflectiveInterceptorCall$$Lambda+0x00000000370d8230.apply(Lorg/junit/jupiter/api/extension/InvocationInterceptor;Lorg/junit/jupiter/api/extension/InvocationInterceptor$Invocation;Lorg/junit/jupiter/api/extension/ReflectiveInvocationContext;Lorg/junit/jupiter/api/extension/ExtensionContext;)Ljava/lang/Object;+9
j  org.junit.jupiter.engine.execution.InterceptingExecutableInvoker.lambda$invoke$0(Lorg/junit/jupiter/engine/execution/InterceptingExecutableInvoker$ReflectiveInterceptorCall;Lorg/junit/jupiter/api/extension/ReflectiveInvocationContext;Lorg/junit/jupiter/api/extension/ExtensionContext;Lorg/junit/jupiter/api/extension/InvocationInterceptor;Lorg/junit/jupiter/api/extension/InvocationInterceptor$Invocation;)Ljava/lang/Object;+6
j  org.junit.jupiter.engine.execution.InterceptingExecutableInvoker$$Lambda+0x00000000370d8930.apply(Lorg/junit/jupiter/api/extension/InvocationInterceptor;Lorg/junit/jupiter/api/extension/InvocationInterceptor$Invocation;)Ljava/lang/Object;+14
j  org.junit.jupiter.engine.execution.InvocationInterceptorChain$InterceptedInvocation.proceed()Ljava/lang/Object;+12
j  org.junit.jupiter.engine.execution.InvocationInterceptorChain.proceed(Lorg/junit/jupiter/api/extension/InvocationInterceptor$Invocation;)Ljava/lang/Object;+1
j  org.junit.jupiter.engine.execution.InvocationInterceptorChain.chainAndInvoke(Lorg/junit/jupiter/api/extension/InvocationInterceptor$Invocation;Lorg/junit/jupiter/engine/execution/InvocationInterceptorChain$InterceptorCall;Ljava/util/List;)Ljava/lang/Object;+24
j  org.junit.jupiter.engine.execution.InvocationInterceptorChain.invoke(Lorg/junit/jupiter/api/extension/InvocationInterceptor$Invocation;Lorg/junit/jupiter/engine/extension/ExtensionRegistry;Lorg/junit/jupiter/engine/execution/InvocationInterceptorChain$InterceptorCall;)Ljava/lang/Object;+31
j  org.junit.jupiter.engine.execution.InterceptingExecutableInvoker.invoke(Lorg/junit/jupiter/api/extension/InvocationInterceptor$Invocation;Lorg/junit/jupiter/api/extension/ReflectiveInvocationContext;Lorg/junit/jupiter/api/extension/ExtensionContext;Lorg/junit/jupiter/engine/extension/ExtensionRegistry;Lorg/junit/jupiter/engine/execution/InterceptingExecutableInvoker$ReflectiveInterceptorCall;)Ljava/lang/Object;+15
j  org.junit.jupiter.engine.execution.InterceptingExecutableInvoker.invoke(Ljava/lang/reflect/Method;Ljava/lang/Object;Lorg/junit/jupiter/api/extension/ExtensionContext;Lorg/junit/jupiter/engine/extension/ExtensionRegistry;Lorg/junit/jupiter/engine/execution/InterceptingExecutableInvoker$ReflectiveInterceptorCall;)Ljava/lang/Object;+59
j  org.junit.jupiter.engine.execution.InterceptingExecutableInvoker.invokeVoid(Ljava/lang/reflect/Method;Ljava/lang/Object;Lorg/junit/jupiter/api/extension/ExtensionContext;Lorg/junit/jupiter/engine/extension/ExtensionRegistry;Lorg/junit/jupiter/engine/execution/InterceptingExecutableInvoker$ReflectiveInterceptorCall$VoidMethodInterceptorCall;)V+11
j  org.junit.jupiter.engine.descriptor.ClassBasedTestDescriptor.invokeMethodInExtensionContext(Ljava/lang/reflect/Method;Lorg/junit/jupiter/api/extension/ExtensionContext;Lorg/junit/jupiter/engine/extension/ExtensionRegistry;Lorg/junit/jupiter/engine/execution/InterceptingExecutableInvoker$ReflectiveInterceptorCall$VoidMethodInterceptorCall;)V+40
j  org.junit.jupiter.engine.descriptor.ClassBasedTestDescriptor.lambda$synthesizeBeforeEachMethodAdapter$0(Ljava/lang/reflect/Method;Lorg/junit/jupiter/api/extension/ExtensionContext;Lorg/junit/jupiter/engine/extension/ExtensionRegistry;)V+9
j  org.junit.jupiter.engine.descriptor.ClassBasedTestDescriptor$$Lambda+0x00000000370c86d0.invokeBeforeEachMethod(Lorg/junit/jupiter/api/extension/ExtensionContext;Lorg/junit/jupiter/engine/extension/ExtensionRegistry;)V+10
j  org.junit.jupiter.engine.descriptor.TestMethodTestDescriptor.lambda$invokeBeforeEachMethods$0(Lorg/junit/jupiter/engine/extension/ExtensionRegistry;Lorg/junit/jupiter/engine/execution/BeforeEachMethodAdapter;Lorg/junit/jupiter/api/extension/ExtensionContext;)V+3
j  org.junit.jupiter.engine.descriptor.TestMethodTestDescriptor$$Lambda+0x00000000370d4a58.invoke(Lorg/junit/jupiter/api/extension/Extension;Lorg/junit/jupiter/api/extension/ExtensionContext;)V+13
j  org.junit.jupiter.engine.descriptor.CallbackSupport.lambda$invokeBeforeCallbacks$0(Lorg/junit/jupiter/engine/descriptor/CallbackSupport$CallbackInvoker;Lorg/junit/jupiter/api/extension/Extension;Lorg/junit/jupiter/api/extension/ExtensionContext;)V+3
j  org.junit.jupiter.engine.descriptor.CallbackSupport$$Lambda+0x00000000370cd650.execute()V+12
J 4343 c1 org.junit.platform.engine.support.hierarchical.ThrowableCollector.execute(Lorg/junit/platform/engine/support/hierarchical/ThrowableCollector$Executable;)V (20 bytes) @ 0x0000019b8fce260c [0x0000019b8fce2500+0x000000000000010c]
j  org.junit.jupiter.engine.descriptor.CallbackSupport.invokeBeforeCallbacks(Ljava/lang/Class;Lorg/junit/jupiter/engine/execution/JupiterEngineExecutionContext;Lorg/junit/jupiter/engine/descriptor/CallbackSupport$CallbackInvoker;)V+65
j  org.junit.jupiter.engine.descriptor.TestMethodTestDescriptor.invokeBeforeEachMethods(Lorg/junit/jupiter/engine/execution/JupiterEngineExecutionContext;)V+15
j  org.junit.jupiter.engine.descriptor.TestMethodTestDescriptor.execute(Lorg/junit/jupiter/engine/execution/JupiterEngineExecutionContext;Lorg/junit/platform/engine/support/hierarchical/Node$DynamicTestExecutor;)Lorg/junit/jupiter/engine/execution/JupiterEngineExecutionContext;+19
j  org.junit.jupiter.engine.descriptor.TestMethodTestDescriptor.execute(Lorg/junit/platform/engine/support/hierarchical/EngineExecutionContext;Lorg/junit/platform/engine/support/hierarchical/Node$DynamicTestExecutor;)Lorg/junit/platform/engine/support/hierarchical/EngineExecutionContext;+6
j  org.junit.platform.engine.support.hierarchical.NodeTestTask.lambda$executeRecursively$2(Lorg/junit/platform/engine/support/hierarchical/ThrowableCollector;)V+78
j  org.junit.platform.engine.support.hierarchical.NodeTestTask$$Lambda+0x00000000370c1220.execute()V+8
J 4343 c1 org.junit.platform.engine.support.hierarchical.ThrowableCollector.execute(Lorg/junit/platform/engine/support/hierarchical/ThrowableCollector$Executable;)V (20 bytes) @ 0x0000019b8fce260c [0x0000019b8fce2500+0x000000000000010c]
j  org.junit.platform.engine.support.hierarchical.NodeTestTask.lambda$executeRecursively$1(Lorg/junit/platform/engine/support/hierarchical/ThrowableCollector;Lorg/junit/platform/engine/support/hierarchical/EngineExecutionContext;)V+13
j  org.junit.platform.engine.support.hierarchical.NodeTestTask$$Lambda+0x00000000370c0ff0.invoke(Lorg/junit/platform/engine/support/hierarchical/EngineExecutionContext;)V+9
j  org.junit.platform.engine.support.hierarchical.Node.around(Lorg/junit/platform/engine/support/hierarchical/EngineExecutionContext;Lorg/junit/platform/engine/support/hierarchical/Node$Invocation;)V+2
j  org.junit.platform.engine.support.hierarchical.NodeTestTask.lambda$executeRecursively$0(Lorg/junit/platform/engine/support/hierarchical/ThrowableCollector;)V+15
j  org.junit.platform.engine.support.hierarchical.NodeTestTask$$Lambda+0x00000000370c0dc0.execute()V+8
J 4343 c1 org.junit.platform.engine.support.hierarchical.ThrowableCollector.execute(Lorg/junit/platform/engine/support/hierarchical/ThrowableCollector$Executable;)V (20 bytes) @ 0x0000019b8fce260c [0x0000019b8fce2500+0x000000000000010c]
j  org.junit.platform.engine.support.hierarchical.NodeTestTask.executeRecursively()V+34
j  org.junit.platform.engine.support.hierarchical.NodeTestTask.execute()V+79
j  org.junit.platform.engine.support.hierarchical.SameThreadHierarchicalTestExecutorService$$Lambda+0x00000000370c1d60.accept(Ljava/lang/Object;)V+4
J 2249 c1 java.util.ArrayList.forEach(Ljava/util/function/Consumer;)V java.base@25.0.1 (74 bytes) @ 0x0000019b8f95c5a4 [0x0000019b8f95c380+0x0000000000000224]
j  org.junit.platform.engine.support.hierarchical.SameThreadHierarchicalTestExecutorService.invokeAll(Ljava/util/List;)V+6
j  org.junit.platform.engine.support.hierarchical.NodeTestTask.lambda$executeRecursively$2(Lorg/junit/platform/engine/support/hierarchical/ThrowableCollector;)V+115
j  org.junit.platform.engine.support.hierarchical.NodeTestTask$$Lambda+0x00000000370c1220.execute()V+8
J 4343 c1 org.junit.platform.engine.support.hierarchical.ThrowableCollector.execute(Lorg/junit/platform/engine/support/hierarchical/ThrowableCollector$Executable;)V (20 bytes) @ 0x0000019b8fce260c [0x0000019b8fce2500+0x000000000000010c]
j  org.junit.platform.engine.support.hierarchical.NodeTestTask.lambda$executeRecursively$1(Lorg/junit/platform/engine/support/hierarchical/ThrowableCollector;Lorg/junit/platform/engine/support/hierarchical/EngineExecutionContext;)V+13
j  org.junit.platform.engine.support.hierarchical.NodeTestTask$$Lambda+0x00000000370c0ff0.invoke(Lorg/junit/platform/engine/support/hierarchical/EngineExecutionContext;)V+9
j  org.junit.platform.engine.support.hierarchical.Node.around(Lorg/junit/platform/engine/support/hierarchical/EngineExecutionContext;Lorg/junit/platform/engine/support/hierarchical/Node$Invocation;)V+2
j  org.junit.platform.engine.support.hierarchical.NodeTestTask.lambda$executeRecursively$0(Lorg/junit/platform/engine/support/hierarchical/ThrowableCollector;)V+15
j  org.junit.platform.engine.support.hierarchical.NodeTestTask$$Lambda+0x00000000370c0dc0.execute()V+8
J 4343 c1 org.junit.platform.engine.support.hierarchical.ThrowableCollector.execute(Lorg/junit/platform/engine/support/hierarchical/ThrowableCollector$Executable;)V (20 bytes) @ 0x0000019b8fce260c [0x0000019b8fce2500+0x000000000000010c]
j  org.junit.platform.engine.support.hierarchical.NodeTestTask.executeRecursively()V+34
j  org.junit.platform.engine.support.hierarchical.NodeTestTask.execute()V+79
j  org.junit.platform.engine.support.hierarchical.SameThreadHierarchicalTestExecutorService$$Lambda+0x00000000370c1d60.accept(Ljava/lang/Object;)V+4
J 2249 c1 java.util.ArrayList.forEach(Ljava/util/function/Consumer;)V java.base@25.0.1 (74 bytes) @ 0x0000019b8f95c5a4 [0x0000019b8f95c380+0x0000000000000224]
j  org.junit.platform.engine.support.hierarchical.SameThreadHierarchicalTestExecutorService.invokeAll(Ljava/util/List;)V+6
j  org.junit.platform.engine.support.hierarchical.NodeTestTask.lambda$executeRecursively$2(Lorg/junit/platform/engine/support/hierarchical/ThrowableCollector;)V+115
j  org.junit.platform.engine.support.hierarchical.NodeTestTask$$Lambda+0x00000000370c1220.execute()V+8
j  org.junit.platform.engine.support.hierarchical.ThrowableCollector.execute(Lorg/junit/platform/engine/support/hierarchical/ThrowableCollector$Executable;)V+1
j  org.junit.platform.engine.support.hierarchical.NodeTestTask.lambda$executeRecursively$1(Lorg/junit/platform/engine/support/hierarchical/ThrowableCollector;Lorg/junit/platform/engine/support/hierarchical/EngineExecutionContext;)V+13
j  org.junit.platform.engine.support.hierarchical.NodeTestTask$$Lambda+0x00000000370c0ff0.invoke(Lorg/junit/platform/engine/support/hierarchical/EngineExecutionContext;)V+9
j  org.junit.platform.engine.support.hierarchical.Node.around(Lorg/junit/platform/engine/support/hierarchical/EngineExecutionContext;Lorg/junit/platform/engine/support/hierarchical/Node$Invocation;)V+2
j  org.junit.platform.engine.support.hierarchical.NodeTestTask.lambda$executeRecursively$0(Lorg/junit/platform/engine/support/hierarchical/ThrowableCollector;)V+15
j  org.junit.platform.engine.support.hierarchical.NodeTestTask$$Lambda+0x00000000370c0dc0.execute()V+8
j  org.junit.platform.engine.support.hierarchical.ThrowableCollector.execute(Lorg/junit/platform/engine/support/hierarchical/ThrowableCollector$Executable;)V+1
j  org.junit.platform.engine.support.hierarchical.NodeTestTask.executeRecursively()V+34
j  org.junit.platform.engine.support.hierarchical.NodeTestTask.execute()V+79
j  org.junit.platform.engine.support.hierarchical.SameThreadHierarchicalTestExecutorService.submit(Lorg/junit/platform/engine/support/hierarchical/HierarchicalTestExecutorService$TestTask;)Ljava/util/concurrent/Future;+1
j  org.junit.platform.engine.support.hierarchical.HierarchicalTestExecutor.execute()Ljava/util/concurrent/Future;+8
j  org.junit.platform.engine.support.hierarchical.HierarchicalTestEngine.execute(Lorg/junit/platform/engine/ExecutionRequest;)V+31
j  org.junit.platform.launcher.core.EngineExecutionOrchestrator.executeEngine(Lorg/junit/platform/engine/TestDescriptor;Lorg/junit/platform/engine/EngineExecutionListener;Lorg/junit/platform/engine/ConfigurationParameters;Lorg/junit/platform/engine/TestEngine;Lorg/junit/platform/engine/OutputDirectoryCreator;Lorg/junit/platform/launcher/core/DiscoveryIssueNotifier;Lorg/junit/platform/engine/support/store/NamespacedHierarchicalStore;Lorg/junit/platform/engine/CancellationToken;)V+26
j  org.junit.platform.launcher.core.EngineExecutionOrchestrator.failOrExecuteEngine(Lorg/junit/platform/launcher/core/LauncherDiscoveryResult;Lorg/junit/platform/engine/EngineExecutionListener;Lorg/junit/platform/engine/TestEngine;Lorg/junit/platform/engine/support/store/NamespacedHierarchicalStore;Lorg/junit/platform/engine/CancellationToken;)V+177
j  org.junit.platform.launcher.core.EngineExecutionOrchestrator.execute(Lorg/junit/platform/launcher/core/LauncherDiscoveryResult;Lorg/junit/platform/engine/EngineExecutionListener;Lorg/junit/platform/engine/support/store/NamespacedHierarchicalStore;Lorg/junit/platform/engine/CancellationToken;)V+70
j  org.junit.platform.launcher.core.EngineExecutionOrchestrator.execute(Lorg/junit/platform/launcher/core/InternalTestPlan;Lorg/junit/platform/engine/EngineExecutionListener;Lorg/junit/platform/launcher/TestExecutionListener;Lorg/junit/platform/engine/support/store/NamespacedHierarchicalStore;Lorg/junit/platform/engine/CancellationToken;)V+59
j  org.junit.platform.launcher.core.EngineExecutionOrchestrator.lambda$execute$0(Lorg/junit/platform/launcher/core/InternalTestPlan;Lorg/junit/platform/engine/support/store/NamespacedHierarchicalStore;Lorg/junit/platform/engine/CancellationToken;Lorg/junit/platform/launcher/TestExecutionListener;)V+9
j  org.junit.platform.launcher.core.EngineExecutionOrchestrator$$Lambda+0x00000000370ae100.accept(Ljava/lang/Object;)V+20
j  org.junit.platform.launcher.core.EngineExecutionOrchestrator.withInterceptedStreams(Lorg/junit/platform/engine/ConfigurationParameters;Lorg/junit/platform/launcher/core/ListenerRegistry;Ljava/util/function/Consumer;)V+51
j  org.junit.platform.launcher.core.EngineExecutionOrchestrator.execute(Lorg/junit/platform/launcher/core/InternalTestPlan;Lorg/junit/platform/engine/support/store/NamespacedHierarchicalStore;Ljava/util/Collection;Lorg/junit/platform/engine/CancellationToken;)V+28
j  org.junit.platform.launcher.core.DefaultLauncher.execute(Lorg/junit/platform/launcher/core/InternalTestPlan;Ljava/util/Collection;Lorg/junit/platform/engine/CancellationToken;)V+15
j  org.junit.platform.launcher.core.DefaultLauncher.execute(Lorg/junit/platform/launcher/LauncherExecutionRequest;)V+42
j  org.junit.platform.launcher.core.DelegatingLauncher.execute(Lorg/junit/platform/launcher/LauncherExecutionRequest;)V+5
j  org.junit.platform.launcher.core.InterceptingLauncher.lambda$execute$2(Lorg/junit/platform/launcher/LauncherExecutionRequest;)Ljava/lang/Object;+2
j  org.junit.platform.launcher.core.InterceptingLauncher$$Lambda+0x00000000370ada58.proceed()Ljava/lang/Object;+8
j  org.junit.platform.launcher.core.ClasspathAlignmentCheckingLauncherInterceptor.intercept(Lorg/junit/platform/launcher/LauncherInterceptor$Invocation;)Ljava/lang/Object;+1
j  org.junit.platform.launcher.core.InterceptingLauncher.execute(Lorg/junit/platform/launcher/LauncherExecutionRequest;)V+11
j  org.junit.platform.launcher.core.DelegatingLauncher.execute(Lorg/junit/platform/launcher/LauncherExecutionRequest;)V+5
j  java.lang.invoke.LambdaForm$DMH+0x000000003708c800.invokeInterface(Ljava/lang/Object;Ljava/lang/Object;Ljava/lang/Object;)V+24 java.base@25.0.1
j  java.lang.invoke.LambdaForm$MH+0x00000000370b1800.invoke(Ljava/lang/Object;Ljava/lang/Object;Ljava/lang/Object;)Ljava/lang/Object;+52 java.base@25.0.1
j  java.lang.invoke.Invokers$Holder.invokeExact_MT(Ljava/lang/Object;Ljava/lang/Object;Ljava/lang/Object;Ljava/lang/Object;)Ljava/lang/Object;+20 java.base@25.0.1
j  jdk.internal.reflect.DirectMethodHandleAccessor.invokeImpl(Ljava/lang/Object;[Ljava/lang/Object;)Ljava/lang/Object;+55 java.base@25.0.1
j  jdk.internal.reflect.DirectMethodHandleAccessor.invoke(Ljava/lang/Object;[Ljava/lang/Object;)Ljava/lang/Object;+23 java.base@25.0.1
j  java.lang.reflect.Method.invoke(Ljava/lang/Object;[Ljava/lang/Object;)Ljava/lang/Object;+102 java.base@25.0.1
j  org.apache.maven.surefire.api.util.ReflectionUtils.invokeMethodWithArray(Ljava/lang/Object;Ljava/lang/reflect/Method;[Ljava/lang/Object;)Ljava/lang/Object;+3
j  org.apache.maven.surefire.junitplatform.LauncherAdapter.executeWithCancellationToken(Lorg/junit/platform/launcher/LauncherDiscoveryRequest;[Lorg/junit/platform/launcher/TestExecutionListener;)V+32
j  org.apache.maven.surefire.junitplatform.LauncherAdapter.execute(Lorg/junit/platform/launcher/LauncherDiscoveryRequest;[Lorg/junit/platform/launcher/TestExecutionListener;)V+19
j  org.apache.maven.surefire.junitplatform.JUnitPlatformProvider.execute(Lorg/apache/maven/surefire/junitplatform/LauncherAdapter;Lorg/apache/maven/surefire/api/util/TestsToRun;Lorg/apache/maven/surefire/junitplatform/RunListenerAdapter;)V+61
j  org.apache.maven.surefire.junitplatform.JUnitPlatformProvider.invokeAllTests(Lorg/apache/maven/surefire/junitplatform/LauncherAdapter;Lorg/apache/maven/surefire/api/util/TestsToRun;Lorg/apache/maven/surefire/junitplatform/RunListenerAdapter;)V+36
j  org.apache.maven.surefire.junitplatform.JUnitPlatformProvider.invoke(Ljava/lang/Object;)Lorg/apache/maven/surefire/api/suite/RunResult;+144
j  org.apache.maven.surefire.booter.ForkedBooter.runSuitesInProcess()V+8
j  org.apache.maven.surefire.booter.ForkedBooter.execute()V+1
j  org.apache.maven.surefire.booter.ForkedBooter.run(Lorg/apache/maven/surefire/booter/ForkedBooter;[Ljava/lang/String;)V+27
j  org.apache.maven.surefire.booter.ForkedBooter.main([Ljava/lang/String;)V+10
v  ~StubRoutines::call_stub 0x0000019b96b312ed
Lock stack of current Java thread (top to bottom):

newarray  188 newarray  [0x0000019b96b4b200, 0x0000019b96b4b2d8]  216 bytes
[MachCode]
  0x0000019b96b4b200: 8b04 2448 | 83c4 0841 | 0fb6 5501 | e805 0000 | 00e9 ab00 | 0000 4c8b | c048 8d44 | 2408 4c89 
  0x0000019b96b4b220: 6dc0 498b | cfc5 f877 | 4989 af38 | 0400 0049 | 8987 2804 | 0000 4883 | ec20 40f6 | c40f 0f84 
  0x0000019b96b4b240: 1900 0000 | 4883 ec08 | 48b8 303d | 6574 fd7f | 0000 ffd0 | 4883 c408 | e90c 0000 | 0048 b830 
  0x0000019b96b4b260: 3d65 74fd | 7f00 00ff | d048 83c4 | 2049 c787 | 2804 0000 | 0000 0000 | 49c7 8738 | 0400 0000 
  0x0000019b96b4b280: 0000 0049 | c787 3004 | 0000 0000 | 0000 c5f8 | 7749 837f | 0800 0f84 | 0500 0000 | e93f 5ffe 
  0x0000019b96b4b2a0: ff49 8b87 | 8004 0000 | 49c7 8780 | 0400 0000 | 0000 004c | 8b6d c04c | 8b75 c84e | 8d74 f500 
  0x0000019b96b4b2c0: c341 0fb6 | 5d02 4983 | c502 49ba | 80d8 f674 | fd7f 0000 | 41ff 24da 
[/MachCode]

Compiled method (c1) 8146 2937   !   3       jdk.internal.reflect.DirectMethodHandleAccessor::invoke (92 bytes)
 total in heap  [0x0000019b8fa5e108,0x0000019b8fa604f0] = 9192
 main code      [0x0000019b8fa5e200,0x0000019b8fa603b0] = 8624
 stub code      [0x0000019b8fa603b0,0x0000019b8fa604d0] = 288
 oops           [0x0000019b8fa604d0,0x0000019b8fa604f0] = 32
 mutable data [0x0000019ba8e01110,0x0000019ba8e01450] = 832
 relocation     [0x0000019ba8e01110,0x0000019ba8e013e8] = 728
 metadata       [0x0000019ba8e013e8,0x0000019ba8e01450] = 104
 immutable data [0x0000019ba8341820,0x0000019ba83428a0] = 4224
 dependencies   [0x0000019ba8341820,0x0000019ba8341840] = 32
 nul chk table  [0x0000019ba8341840,0x0000019ba83418d0] = 144
 handler table  [0x0000019ba83418d0,0x0000019ba8342020] = 1872
 scopes pcs     [0x0000019ba8342020,0x0000019ba83424c0] = 1184
 scopes data    [0x0000019ba83424c0,0x0000019ba83428a0] = 992

[Constant Pool (empty)]

[MachCode]
[Instructions begin]
  0x0000019b8fa5e200: 6666 660f | 1f84 0000 | 0000 0066 | 6666 9066 | 6690 448b | 5208 443b 

  0x0000019b8fa5e218: ;   {runtime_call Shared Runtime ic_miss_blob}
  0x0000019b8fa5e218: 5008 0f85 | c00a 1207 
[Verified Entry Point]
  0x0000019b8fa5e220: 8984 2400 | 80ff ff55 | 4881 ec30 | 0100 0090 | 4181 7f20 | 0300 0000 

  0x0000019b8fa5e238: ;   {runtime_call Stub::method_entry_barrier}
  0x0000019b8fa5e238: 7405 e861 | 8310 0748 | 8994 24a8 | 0000 004c | 8984 24b8 

  0x0000019b8fa5e24c: ;   {metadata(method data for {method} {0x00000000362c8398} 'invoke' '(Ljava/lang/Object;[Ljava/lang/Object;)Ljava/lang/Object;' in 'jdk/internal/reflect/DirectMethodHandleAccessor')}
  0x0000019b8fa5e24c: 0000 0048 | be70 b186 | a49b 0100 | 008b be90 | 0000 0083 | c702 89be | 9000 0000 | 81e7 fe07 
  0x0000019b8fa5e26c: 0000 85ff | 0f84 0b1d | 0000 488b 

  0x0000019b8fa5e278: ;   {metadata(method data for {method} {0x00000000362c8398} 'invoke' '(Ljava/lang/Object;[Ljava/lang/Object;)Ljava/lang/Object;' in 'jdk/internal/reflect/DirectMethodHandleAccessor')}
  0x0000019b8fa5e278: f248 bf70 | b186 a49b | 0100 0048 | 8387 d800 

  0x0000019b8fa5e288: ;   {metadata(method data for {method} {0x0000000036469650} 'isStatic' '()Z' in 'jdk/internal/reflect/DirectMethodHandleAccessor')}
  0x0000019b8fa5e288: 0000 0148 | beb0 ad86 | a49b 0100 | 008b be90 | 0000 0083 | c702 89be | 9000 0000 | 81e7 feff 
  0x0000019b8fa5e2a8: 1f00 85ff | 0f84 f01c | 0000 8b72 | 1081 e600 | 0200 0081 | fe00 0200 

  0x0000019b8fa5e2c0: ;   {metadata(method data for {method} {0x0000000036469650} 'isStatic' '()Z' in 'jdk/internal/reflect/DirectMethodHandleAccessor')}
  0x0000019b8fa5e2c0: 0048 beb0 | ad86 a49b | 0100 00bf | d800 0000 | 7505 bfe8 | 0000 0048 | 8b1c 3e48 | 8d5b 0148 
  0x0000019b8fa5e2e0: 891c 3e0f | 851a 0000 

  0x0000019b8fa5e2e8: ;   {metadata(method data for {method} {0x0000000036469650} 'isStatic' '()Z' in 'jdk/internal/reflect/DirectMethodHandleAccessor')}
  0x0000019b8fa5e2e8: 0048 beb0 | ad86 a49b | 0100 00ff | 86f8 0000 | 00be 0100 | 0000 e905 | 0000 00be | 0000 0000 
  0x0000019b8fa5e308: 83e6 0185 

  0x0000019b8fa5e30c: ;   {metadata(method data for {method} {0x00000000362c8398} 'invoke' '(Ljava/lang/Object;[Ljava/lang/Object;)Ljava/lang/Object;' in 'jdk/internal/reflect/DirectMethodHandleAccessor')}
  0x0000019b8fa5e30c: f648 be70 | b186 a49b | 0100 00bf | 0801 0000 | 7505 bf18 | 0100 0048 | 8b1c 3e48 | 8d5b 0148 
  0x0000019b8fa5e32c: 891c 3e4c | 898c 24b0 | 0000 000f | 8537 0000 | 0048 8bf2 

  0x0000019b8fa5e340: ;   {metadata(method data for {method} {0x00000000362c8398} 'invoke' '(Ljava/lang/Object;[Ljava/lang/Object;)Ljava/lang/Object;' in 'jdk/internal/reflect/DirectMethodHandleAccessor')}
  0x0000019b8fa5e340: 48bf 70b1 | 86a4 9b01 | 0000 4883 | 8728 0100 | 0001 498b | f04c 8bc6 | 488b fa48 

  0x0000019b8fa5e35c: ;   {optimized virtual_call}
  0x0000019b8fa5e35c: 8bd7 90e8 

  0x0000019b8fa5e360: ; ImmutableOopMap {[168]=Oop [176]=Oop [184]=Oop }
                      ;*invokevirtual checkReceiver {reexecute=0 rethrow=0 return_oop=0}
                      ; - jdk.internal.reflect.DirectMethodHandleAccessor::invoke@9 (line 100)
  0x0000019b8fa5e360: bcbf 1300 

  0x0000019b8fa5e364: ;   {post_call_nop}
  0x0000019b8fa5e364: 0f1f 8400 | 5c02 0000 | 488b 9424 | a800 0000 | 448b 420c 

  0x0000019b8fa5e378: ;   {metadata(method data for {method} {0x00000000362c8398} 'invoke' '(Ljava/lang/Object;[Ljava/lang/Object;)Ljava/lang/Object;' in 'jdk/internal/reflect/DirectMethodHandleAccessor')}
  0x0000019b8fa5e378: 48be 70b1 | 86a4 9b01 | 0000 4883 | 8658 0100 | 0001 498b | d04c 8b84 | 24b0 0000 

  0x0000019b8fa5e394: ;   {static_call}
  0x0000019b8fa5e394: 0066 90e8 

  0x0000019b8fa5e398: ; ImmutableOopMap {[168]=Oop [176]=Oop [184]=Oop }
                      ;*invokestatic checkArgumentCount {reexecute=0 rethrow=0 return_oop=0}
                      ; - jdk.internal.reflect.DirectMethodHandleAccessor::invoke@17 (line 102)
  0x0000019b8fa5e398: 64f2 ffff 

  0x0000019b8fa5e39c: ;   {post_call_nop}
  0x0000019b8fa5e39c: 0f1f 8400 | 9402 0001 | 488b 9424 | a800 0000 

  0x0000019b8fa5e3ac: ;   {metadata(method data for {method} {0x00000000362c8398} 'invoke' '(Ljava/lang/Object;[Ljava/lang/Object;)Ljava/lang/Object;' in 'jdk/internal/reflect/DirectMethodHandleAccessor')}
  0x0000019b8fa5e3ac: 4c8b c249 | b970 b186 | a49b 0100 | 0049 8381 | 6801 0000 

  0x0000019b8fa5e3c0: ;   {metadata(method data for {method} {0x00000000364693e8} 'invokeImpl' '(Ljava/lang/Object;[Ljava/lang/Object;)Ljava/lang/Object;' in 'jdk/internal/reflect/DirectMethodHandleAccessor')}
  0x0000019b8fa5e3c0: 0149 b8a8 | b786 a49b | 0100 0045 | 8b88 9000 | 0000 4183 | c102 4589 | 8890 0000 | 0041 81e1 
  0x0000019b8fa5e3e0: feff 1f00 | 4585 c90f | 84d6 1b00 | 0044 8b42 

  0x0000019b8fa5e3f0: ;   {metadata(method data for {method} {0x00000000364693e8} 'invokeImpl' '(Ljava/lang/Object;[Ljava/lang/Object;)Ljava/lang/Object;' in 'jdk/internal/reflect/DirectMethodHandleAccessor')}
  0x0000019b8fa5e3f0: 0c49 b9a8 | b786 a49b | 0100 00bf | e000 0000 | 4585 c048 | 8bf7 bff0 | 0000 0048 | 0f45 fe41 
  0x0000019b8fa5e410: 83f8 0148 | 8bf7 bf00 | 0100 0048 | 0f45 fe41 | 83f8 0248 | 8bf7 bf10 | 0100 0048 | 0f45 fe41 
  0x0000019b8fa5e430: 83f8 0348 | 8bf7 bf20 | 0100 0048 | 0f45 fe49 | 8b34 3941 | ba01 0000 | 0049 03f2 | 4989 3439 
  0x0000019b8fa5e450: 4585 c00f | 84be 1100 | 0041 83f8 | 010f 8424 | 0b00 0041 | 83f8 020f | 8456 0400 | 0041 83f8 
  0x0000019b8fa5e470: 030f 84fe | 0100 004c | 8b8c 24b0 | 0000 004c | 8b84 24b8 | 0000 008b | 7218 660f | 1f44 0000 
  0x0000019b8fa5e490: ;   {oop(a 'java/lang/invoke/MethodType'{0x0000000089342020} = (Ljava/lang/Object;[Ljava/lang/Object;)Ljava/lang/Object;)}
  0x0000019b8fa5e490: 48bf 2020 | 3489 0000 | 0000 483b 

  0x0000019b8fa5e49c: ;   {metadata(method data for {method} {0x00000000364693e8} 'invokeImpl' '(Ljava/lang/Object;[Ljava/lang/Object;)Ljava/lang/Object;' in 'jdk/internal/reflect/DirectMethodHandleAccessor')}
  0x0000019b8fa5e49c: 0648 bba8 | b786 a49b | 0100 0048 | 8d9b 3803 | 0000 4d85 | c075 0ef6 | 4308 0175 | 4cf0 4883 
  0x0000019b8fa5e4bc: 4b08 01eb | 4441 8b40 | 0841 ba00 | 0000 3649 | 03c2 4c8b | d048 3343 | 0848 a9fc | ffff ff74 
  0x0000019b8fa5e4dc: 28a8 0275 | 2448 f743 | 08fe ffff | ff74 1649 | 8bc2 4833 | 4308 48a9 | fcff ffff | 740b 4883 
  0x0000019b8fa5e4fc: 4b08 02eb | 0448 8943 | 084d 85c9 | 750e f643 | 1801 754c | f048 834b | 1801 eb44 | 418b 4108 
  0x0000019b8fa5e51c: 41ba 0000 | 0036 4903 | c24c 8bd0 | 4833 4318 | 48a9 fcff | ffff 7428 | a802 7524 | 48f7 4318 
  0x0000019b8fa5e53c: feff ffff | 7416 498b | c248 3343 | 1848 a9fc | ffff ff74 | 0b48 834b | 1802 eb04 | 4889 4318 
  0x0000019b8fa5e55c: ;   {metadata(method data for {method} {0x00000000364693e8} 'invokeImpl' '(Ljava/lang/Object;[Ljava/lang/Object;)Ljava/lang/Object;' in 'jdk/internal/reflect/DirectMethodHandleAccessor')}
  0x0000019b8fa5e55c: 488b de48 | b8a8 b786 | a49b 0100 | 008b 5b08 | 41ba 0000 | 0036 4903 | da48 3b98 | 1003 0000 
  0x0000019b8fa5e57c: 750d 4883 | 8018 0300 | 0001 e960 | 0000 0048 | 3b98 2003 | 0000 750d | 4883 8028 | 0300 0001 
  0x0000019b8fa5e59c: e94a 0000 | 0048 83b8 | 1003 0000 | 0075 1748 | 8998 1003 | 0000 48c7 | 8018 0300 | 0001 0000 
  0x0000019b8fa5e5bc: 00e9 2900 | 0000 4883 | b820 0300 | 0000 7517 | 4889 9820 | 0300 0048 | c780 2803 | 0000 0100 
  0x0000019b8fa5e5dc: 0000 e908 | 0000 0048 | 8380 0803 | 0000 0148 

  0x0000019b8fa5e5ec: ;   {optimized virtual_call}
  0x0000019b8fa5e5ec: 8bd6 90e8 

  0x0000019b8fa5e5f0: ; ImmutableOopMap {[168]=Oop }
                      ;*invokevirtual invokeExact {reexecute=0 rethrow=0 return_oop=0}
                      ; - jdk.internal.reflect.DirectMethodHandleAccessor::invokeImpl@104 (line 158)
                      ; - jdk.internal.reflect.DirectMethodHandleAccessor::invoke@23 (line 104)
  0x0000019b8fa5e5f0: c11d 0000 

  0x0000019b8fa5e5f4: ;   {post_call_nop}
  0x0000019b8fa5e5f4: 0f1f 8400 | ec04 0002 

  0x0000019b8fa5e5fc: ;   {metadata(method data for {method} {0x00000000364693e8} 'invokeImpl' '(Ljava/lang/Object;[Ljava/lang/Object;)Ljava/lang/Object;' in 'jdk/internal/reflect/DirectMethodHandleAccessor')}
  0x0000019b8fa5e5fc: 49b8 a8b7 | 86a4 9b01 | 0000 4d8d | 8058 0300 | 0048 85c0 | 750d 41f6 | 0001 754a | f049 8308 
  0x0000019b8fa5e61c: 01eb 4344 | 8b48 0841 | ba00 0000 | 364d 03ca | 4d8b d14d | 3308 49f7 | c1fc ffff | ff74 2741 
  0x0000019b8fa5e63c: f6c1 0275 | 2149 f700 | feff ffff | 7415 4d8b | ca4d 3308 | 49f7 c1fc | ffff ff74 | 0949 8308 
  0x0000019b8fa5e65c: 02eb 034d | 8908 4881 | c430 0100 

  0x0000019b8fa5e668: ;   {poll_return}
  0x0000019b8fa5e668: 005d 493b | 6728 0f87 | 8e19 0000 | c34c 8b8c | 24b0 0000 | 004c 8b84 | 24b8 0000 | 008b 5a18 
  0x0000019b8fa5e688: ; implicit exception: dispatches to 0x0000019b8fa60018
  0x0000019b8fa5e688: 4183 790c | 000f 868f | 1900 0041 | 8b79 1041 | 8379 0c01 | 0f86 9219 | 0000 418b | 7114 4183 
  0x0000019b8fa5e6a8: 790c 020f | 8695 1900 | 0041 8b49 | 1866 6690 

  0x0000019b8fa5e6b8: ;   {oop(a 'java/lang/invoke/MethodType'{0x0000000083881898} = (Ljava/lang/Object;Ljava/lang/Object;Ljava/lang/Object;Ljava/lang/Object;)Ljava/lang/Object;)}
  0x0000019b8fa5e6b8: 48b8 9818 | 8883 0000 | 0000 483b 

  0x0000019b8fa5e6c4: ;   {metadata(method data for {method} {0x00000000364693e8} 'invokeImpl' '(Ljava/lang/Object;[Ljava/lang/Object;)Ljava/lang/Object;' in 'jdk/internal/reflect/DirectMethodHandleAccessor')}
  0x0000019b8fa5e6c4: 0349 b9a8 | b786 a49b | 0100 004d | 8d89 c002 | 0000 4d85 | c075 0f41 | f641 0801 | 7550 f049 
  0x0000019b8fa5e6e4: 8349 0801 | eb48 458b | 5808 41ba | 0000 0036 | 4d03 da4d | 8bd3 4d33 | 5908 49f7 | c3fc ffff 
  0x0000019b8fa5e704: ff74 2b41 | f6c3 0275 | 2549 f741 | 08fe ffff | ff74 174d | 8bda 4d33 | 5908 49f7 | c3fc ffff 
  0x0000019b8fa5e724: ff74 0b49 | 8349 0802 | eb04 4d89 | 5908 4885 | ff75 0f41 | f641 1801 | 7550 f049 | 8349 1801 
  0x0000019b8fa5e744: eb48 448b | 5f08 41ba | 0000 0036 | 4d03 da4d | 8bd3 4d33 | 5918 49f7 | c3fc ffff | ff74 2b41 
  0x0000019b8fa5e764: f6c3 0275 | 2549 f741 | 18fe ffff | ff74 174d | 8bda 4d33 | 5918 49f7 | c3fc ffff | ff74 0b49 
  0x0000019b8fa5e784: 8349 1802 | eb04 4d89 | 5918 4c8b 

  0x0000019b8fa5e790: ;   {metadata(method data for {method} {0x00000000364693e8} 'invokeImpl' '(Ljava/lang/Object;[Ljava/lang/Object;)Ljava/lang/Object;' in 'jdk/internal/reflect/DirectMethodHandleAccessor')}
  0x0000019b8fa5e790: cb49 bba8 | b786 a49b | 0100 0045 | 8b49 0841 | ba00 0000 | 364d 03ca | 4d3b 8b98 | 0200 0075 
  0x0000019b8fa5e7b0: 0d49 8383 | a002 0000 | 01e9 6000 | 0000 4d3b | 8ba8 0200 | 0075 0d49 | 8383 b002 | 0000 01e9 
  0x0000019b8fa5e7d0: 4a00 0000 | 4983 bb98 | 0200 0000 | 7517 4d89 | 8b98 0200 | 0049 c783 | a002 0000 | 0100 0000 
  0x0000019b8fa5e7f0: e929 0000 | 0049 83bb | a802 0000 | 0075 174d | 898b a802 | 0000 49c7 | 83b0 0200 | 0001 0000 
  0x0000019b8fa5e810: 00e9 0800 | 0000 4983 | 8390 0200 | 0001 4c8b | cf48 8bfe | 488b f148 | 8bc8 488b 

  0x0000019b8fa5e82c: ;   {optimized virtual_call}
  0x0000019b8fa5e82c: d366 90e8 

  0x0000019b8fa5e830: ; ImmutableOopMap {[168]=Oop }
                      ;*invokevirtual invokeExact {reexecute=0 rethrow=0 return_oop=0}
                      ; - jdk.internal.reflect.DirectMethodHandleAccessor::invokeImpl@92 (line 157)
                      ; - jdk.internal.reflect.DirectMethodHandleAccessor::invoke@23 (line 104)
  0x0000019b8fa5e830: 911b 0000 

  0x0000019b8fa5e834: ;   {post_call_nop}
  0x0000019b8fa5e834: 0f1f 8400 | 2c07 0003 

  0x0000019b8fa5e83c: ;   {metadata(method data for {method} {0x00000000364693e8} 'invokeImpl' '(Ljava/lang/Object;[Ljava/lang/Object;)Ljava/lang/Object;' in 'jdk/internal/reflect/DirectMethodHandleAccessor')}
  0x0000019b8fa5e83c: 48ba a8b7 | 86a4 9b01 | 0000 488d | 92e0 0200 | 0048 85c0 | 750c f602 | 0175 49f0 | 4883 0a01 
  0x0000019b8fa5e85c: eb42 8b70 | 0841 ba00 | 0000 3649 | 03f2 4c8b | d648 3332 | 48f7 c6fc | ffff ff74 | 2740 f6c6 
  0x0000019b8fa5e87c: 0275 2148 | f702 feff | ffff 7415 | 498b f248 | 3332 48f7 | c6fc ffff | ff74 0948 | 830a 02eb 
  0x0000019b8fa5e89c: 0348 8932 

  0x0000019b8fa5e8a0: ;   {metadata(method data for {method} {0x00000000364693e8} 'invokeImpl' '(Ljava/lang/Object;[Ljava/lang/Object;)Ljava/lang/Object;' in 'jdk/internal/reflect/DirectMethodHandleAccessor')}
  0x0000019b8fa5e8a0: 48ba a8b7 | 86a4 9b01 | 0000 ff82 | f002 0000 | 4881 c430 | 0100 005d 

  0x0000019b8fa5e8b8: ;   {poll_return}
  0x0000019b8fa5e8b8: 493b 6728 | 0f87 b417 | 0000 c34c | 8b8c 24b0 | 0000 004c | 8b84 24b8 | 0000 008b | 7218 4889 
  0x0000019b8fa5e8d8: b424 c800 | 0000 4183 | 790c 000f | 86ad 1700 | 0041 8b79 | 1048 89bc | 24c0 0000 | 0041 8379 
  0x0000019b8fa5e8f8: 0c01 0f86 | a817 0000 | 418b 5914 | 4889 9c24 | d000 0000 

  0x0000019b8fa5e90c: ;   {metadata(method data for {method} {0x00000000364693e8} 'invokeImpl' '(Ljava/lang/Object;[Ljava/lang/Object;)Ljava/lang/Object;' in 'jdk/internal/reflect/DirectMethodHandleAccessor')}
  0x0000019b8fa5e90c: 48b8 a8b7 | 86a4 9b01 | 0000 488d | 8048 0200 | 004d 85c0 | 750e f640 | 0801 754f | f048 8348 
  0x0000019b8fa5e92c: 0801 eb47 | 418b 4808 | 41ba 0000 | 0036 4903 | ca4c 8bd1 | 4833 4808 | 48f7 c1fc | ffff ff74 
  0x0000019b8fa5e94c: 2af6 c102 | 7525 48f7 | 4008 feff | ffff 7417 | 498b ca48 | 3348 0848 | f7c1 fcff | ffff 740b 
  0x0000019b8fa5e96c: 4883 4808 | 02eb 0448 

  0x0000019b8fa5e974: ;   {metadata(method data for {method} {0x0000019ba47d6ab8} 'invokeExact_MT' '(Ljava/lang/Object;Ljava/lang/Object;Ljava/lang/Object;Ljava/lang/Object;Ljava/lang/Object;)Ljava/lang/Object;' in 'java/lang/invoke/LambdaForm$MH+0x0000000037108c00')}
  0x0000019b8fa5e974: 8948 0848 | b820 6d7d | a49b 0100 | 0048 8d80 | 7002 0000 | 4885 f675 | 0cf6 0001 | 7548 f048 
  0x0000019b8fa5e994: 8308 01eb | 418b 4e08 | 41ba 0000 | 0036 4903 | ca4c 8bd1 | 4833 0848 | f7c1 fcff | ffff 7426 
  0x0000019b8fa5e9b4: f6c1 0275 | 2148 f700 | feff ffff | 7415 498b | ca48 3308 | 48f7 c1fc | ffff ff74 | 0948 8308 
  0x0000019b8fa5e9d4: 02eb 0348 | 8908 4d85 | c075 0ef6 | 4010 0175 | 4ff0 4883 | 4810 01eb | 4741 8b48 | 0841 ba00 
  0x0000019b8fa5e9f4: 0000 3649 | 03ca 4c8b | d148 3348 | 1048 f7c1 | fcff ffff | 742a f6c1 | 0275 2548 | f740 10fe 
  0x0000019b8fa5ea14: ffff ff74 | 1749 8bca | 4833 4810 | 48f7 c1fc | ffff ff74 | 0b48 8348 | 1002 eb04 | 4889 4810 
  0x0000019b8fa5ea34: ;   {metadata(method data for {method} {0x00000000364693e8} 'invokeImpl' '(Ljava/lang/Object;[Ljava/lang/Object;)Ljava/lang/Object;' in 'jdk/internal/reflect/DirectMethodHandleAccessor')}
  0x0000019b8fa5ea34: 48b8 a8b7 | 86a4 9b01 | 0000 4883 | 8018 0200 

  0x0000019b8fa5ea44: ;   {metadata(method data for {method} {0x0000019ba47d6ab8} 'invokeExact_MT' '(Ljava/lang/Object;Ljava/lang/Object;Ljava/lang/Object;Ljava/lang/Object;Ljava/lang/Object;)Ljava/lang/Object;' in 'java/lang/invoke/LambdaForm$MH+0x0000000037108c00')}
  0x0000019b8fa5ea44: 0001 48b8 | 206d 7da4 | 9b01 0000 | 8b88 9000 | 0000 83c1 | 0289 8890 | 0000 0081 | e1fe ff1f 
  0x0000019b8fa5ea64: 0085 c90f | 844d 1600 

  0x0000019b8fa5ea6c: ;   {metadata(method data for {method} {0x0000019ba47d6ab8} 'invokeExact_MT' '(Ljava/lang/Object;Ljava/lang/Object;Ljava/lang/Object;Ljava/lang/Object;Ljava/lang/Object;)Ljava/lang/Object;' in 'java/lang/invoke/LambdaForm$MH+0x0000000037108c00')}
  0x0000019b8fa5ea6c: 0048 b820 | 6d7d a49b | 0100 0048 | 8d80 4801 | 0000 4885 | f675 0ef6 | 4008 0175 | 4ef0 4883 
  0x0000019b8fa5ea8c: 4808 01eb | 468b 4e08 | 41ba 0000 | 0036 4903 | ca4c 8bd1 | 4833 4808 | 48f7 c1fc | ffff ff74 
  0x0000019b8fa5eaac: 2af6 c102 | 7525 48f7 | 4008 feff | ffff 7417 | 498b ca48 | 3348 0848 | f7c1 fcff | ffff 740b 
  0x0000019b8fa5eacc: 4883 4808 | 02eb 0448 

  0x0000019b8fa5ead4: ;   {metadata(method data for {method} {0x0000019ba47d6ab8} 'invokeExact_MT' '(Ljava/lang/Object;Ljava/lang/Object;Ljava/lang/Object;Ljava/lang/Object;Ljava/lang/Object;)Ljava/lang/Object;' in 'java/lang/invoke/LambdaForm$MH+0x0000000037108c00')}
  0x0000019b8fa5ead4: 8948 0848 | b820 6d7d | a49b 0100 | 0048 8380 | 3801 0000 

  0x0000019b8fa5eae8: ;   {metadata(method data for {method} {0x000000003647cce8} 'checkExactType' '(Ljava/lang/invoke/MethodHandle;Ljava/lang/invoke/MethodType;)V' in 'java/lang/invoke/Invokers')}
  0x0000019b8fa5eae8: 0148 b8a0 | 282c a49b | 0100 008b | 8890 0000 | 0083 c102 | 8988 9000 | 0000 81e1 | feff 1f00 
  0x0000019b8fa5eb08: 85c9 0f84 | cb15 0000 

  0x0000019b8fa5eb10: ; implicit exception: dispatches to 0x0000019b8fa600fc
  0x0000019b8fa5eb10: 483b 0648 

  0x0000019b8fa5eb14: ;   {metadata(method data for {method} {0x000000003647cce8} 'checkExactType' '(Ljava/lang/invoke/MethodHandle;Ljava/lang/invoke/MethodType;)V' in 'java/lang/invoke/Invokers')}
  0x0000019b8fa5eb14: 8bc6 48b9 | a028 2ca4 | 9b01 0000 | 8b40 0841 | ba00 0000 | 3649 03c2 | 483b 81e0 | 0000 0075 
  0x0000019b8fa5eb34: 0d48 8381 | e800 0000 | 01e9 6000 | 0000 483b | 81f0 0000 | 0075 0d48 | 8381 f800 | 0000 01e9 
  0x0000019b8fa5eb54: 4a00 0000 | 4883 b9e0 | 0000 0000 | 7517 4889 | 81e0 0000 | 0048 c781 | e800 0000 | 0100 0000 
  0x0000019b8fa5eb74: e929 0000 | 0048 83b9 | f000 0000 | 0075 1748 | 8981 f000 | 0000 48c7 | 81f8 0000 | 0001 0000 
  0x0000019b8fa5eb94: 00e9 0800 | 0000 4883 | 81d8 0000 | 0001 8b46 

  0x0000019b8fa5eba4: ;   {oop(a 'java/lang/invoke/MethodType'{0x0000000083881688} = (Ljava/lang/Object;Ljava/lang/Object;Ljava/lang/Object;)Ljava/lang/Object;)}
  0x0000019b8fa5eba4: 1048 b988 | 1688 8300 | 0000 0048 

  0x0000019b8fa5ebb0: ;   {metadata(method data for {method} {0x000000003647cce8} 'checkExactType' '(Ljava/lang/invoke/MethodHandle;Ljava/lang/invoke/MethodType;)V' in 'java/lang/invoke/Invokers')}
  0x0000019b8fa5ebb0: 3bc1 48b9 | a028 2ca4 | 9b01 0000 | 41b9 1801 | 0000 7506 | 41b9 0801 | 0000 4e8b | 1c09 4d8d 
  0x0000019b8fa5ebd0: 5b01 4e89 | 1c09 0f85 | d30e 0000 

  0x0000019b8fa5ebdc: ;   {metadata(method data for {method} {0x0000019ba47d6ab8} 'invokeExact_MT' '(Ljava/lang/Object;Ljava/lang/Object;Ljava/lang/Object;Ljava/lang/Object;Ljava/lang/Object;)Ljava/lang/Object;' in 'java/lang/invoke/LambdaForm$MH+0x0000000037108c00')}
  0x0000019b8fa5ebdc: 48b8 206d | 7da4 9b01 | 0000 488d | 8080 0100 | 008b 4e08 | 41ba 0000 | 0036 4903 | ca4c 8bd1 
  0x0000019b8fa5ebfc: 4833 4808 | 48f7 c1fc | ffff ff74 | 2af6 c102 | 7525 48f7 | 4008 feff | ffff 7417 | 498b ca48 
  0x0000019b8fa5ec1c: 3348 0848 | f7c1 fcff | ffff 740b | 4883 4808 | 02eb 0448 

  0x0000019b8fa5ec30: ;   {metadata(method data for {method} {0x0000019ba47d6ab8} 'invokeExact_MT' '(Ljava/lang/Object;Ljava/lang/Object;Ljava/lang/Object;Ljava/lang/Object;Ljava/lang/Object;)Ljava/lang/Object;' in 'java/lang/invoke/LambdaForm$MH+0x0000000037108c00')}
  0x0000019b8fa5ec30: 8948 0848 | b820 6d7d | a49b 0100 | 0048 8380 | 7001 0000 

  0x0000019b8fa5ec44: ;   {metadata(method data for {method} {0x000000003647cbe0} 'checkCustomized' '(Ljava/lang/invoke/MethodHandle;)V' in 'java/lang/invoke/Invokers')}
  0x0000019b8fa5ec44: 0148 b850 | 2c2c a49b | 0100 008b | 8890 0000 | 0083 c102 | 8988 9000 | 0000 81e1 | feff 1f00 
  0x0000019b8fa5ec64: 85c9 0f84 | 9514 0000 

  0x0000019b8fa5ec6c: ;   {metadata(method data for {method} {0x000000003647cbe0} 'checkCustomized' '(Ljava/lang/invoke/MethodHandle;)V' in 'java/lang/invoke/Invokers')}
  0x0000019b8fa5ec6c: 48b8 502c | 2ca4 9b01 | 0000 4883 | 80d8 0000 

  0x0000019b8fa5ec7c: ;   {metadata(method data for {method} {0x00000000361ff108} 'isCompileConstant' '(Ljava/lang/Object;)Z' in 'java/lang/invoke/MethodHandleImpl')}
  0x0000019b8fa5ec7c: 0001 48b8 | c82d 2ca4 | 9b01 0000 | 8b88 9000 | 0000 83c1 | 0289 8890 | 0000 0081 | e1fe ff1f 
  0x0000019b8fa5ec9c: 0085 c90f | 847d 1400 

  0x0000019b8fa5eca4: ;   {metadata(method data for {method} {0x000000003647cbe0} 'checkCustomized' '(Ljava/lang/invoke/MethodHandle;)V' in 'java/lang/invoke/Invokers')}
  0x0000019b8fa5eca4: 0048 b850 | 2c2c a49b | 0100 00ff | 80e8 0000 | 008b 4614 

  0x0000019b8fa5ecb8: ; implicit exception: dispatches to 0x0000019b8fa60143
  0x0000019b8fa5ecb8: 8b40 1c48 

  0x0000019b8fa5ecbc: ;   {metadata(method data for {method} {0x000000003647cbe0} 'checkCustomized' '(Ljava/lang/invoke/MethodHandle;)V' in 'java/lang/invoke/Invokers')}
  0x0000019b8fa5ecbc: 85c0 48b8 | 502c 2ca4 | 9b01 0000 | b908 0100 | 0075 05b9 | 1801 0000 | 4c8b 0c08 | 4d8d 4901 
  0x0000019b8fa5ecdc: 4c89 0c08 | 0f85 2600 

  0x0000019b8fa5ece4: ;   {metadata(method data for {method} {0x000000003647cbe0} 'checkCustomized' '(Ljava/lang/invoke/MethodHandle;)V' in 'java/lang/invoke/Invokers')}
  0x0000019b8fa5ece4: 0000 48b8 | 502c 2ca4 | 9b01 0000 | 4883 8028 | 0100 0001 | 488b d60f 

  0x0000019b8fa5ecfc: ;   {static_call}
  0x0000019b8fa5ecfc: 1f40 00e8 

  0x0000019b8fa5ed00: ; ImmutableOopMap {[168]=Oop [184]=Oop [192]=Oop [200]=Oop [208]=Oop }
                      ;*invokestatic maybeCustomize {reexecute=0 rethrow=0 return_oop=0}
                      ; - java.lang.invoke.Invokers::checkCustomized@19 (line 626)
                      ; - java.lang.invoke.LambdaForm$MH/0x0000000037108c00::invokeExact_MT@15
                      ; - jdk.internal.reflect.DirectMethodHandleAccessor::invokeImpl@72 (line 156)
                      ; - jdk.internal.reflect.DirectMethodHandleAccessor::invoke@23 (line 104)
  0x0000019b8fa5ed00: fc12 d8ff 

  0x0000019b8fa5ed04: ;   {post_call_nop}
  0x0000019b8fa5ed04: 0f1f 8400 | fc0b 0004 | 488b bc24 | c000 0000 | 4c8b 8424 | b800 0000 

  0x0000019b8fa5ed1c: ;   {metadata(method data for {method} {0x0000019ba47d6ab8} 'invokeExact_MT' '(Ljava/lang/Object;Ljava/lang/Object;Ljava/lang/Object;Ljava/lang/Object;Ljava/lang/Object;)Ljava/lang/Object;' in 'java/lang/invoke/LambdaForm$MH+0x0000000037108c00')}
  0x0000019b8fa5ed1c: 49b9 206d | 7da4 9b01 | 0000 4d8d | 89c8 0100 | 004d 85c0 | 750f 41f6 | 4108 0175 | 4ff0 4983 
  0x0000019b8fa5ed3c: 4908 01eb | 4741 8b50 | 0841 ba00 | 0000 3649 | 03d2 4c8b | d249 3351 | 0848 f7c2 | fcff ffff 
  0x0000019b8fa5ed5c: 742a f6c2 | 0275 2549 | f741 08fe | ffff ff74 | 1749 8bd2 | 4933 5108 | 48f7 c2fc | ffff ff74 
  0x0000019b8fa5ed7c: 0b49 8349 | 0802 eb04 | 4989 5108 | 4885 ff75 | 0f41 f641 | 1801 754e | f049 8349 | 1801 eb46 
  0x0000019b8fa5ed9c: 8b57 0841 | ba00 0000 | 3649 03d2 | 4c8b d249 | 3351 1848 | f7c2 fcff | ffff 742a | f6c2 0275 
  0x0000019b8fa5edbc: 2549 f741 | 18fe ffff | ff74 1749 | 8bd2 4933 | 5118 48f7 | c2fc ffff | ff74 0b49 | 8349 1802 
  0x0000019b8fa5eddc: eb04 4989 | 5118 488b | b424 c800 

  0x0000019b8fa5ede8: ;   {metadata(method data for {method} {0x0000019ba47d6ab8} 'invokeExact_MT' '(Ljava/lang/Object;Ljava/lang/Object;Ljava/lang/Object;Ljava/lang/Object;Ljava/lang/Object;)Ljava/lang/Object;' in 'java/lang/invoke/LambdaForm$MH+0x0000000037108c00')}
  0x0000019b8fa5ede8: 0000 49b9 | 206d 7da4 | 9b01 0000 | 8b76 0841 | ba00 0000 | 3649 03f2 | 493b b1a0 | 0100 0075 
  0x0000019b8fa5ee08: 0d49 8381 | a801 0000 | 01e9 6000 | 0000 493b | b1b0 0100 | 0075 0d49 | 8381 b801 | 0000 01e9 
  0x0000019b8fa5ee28: 4a00 0000 | 4983 b9a0 | 0100 0000 | 7517 4989 | b1a0 0100 | 0049 c781 | a801 0000 | 0100 0000 
  0x0000019b8fa5ee48: e929 0000 | 0049 83b9 | b001 0000 | 0075 1749 | 89b1 b001 | 0000 49c7 | 81b8 0100 | 0001 0000 
  0x0000019b8fa5ee68: 00e9 0800 | 0000 4983 | 8198 0100 | 0001 4c8b | cf48 8bbc | 24d0 0000 | 0048 8b94 | 24c8 0000 
  0x0000019b8fa5ee88: 0066 0f1f 

  0x0000019b8fa5ee8c: ;   {optimized virtual_call}
  0x0000019b8fa5ee8c: 4400 00e8 

  0x0000019b8fa5ee90: ; ImmutableOopMap {[168]=Oop }
                      ;*invokevirtual invokeBasic {reexecute=0 rethrow=0 return_oop=0}
                      ; - java.lang.invoke.LambdaForm$MH/0x0000000037108c00::invokeExact_MT@22
                      ; - jdk.internal.reflect.DirectMethodHandleAccessor::invokeImpl@72 (line 156)
                      ; - jdk.internal.reflect.DirectMethodHandleAccessor::invoke@23 (line 104)
  0x0000019b8fa5ee90: ec73 6c07 

  0x0000019b8fa5ee94: ;   {post_call_nop}
  0x0000019b8fa5ee94: 0f1f 8400 | 8c0d 0005 

  0x0000019b8fa5ee9c: ;   {metadata(method data for {method} {0x0000019ba47d6ab8} 'invokeExact_MT' '(Ljava/lang/Object;Ljava/lang/Object;Ljava/lang/Object;Ljava/lang/Object;Ljava/lang/Object;)Ljava/lang/Object;' in 'java/lang/invoke/LambdaForm$MH+0x0000000037108c00')}
  0x0000019b8fa5ee9c: 48ba 206d | 7da4 9b01 | 0000 488d | 92e8 0100 | 0048 85c0 | 750c f602 | 0175 49f0 | 4883 0a01 
  0x0000019b8fa5eebc: eb42 8b70 | 0841 ba00 | 0000 3649 | 03f2 4c8b | d648 3332 | 48f7 c6fc | ffff ff74 | 2740 f6c6 
  0x0000019b8fa5eedc: 0275 2148 | f702 feff | ffff 7415 | 498b f248 | 3332 48f7 | c6fc ffff | ff74 0948 | 830a 02eb 
  0x0000019b8fa5eefc: 0348 8932 

  0x0000019b8fa5ef00: ;   {metadata(method data for {method} {0x00000000364693e8} 'invokeImpl' '(Ljava/lang/Object;[Ljava/lang/Object;)Ljava/lang/Object;' in 'jdk/internal/reflect/DirectMethodHandleAccessor')}
  0x0000019b8fa5ef00: 48ba a8b7 | 86a4 9b01 | 0000 488d | 9268 0200 | 0048 85c0 | 750c f602 | 0175 49f0 | 4883 0a01 
  0x0000019b8fa5ef20: eb42 8b70 | 0841 ba00 | 0000 3649 | 03f2 4c8b | d648 3332 | 48f7 c6fc | ffff ff74 | 2740 f6c6 
  0x0000019b8fa5ef40: 0275 2148 | f702 feff | ffff 7415 | 498b f248 | 3332 48f7 | c6fc ffff | ff74 0948 | 830a 02eb 
  0x0000019b8fa5ef60: 0348 8932 

  0x0000019b8fa5ef64: ;   {metadata(method data for {method} {0x00000000364693e8} 'invokeImpl' '(Ljava/lang/Object;[Ljava/lang/Object;)Ljava/lang/Object;' in 'jdk/internal/reflect/DirectMethodHandleAccessor')}
  0x0000019b8fa5ef64: 48ba a8b7 | 86a4 9b01 | 0000 ff82 | 7802 0000 | 4881 c430 | 0100 005d 

  0x0000019b8fa5ef7c: ;   {poll_return}
  0x0000019b8fa5ef7c: 493b 6728 | 0f87 c211 | 0000 c34c | 8b8c 24b0 | 0000 004c | 8b84 24b8 | 0000 008b | 7218 4889 
  0x0000019b8fa5ef9c: b424 e000 | 0000 4183 | 790c 000f | 86bb 1100 | 0041 8b79 | 1048 89bc | 24d8 0000 

  0x0000019b8fa5efb8: ;   {metadata(method data for {method} {0x00000000364693e8} 'invokeImpl' '(Ljava/lang/Object;[Ljava/lang/Object;)Ljava/lang/Object;' in 'jdk/internal/reflect/DirectMethodHandleAccessor')}
  0x0000019b8fa5efb8: 0048 bba8 | b786 a49b | 0100 0048 | 8d9b d001 | 0000 4d85 | c075 0ef6 | 4308 0175 | 4cf0 4883 
  0x0000019b8fa5efd8: 4b08 01eb | 4441 8b40 | 0841 ba00 | 0000 3649 | 03c2 4c8b | d048 3343 | 0848 a9fc | ffff ff74 
  0x0000019b8fa5eff8: 28a8 0275 | 2448 f743 | 08fe ffff | ff74 1649 | 8bc2 4833 | 4308 48a9 | fcff ffff | 740b 4883 
  0x0000019b8fa5f018: 4b08 02eb | 0448 8943 

  0x0000019b8fa5f020: ;   {metadata(method data for {method} {0x0000000036213838} 'invokeExact_MT' '(Ljava/lang/Object;Ljava/lang/Object;Ljava/lang/Object;Ljava/lang/Object;)Ljava/lang/Object;' in 'java/lang/invoke/Invokers$Holder')}
  0x0000019b8fa5f020: 0848 bb60 | bb86 a49b | 0100 0048 | 8d9b 6802 | 0000 4885 | f675 0cf6 | 0301 7545 | f048 830b 
  0x0000019b8fa5f040: 01eb 3e8b | 4608 41ba | 0000 0036 | 4903 c24c | 8bd0 4833 | 0348 a9fc | ffff ff74 | 24a8 0275 
  0x0000019b8fa5f060: 2048 f703 | feff ffff | 7414 498b | c248 3303 | 48a9 fcff | ffff 7409 | 4883 0b02 | eb03 4889 
  0x0000019b8fa5f080: 034d 85c0 | 750e f643 | 1001 754c | f048 834b | 1001 eb44 | 418b 4008 | 41ba 0000 | 0036 4903 
  0x0000019b8fa5f0a0: c24c 8bd0 | 4833 4310 | 48a9 fcff | ffff 7428 | a802 7524 | 48f7 4310 | feff ffff | 7416 498b 
  0x0000019b8fa5f0c0: c248 3343 | 1048 a9fc | ffff ff74 | 0b48 834b | 1002 eb04 | 4889 4310 

  0x0000019b8fa5f0d8: ;   {metadata(method data for {method} {0x00000000364693e8} 'invokeImpl' '(Ljava/lang/Object;[Ljava/lang/Object;)Ljava/lang/Object;' in 'jdk/internal/reflect/DirectMethodHandleAccessor')}
  0x0000019b8fa5f0d8: 48bb a8b7 | 86a4 9b01 | 0000 4883 | 83a0 0100 

  0x0000019b8fa5f0e8: ;   {metadata(method data for {method} {0x0000000036213838} 'invokeExact_MT' '(Ljava/lang/Object;Ljava/lang/Object;Ljava/lang/Object;Ljava/lang/Object;)Ljava/lang/Object;' in 'java/lang/invoke/Invokers$Holder')}
  0x0000019b8fa5f0e8: 0001 48bb | 60bb 86a4 | 9b01 0000 | 8b83 9000 | 0000 83c0 | 0289 8390 | 0000 0025 | feff 1f00 
  0x0000019b8fa5f108: 85c0 0f84 | 6a10 0000 

  0x0000019b8fa5f110: ;   {metadata(method data for {method} {0x0000000036213838} 'invokeExact_MT' '(Ljava/lang/Object;Ljava/lang/Object;Ljava/lang/Object;Ljava/lang/Object;)Ljava/lang/Object;' in 'java/lang/invoke/Invokers$Holder')}
  0x0000019b8fa5f110: 48bb 60bb | 86a4 9b01 | 0000 488d | 9b48 0100 | 0048 85f6 | 750e f643 | 0801 754b | f048 834b 
  0x0000019b8fa5f130: 0801 eb43 | 8b46 0841 | ba00 0000 | 3649 03c2 | 4c8b d048 | 3343 0848 | a9fc ffff | ff74 28a8 
  0x0000019b8fa5f150: 0275 2448 | f743 08fe | ffff ff74 | 1649 8bc2 | 4833 4308 | 48a9 fcff | ffff 740b | 4883 4b08 
  0x0000019b8fa5f170: 02eb 0448 

  0x0000019b8fa5f174: ;   {metadata(method data for {method} {0x0000000036213838} 'invokeExact_MT' '(Ljava/lang/Object;Ljava/lang/Object;Ljava/lang/Object;Ljava/lang/Object;)Ljava/lang/Object;' in 'java/lang/invoke/Invokers$Holder')}
  0x0000019b8fa5f174: 8943 0848 | bb60 bb86 | a49b 0100 | 0048 8383 | 3801 0000 

  0x0000019b8fa5f188: ;   {metadata(method data for {method} {0x000000003647cce8} 'checkExactType' '(Ljava/lang/invoke/MethodHandle;Ljava/lang/invoke/MethodType;)V' in 'java/lang/invoke/Invokers')}
  0x0000019b8fa5f188: 0148 bba0 | 282c a49b | 0100 008b | 8390 0000 | 0083 c002 | 8983 9000 | 0000 25fe | ff1f 0085 
  0x0000019b8fa5f1a8: c00f 84ec | 0f00 0048 | 3b06 488b 

  0x0000019b8fa5f1b4: ;   {metadata(method data for {method} {0x000000003647cce8} 'checkExactType' '(Ljava/lang/invoke/MethodHandle;Ljava/lang/invoke/MethodType;)V' in 'java/lang/invoke/Invokers')}
  0x0000019b8fa5f1b4: de48 b8a0 | 282c a49b | 0100 008b | 5b08 41ba | 0000 0036 | 4903 da48 | 3b98 e000 | 0000 750d 
  0x0000019b8fa5f1d4: 4883 80e8 | 0000 0001 | e960 0000 | 0048 3b98 | f000 0000 | 750d 4883 | 80f8 0000 | 0001 e94a 
  0x0000019b8fa5f1f4: 0000 0048 | 83b8 e000 | 0000 0075 | 1748 8998 | e000 0000 | 48c7 80e8 | 0000 0001 | 0000 00e9 
  0x0000019b8fa5f214: 2900 0000 | 4883 b8f0 | 0000 0000 | 7517 4889 | 98f0 0000 | 0048 c780 | f800 0000 | 0100 0000 
  0x0000019b8fa5f234: e908 0000 | 0048 8380 | d800 0000 | 018b 5e10 

  0x0000019b8fa5f244: ;   {oop(a 'java/lang/invoke/MethodType'{0x000000008387b700} = (Ljava/lang/Object;Ljava/lang/Object;)Ljava/lang/Object;)}
  0x0000019b8fa5f244: 48b8 00b7 | 8783 0000 | 0000 483b 

  0x0000019b8fa5f250: ;   {metadata(method data for {method} {0x000000003647cce8} 'checkExactType' '(Ljava/lang/invoke/MethodHandle;Ljava/lang/invoke/MethodType;)V' in 'java/lang/invoke/Invokers')}
  0x0000019b8fa5f250: d848 b8a0 | 282c a49b | 0100 00b9 | 1801 0000 | 7505 b908 | 0100 004c | 8b0c 084d | 8d49 014c 
  0x0000019b8fa5f270: 890c 080f | 85f6 0700 

  0x0000019b8fa5f278: ;   {metadata(method data for {method} {0x0000000036213838} 'invokeExact_MT' '(Ljava/lang/Object;Ljava/lang/Object;Ljava/lang/Object;Ljava/lang/Object;)Ljava/lang/Object;' in 'java/lang/invoke/Invokers$Holder')}
  0x0000019b8fa5f278: 0048 bb60 | bb86 a49b | 0100 0048 | 8d9b 8001 | 0000 8b46 | 0841 ba00 | 0000 3649 | 03c2 4c8b 
  0x0000019b8fa5f298: d048 3343 | 0848 a9fc | ffff ff74 | 28a8 0275 | 2448 f743 | 08fe ffff | ff74 1649 | 8bc2 4833 
  0x0000019b8fa5f2b8: 4308 48a9 | fcff ffff | 740b 4883 | 4b08 02eb | 0448 8943 

  0x0000019b8fa5f2cc: ;   {metadata(method data for {method} {0x0000000036213838} 'invokeExact_MT' '(Ljava/lang/Object;Ljava/lang/Object;Ljava/lang/Object;Ljava/lang/Object;)Ljava/lang/Object;' in 'java/lang/invoke/Invokers$Holder')}
  0x0000019b8fa5f2cc: 0848 bb60 | bb86 a49b | 0100 0048 | 8383 7001 

  0x0000019b8fa5f2dc: ;   {metadata(method data for {method} {0x000000003647cbe0} 'checkCustomized' '(Ljava/lang/invoke/MethodHandle;)V' in 'java/lang/invoke/Invokers')}
  0x0000019b8fa5f2dc: 0000 0148 | bb50 2c2c | a49b 0100 | 008b 8390 | 0000 0083 | c002 8983 | 9000 0000 | 25fe ff1f 
  0x0000019b8fa5f2fc: 0085 c00f | 84bc 0e00 

  0x0000019b8fa5f304: ;   {metadata(method data for {method} {0x000000003647cbe0} 'checkCustomized' '(Ljava/lang/invoke/MethodHandle;)V' in 'java/lang/invoke/Invokers')}
  0x0000019b8fa5f304: 0048 bb50 | 2c2c a49b | 0100 0048 | 8383 d800 

  0x0000019b8fa5f314: ;   {metadata(method data for {method} {0x00000000361ff108} 'isCompileConstant' '(Ljava/lang/Object;)Z' in 'java/lang/invoke/MethodHandleImpl')}
  0x0000019b8fa5f314: 0000 0148 | bbc8 2d2c | a49b 0100 | 008b 8390 | 0000 0083 | c002 8983 | 9000 0000 | 25fe ff1f 
  0x0000019b8fa5f334: 0085 c00f | 84a5 0e00 

  0x0000019b8fa5f33c: ;   {metadata(method data for {method} {0x000000003647cbe0} 'checkCustomized' '(Ljava/lang/invoke/MethodHandle;)V' in 'java/lang/invoke/Invokers')}
  0x0000019b8fa5f33c: 0048 bb50 | 2c2c a49b | 0100 00ff | 83e8 0000 | 008b 5e14 

  0x0000019b8fa5f350: ; implicit exception: dispatches to 0x0000019b8fa60203
  0x0000019b8fa5f350: 8b5b 1c48 

  0x0000019b8fa5f354: ;   {metadata(method data for {method} {0x000000003647cbe0} 'checkCustomized' '(Ljava/lang/invoke/MethodHandle;)V' in 'java/lang/invoke/Invokers')}
  0x0000019b8fa5f354: 85db 48bb | 502c 2ca4 | 9b01 0000 | b808 0100 | 0075 05b8 | 1801 0000 | 488b 0c03 | 488d 4901 
  0x0000019b8fa5f374: 4889 0c03 | 0f85 2600 

  0x0000019b8fa5f37c: ;   {metadata(method data for {method} {0x000000003647cbe0} 'checkCustomized' '(Ljava/lang/invoke/MethodHandle;)V' in 'java/lang/invoke/Invokers')}
  0x0000019b8fa5f37c: 0000 48bb | 502c 2ca4 | 9b01 0000 | 4883 8328 | 0100 0001 | 488b d60f 

  0x0000019b8fa5f394: ;   {static_call}
  0x0000019b8fa5f394: 1f40 00e8 

  0x0000019b8fa5f398: ; ImmutableOopMap {[168]=Oop [184]=Oop [216]=Oop [224]=Oop }
                      ;*invokestatic maybeCustomize {reexecute=0 rethrow=0 return_oop=0}
                      ; - java.lang.invoke.Invokers::checkCustomized@19 (line 626)
                      ; - java.lang.invoke.Invokers$Holder::invokeExact_MT@14
                      ; - jdk.internal.reflect.DirectMethodHandleAccessor::invokeImpl@55 (line 155)
                      ; - jdk.internal.reflect.DirectMethodHandleAccessor::invoke@23 (line 104)
  0x0000019b8fa5f398: 640c d8ff 

  0x0000019b8fa5f39c: ;   {post_call_nop}
  0x0000019b8fa5f39c: 0f1f 8400 | 9412 0006 | 488b bc24 | d800 0000 | 4c8b 8424 | b800 0000 

  0x0000019b8fa5f3b4: ;   {metadata(method data for {method} {0x0000000036213838} 'invokeExact_MT' '(Ljava/lang/Object;Ljava/lang/Object;Ljava/lang/Object;Ljava/lang/Object;)Ljava/lang/Object;' in 'java/lang/invoke/Invokers$Holder')}
  0x0000019b8fa5f3b4: 49b9 60bb | 86a4 9b01 | 0000 4d8d | 89c8 0100 | 004d 85c0 | 750f 41f6 | 4108 0175 | 4ff0 4983 
  0x0000019b8fa5f3d4: 4908 01eb | 4741 8b50 | 0841 ba00 | 0000 3649 | 03d2 4c8b | d249 3351 | 0848 f7c2 | fcff ffff 
  0x0000019b8fa5f3f4: 742a f6c2 | 0275 2549 | f741 08fe | ffff ff74 | 1749 8bd2 | 4933 5108 | 48f7 c2fc | ffff ff74 
  0x0000019b8fa5f414: 0b49 8349 | 0802 eb04 | 4989 5108 | 4885 ff75 | 0f41 f641 | 1801 754e | f049 8349 | 1801 eb46 
  0x0000019b8fa5f434: 8b57 0841 | ba00 0000 | 3649 03d2 | 4c8b d249 | 3351 1848 | f7c2 fcff | ffff 742a | f6c2 0275 
  0x0000019b8fa5f454: 2549 f741 | 18fe ffff | ff74 1749 | 8bd2 4933 | 5118 48f7 | c2fc ffff | ff74 0b49 | 8349 1802 
  0x0000019b8fa5f474: eb04 4989 | 5118 488b | b424 e000 

  0x0000019b8fa5f480: ;   {metadata(method data for {method} {0x0000000036213838} 'invokeExact_MT' '(Ljava/lang/Object;Ljava/lang/Object;Ljava/lang/Object;Ljava/lang/Object;)Ljava/lang/Object;' in 'java/lang/invoke/Invokers$Holder')}
  0x0000019b8fa5f480: 0000 49b9 | 60bb 86a4 | 9b01 0000 | 8b76 0841 | ba00 0000 | 3649 03f2 | 493b b1a0 | 0100 0075 
  0x0000019b8fa5f4a0: 0d49 8381 | a801 0000 | 01e9 6000 | 0000 493b | b1b0 0100 | 0075 0d49 | 8381 b801 | 0000 01e9 
  0x0000019b8fa5f4c0: 4a00 0000 | 4983 b9a0 | 0100 0000 | 7517 4989 | b1a0 0100 | 0049 c781 | a801 0000 | 0100 0000 
  0x0000019b8fa5f4e0: e929 0000 | 0049 83b9 | b001 0000 | 0075 1749 | 89b1 b001 | 0000 49c7 | 81b8 0100 | 0001 0000 
  0x0000019b8fa5f500: 00e9 0800 | 0000 4983 | 8198 0100 | 0001 4c8b | cf48 8b94 | 24e0 0000 | 0066 0f1f 

  0x0000019b8fa5f51c: ;   {optimized virtual_call}
  0x0000019b8fa5f51c: 4400 00e8 

  0x0000019b8fa5f520: ; ImmutableOopMap {[168]=Oop }
                      ;*invokevirtual invokeBasic {reexecute=0 rethrow=0 return_oop=0}
                      ; - java.lang.invoke.Invokers$Holder::invokeExact_MT@20
                      ; - jdk.internal.reflect.DirectMethodHandleAccessor::invokeImpl@55 (line 155)
                      ; - jdk.internal.reflect.DirectMethodHandleAccessor::invoke@23 (line 104)
  0x0000019b8fa5f520: 5c24 6807 

  0x0000019b8fa5f524: ;   {post_call_nop}
  0x0000019b8fa5f524: 0f1f 8400 | 1c14 0007 

  0x0000019b8fa5f52c: ;   {metadata(method data for {method} {0x0000000036213838} 'invokeExact_MT' '(Ljava/lang/Object;Ljava/lang/Object;Ljava/lang/Object;Ljava/lang/Object;)Ljava/lang/Object;' in 'java/lang/invoke/Invokers$Holder')}
  0x0000019b8fa5f52c: 48ba 60bb | 86a4 9b01 | 0000 488d | 92e8 0100 | 0048 85c0 | 750c f602 | 0175 49f0 | 4883 0a01 
  0x0000019b8fa5f54c: eb42 8b70 | 0841 ba00 | 0000 3649 | 03f2 4c8b | d648 3332 | 48f7 c6fc | ffff ff74 | 2740 f6c6 
  0x0000019b8fa5f56c: 0275 2148 | f702 feff | ffff 7415 | 498b f248 | 3332 48f7 | c6fc ffff | ff74 0948 | 830a 02eb 
  0x0000019b8fa5f58c: 0348 8932 

  0x0000019b8fa5f590: ;   {metadata(method data for {method} {0x00000000364693e8} 'invokeImpl' '(Ljava/lang/Object;[Ljava/lang/Object;)Ljava/lang/Object;' in 'jdk/internal/reflect/DirectMethodHandleAccessor')}
  0x0000019b8fa5f590: 48ba a8b7 | 86a4 9b01 | 0000 488d | 92f0 0100 | 0048 85c0 | 750c f602 | 0175 49f0 | 4883 0a01 
  0x0000019b8fa5f5b0: eb42 8b70 | 0841 ba00 | 0000 3649 | 03f2 4c8b | d648 3332 | 48f7 c6fc | ffff ff74 | 2740 f6c6 
  0x0000019b8fa5f5d0: 0275 2148 | f702 feff | ffff 7415 | 498b f248 | 3332 48f7 | c6fc ffff | ff74 0948 | 830a 02eb 
  0x0000019b8fa5f5f0: 0348 8932 

  0x0000019b8fa5f5f4: ;   {metadata(method data for {method} {0x00000000364693e8} 'invokeImpl' '(Ljava/lang/Object;[Ljava/lang/Object;)Ljava/lang/Object;' in 'jdk/internal/reflect/DirectMethodHandleAccessor')}
  0x0000019b8fa5f5f4: 48ba a8b7 | 86a4 9b01 | 0000 ff82 | 0002 0000 | 4881 c430 | 0100 005d 

  0x0000019b8fa5f60c: ;   {poll_return}
  0x0000019b8fa5f60c: 493b 6728 | 0f87 f20b | 0000 c34c | 8b84 24b8 | 0000 008b | 7218 4889 | b424 e800 

  0x0000019b8fa5f628: ;   {metadata(method data for {method} {0x00000000364693e8} 'invokeImpl' '(Ljava/lang/Object;[Ljava/lang/Object;)Ljava/lang/Object;' in 'jdk/internal/reflect/DirectMethodHandleAccessor')}
  0x0000019b8fa5f628: 0000 48bf | a8b7 86a4 | 9b01 0000 | 488d bf68 | 0100 004d | 85c0 750e | f647 0801 | 754f f048 
  0x0000019b8fa5f648: 834f 0801 | eb47 418b | 5808 41ba | 0000 0036 | 4903 da4c | 8bd3 4833 | 5f08 48f7 | c3fc ffff 
  0x0000019b8fa5f668: ff74 2af6 | c302 7525 | 48f7 4708 | feff ffff | 7417 498b | da48 335f | 0848 f7c3 | fcff ffff 
  0x0000019b8fa5f688: 740b 4883 | 4f08 02eb | 0448 895f 

  0x0000019b8fa5f694: ;   {metadata(method data for {method} {0x00000000362137e0} 'invokeExact_MT' '(Ljava/lang/Object;Ljava/lang/Object;Ljava/lang/Object;)Ljava/lang/Object;' in 'java/lang/invoke/Invokers$Holder')}
  0x0000019b8fa5f694: 0848 bf98 | ac2c a49b | 0100 0048 | 8dbf 5002 | 0000 4885 | f675 0af6 | 0701 7505 | f048 830f 
  0x0000019b8fa5f6b4: ;   {metadata(method data for {method} {0x00000000364693e8} 'invokeImpl' '(Ljava/lang/Object;[Ljava/lang/Object;)Ljava/lang/Object;' in 'jdk/internal/reflect/DirectMethodHandleAccessor')}
  0x0000019b8fa5f6b4: 0148 bfa8 | b786 a49b | 0100 0048 | 8387 3801 

  0x0000019b8fa5f6c4: ;   {metadata(method data for {method} {0x00000000362137e0} 'invokeExact_MT' '(Ljava/lang/Object;Ljava/lang/Object;Ljava/lang/Object;)Ljava/lang/Object;' in 'java/lang/invoke/Invokers$Holder')}
  0x0000019b8fa5f6c4: 0000 0148 | bf98 ac2c | a49b 0100 | 008b 9f90 | 0000 0083 | c302 899f | 9000 0000 | 81e3 feff 
  0x0000019b8fa5f6e4: 1f00 85db | 0f84 300b 

  0x0000019b8fa5f6ec: ;   {metadata(method data for {method} {0x00000000362137e0} 'invokeExact_MT' '(Ljava/lang/Object;Ljava/lang/Object;Ljava/lang/Object;)Ljava/lang/Object;' in 'java/lang/invoke/Invokers$Holder')}
  0x0000019b8fa5f6ec: 0000 48bf | 98ac 2ca4 | 9b01 0000 | 488d bf48 | 0100 0048 | 85f6 750c | f647 0801 | 7506 f048 
  0x0000019b8fa5f70c: 834f 0801 

  0x0000019b8fa5f710: ;   {metadata(method data for {method} {0x00000000362137e0} 'invokeExact_MT' '(Ljava/lang/Object;Ljava/lang/Object;Ljava/lang/Object;)Ljava/lang/Object;' in 'java/lang/invoke/Invokers$Holder')}
  0x0000019b8fa5f710: 48bf 98ac | 2ca4 9b01 | 0000 4883 | 8738 0100 

  0x0000019b8fa5f720: ;   {metadata(method data for {method} {0x000000003647cce8} 'checkExactType' '(Ljava/lang/invoke/MethodHandle;Ljava/lang/invoke/MethodType;)V' in 'java/lang/invoke/Invokers')}
  0x0000019b8fa5f720: 0001 48bf | a028 2ca4 | 9b01 0000 | 8b9f 9000 | 0000 83c3 | 0289 9f90 | 0000 0081 | e3fe ff1f 
  0x0000019b8fa5f740: 0085 db0f | 84f6 0a00 | 0048 3b06 

  0x0000019b8fa5f74c: ;   {metadata(method data for {method} {0x000000003647cce8} 'checkExactType' '(Ljava/lang/invoke/MethodHandle;Ljava/lang/invoke/MethodType;)V' in 'java/lang/invoke/Invokers')}
  0x0000019b8fa5f74c: 488b fe48 | bba0 282c | a49b 0100 | 008b 7f08 | 41ba 0000 | 0036 4903 | fa48 3bbb | e000 0000 
  0x0000019b8fa5f76c: 750d 4883 | 83e8 0000 | 0001 e960 | 0000 0048 | 3bbb f000 | 0000 750d | 4883 83f8 | 0000 0001 
  0x0000019b8fa5f78c: e94a 0000 | 0048 83bb | e000 0000 | 0075 1748 | 89bb e000 | 0000 48c7 | 83e8 0000 | 0001 0000 
  0x0000019b8fa5f7ac: 00e9 2900 | 0000 4883 | bbf0 0000 | 0000 7517 | 4889 bbf0 | 0000 0048 | c783 f800 | 0000 0100 
  0x0000019b8fa5f7cc: 0000 e908 | 0000 0048 | 8383 d800 | 0000 018b 

  0x0000019b8fa5f7dc: ;   {oop(a 'java/lang/invoke/MethodType'{0x000000008387b610} = (Ljava/lang/Object;)Ljava/lang/Object;)}
  0x0000019b8fa5f7dc: 7e10 48bb | 10b6 8783 | 0000 0000 

  0x0000019b8fa5f7e8: ;   {metadata(method data for {method} {0x000000003647cce8} 'checkExactType' '(Ljava/lang/invoke/MethodHandle;Ljava/lang/invoke/MethodType;)V' in 'java/lang/invoke/Invokers')}
  0x0000019b8fa5f7e8: 483b fb48 | bba0 282c | a49b 0100 | 00b8 1801 | 0000 7505 | b808 0100 | 0048 8b0c | 0348 8d49 
  0x0000019b8fa5f808: 0148 890c | 030f 8519 

  0x0000019b8fa5f810: ;   {metadata(method data for {method} {0x00000000362137e0} 'invokeExact_MT' '(Ljava/lang/Object;Ljava/lang/Object;Ljava/lang/Object;)Ljava/lang/Object;' in 'java/lang/invoke/Invokers$Holder')}
  0x0000019b8fa5f810: 0200 0048 | bf98 ac2c | a49b 0100 | 0048 8387 | 7001 0000 

  0x0000019b8fa5f824: ;   {metadata(method data for {method} {0x000000003647cbe0} 'checkCustomized' '(Ljava/lang/invoke/MethodHandle;)V' in 'java/lang/invoke/Invokers')}
  0x0000019b8fa5f824: 0148 bf50 | 2c2c a49b | 0100 008b | 9f90 0000 | 0083 c302 | 899f 9000 | 0000 81e3 | feff 1f00 
  0x0000019b8fa5f844: 85db 0f84 | 190a 0000 

  0x0000019b8fa5f84c: ;   {metadata(method data for {method} {0x000000003647cbe0} 'checkCustomized' '(Ljava/lang/invoke/MethodHandle;)V' in 'java/lang/invoke/Invokers')}
  0x0000019b8fa5f84c: 48bf 502c | 2ca4 9b01 | 0000 4883 | 87d8 0000 

  0x0000019b8fa5f85c: ;   {metadata(method data for {method} {0x00000000361ff108} 'isCompileConstant' '(Ljava/lang/Object;)Z' in 'java/lang/invoke/MethodHandleImpl')}
  0x0000019b8fa5f85c: 0001 48bf | c82d 2ca4 | 9b01 0000 | 8b9f 9000 | 0000 83c3 | 0289 9f90 | 0000 0081 | e3fe ff1f 
  0x0000019b8fa5f87c: 0085 db0f | 8401 0a00 

  0x0000019b8fa5f884: ;   {metadata(method data for {method} {0x000000003647cbe0} 'checkCustomized' '(Ljava/lang/invoke/MethodHandle;)V' in 'java/lang/invoke/Invokers')}
  0x0000019b8fa5f884: 0048 bf50 | 2c2c a49b | 0100 00ff | 87e8 0000 | 008b 7e14 

  0x0000019b8fa5f898: ; implicit exception: dispatches to 0x0000019b8fa602a7
  0x0000019b8fa5f898: 8b7f 1c48 

  0x0000019b8fa5f89c: ;   {metadata(method data for {method} {0x000000003647cbe0} 'checkCustomized' '(Ljava/lang/invoke/MethodHandle;)V' in 'java/lang/invoke/Invokers')}
  0x0000019b8fa5f89c: 85ff 48bf | 502c 2ca4 | 9b01 0000 | bb08 0100 | 0075 05bb | 1801 0000 | 488b 041f | 488d 4001 
  0x0000019b8fa5f8bc: 4889 041f | 0f85 2600 

  0x0000019b8fa5f8c4: ;   {metadata(method data for {method} {0x000000003647cbe0} 'checkCustomized' '(Ljava/lang/invoke/MethodHandle;)V' in 'java/lang/invoke/Invokers')}
  0x0000019b8fa5f8c4: 0000 48bf | 502c 2ca4 | 9b01 0000 | 4883 8728 | 0100 0001 | 488b d60f 

  0x0000019b8fa5f8dc: ;   {static_call}
  0x0000019b8fa5f8dc: 1f40 00e8 

  0x0000019b8fa5f8e0: ; ImmutableOopMap {[168]=Oop [184]=Oop [232]=Oop }
                      ;*invokestatic maybeCustomize {reexecute=0 rethrow=0 return_oop=0}
                      ; - java.lang.invoke.Invokers::checkCustomized@19 (line 626)
                      ; - java.lang.invoke.Invokers$Holder::invokeExact_MT@14
                      ; - jdk.internal.reflect.DirectMethodHandleAccessor::invokeImpl@41 (line 154)
                      ; - jdk.internal.reflect.DirectMethodHandleAccessor::invoke@23 (line 104)
  0x0000019b8fa5f8e0: 1c07 d8ff 

  0x0000019b8fa5f8e4: ;   {post_call_nop}
  0x0000019b8fa5f8e4: 0f1f 8400 | dc17 0008 | 488b b424 | e800 0000 

  0x0000019b8fa5f8f4: ;   {metadata(method data for {method} {0x00000000362137e0} 'invokeExact_MT' '(Ljava/lang/Object;Ljava/lang/Object;Ljava/lang/Object;)Ljava/lang/Object;' in 'java/lang/invoke/Invokers$Holder')}
  0x0000019b8fa5f8f4: 49b8 98ac | 2ca4 9b01 | 0000 8b76 | 0841 ba00 | 0000 3649 | 03f2 493b | b0a0 0100 | 0075 0d49 
  0x0000019b8fa5f914: 8380 a801 | 0000 01e9 | 6000 0000 | 493b b0b0 | 0100 0075 | 0d49 8380 | b801 0000 | 01e9 4a00 
  0x0000019b8fa5f934: 0000 4983 | b8a0 0100 | 0000 7517 | 4989 b0a0 | 0100 0049 | c780 a801 | 0000 0100 | 0000 e929 
  0x0000019b8fa5f954: 0000 0049 | 83b8 b001 | 0000 0075 | 1749 89b0 | b001 0000 | 49c7 80b8 | 0100 0001 | 0000 00e9 
  0x0000019b8fa5f974: 0800 0000 | 4983 8098 | 0100 0001 | 4c8b 8424 | b800 0000 | 488b 9424 | e800 0000 | 0f1f 8000 
  0x0000019b8fa5f994: ;   {optimized virtual_call}
  0x0000019b8fa5f994: 0000 00e8 

  0x0000019b8fa5f998: ; ImmutableOopMap {[168]=Oop }
                      ;*invokevirtual invokeBasic {reexecute=0 rethrow=0 return_oop=0}
                      ; - java.lang.invoke.Invokers$Holder::invokeExact_MT@19
                      ; - jdk.internal.reflect.DirectMethodHandleAccessor::invokeImpl@41 (line 154)
                      ; - jdk.internal.reflect.DirectMethodHandleAccessor::invoke@23 (line 104)
  0x0000019b8fa5f998: 64b0 6607 

  0x0000019b8fa5f99c: ;   {post_call_nop}
  0x0000019b8fa5f99c: 0f1f 8400 | 9418 0009 

  0x0000019b8fa5f9a4: ;   {metadata(method data for {method} {0x00000000364693e8} 'invokeImpl' '(Ljava/lang/Object;[Ljava/lang/Object;)Ljava/lang/Object;' in 'jdk/internal/reflect/DirectMethodHandleAccessor')}
  0x0000019b8fa5f9a4: 48ba a8b7 | 86a4 9b01 | 0000 488d | 9278 0100 | 0048 85c0 | 750c f602 | 0175 4af0 | 4883 0a01 
  0x0000019b8fa5f9c4: eb43 448b | 4008 41ba | 0000 0036 | 4d03 c24d | 8bd0 4c33 | 0249 f7c0 | fcff ffff | 7427 41f6 
  0x0000019b8fa5f9e4: c002 7521 | 48f7 02fe | ffff ff74 | 154d 8bc2 | 4c33 0249 | f7c0 fcff | ffff 7409 | 4883 0a02 
  0x0000019b8fa5fa04: eb03 4c89 

  0x0000019b8fa5fa08: ;   {metadata(method data for {method} {0x00000000364693e8} 'invokeImpl' '(Ljava/lang/Object;[Ljava/lang/Object;)Ljava/lang/Object;' in 'jdk/internal/reflect/DirectMethodHandleAccessor')}
  0x0000019b8fa5fa08: 0248 baa8 | b786 a49b | 0100 00ff | 8288 0100 | 0048 81c4 | 3001 0000 

  0x0000019b8fa5fa20: ;   {poll_return}
  0x0000019b8fa5fa20: 5d49 3b67 | 280f 8781 | 0800 00c3 

  0x0000019b8fa5fa2c: ;   {metadata(method data for {method} {0x000000003647cce8} 'checkExactType' '(Ljava/lang/invoke/MethodHandle;Ljava/lang/invoke/MethodType;)V' in 'java/lang/invoke/Invokers')}
  0x0000019b8fa5fa2c: 48ba a028 | 2ca4 9b01 | 0000 4883 | 8228 0100 

  0x0000019b8fa5fa3c: ;   {oop(a 'java/lang/invoke/MethodType'{0x000000008387b610} = (Ljava/lang/Object;)Ljava/lang/Object;)}
  0x0000019b8fa5fa3c: 0001 49b8 | 10b6 8783 | 0000 0000 | 488b d70f 

  0x0000019b8fa5fa4c: ;   {static_call}
  0x0000019b8fa5fa4c: 1f40 00e8 

  0x0000019b8fa5fa50: ; ImmutableOopMap {[168]=Oop [184]=Oop [232]=Oop }
                      ;*invokestatic newWrongMethodTypeException {reexecute=0 rethrow=0 return_oop=0}
                      ; - java.lang.invoke.Invokers::checkExactType@12 (line 531)
                      ; - java.lang.invoke.Invokers$Holder::invokeExact_MT@10
                      ; - jdk.internal.reflect.DirectMethodHandleAccessor::invokeImpl@41 (line 154)
                      ; - jdk.internal.reflect.DirectMethodHandleAccessor::invoke@23 (line 104)
  0x0000019b8fa5fa50: 8c01 1207 

  0x0000019b8fa5fa54: ;   {post_call_nop}
  0x0000019b8fa5fa54: 0f1f 8400 | 4c19 000a 

  0x0000019b8fa5fa5c: ; implicit exception: dispatches to 0x0000019b8fa602c2
                      ; ImmutableOopMap {rax=Oop [168]=Oop [184]=Oop [232]=Oop }
                      ;*athrow {reexecute=1 rethrow=0 return_oop=0}
                      ; - (reexecute) java.lang.invoke.Invokers::checkExactType@15 (line 531)
                      ; - java.lang.invoke.Invokers$Holder::invokeExact_MT@10
                      ; - jdk.internal.reflect.DirectMethodHandleAccessor::invokeImpl@41 (line 154)
                      ; - jdk.internal.reflect.DirectMethodHandleAccessor::invoke@23 (line 104)
                      ;   {section_word}
  0x0000019b8fa5fa5c: 483b 0048 | ba5f faa5 | 8f9b 0100 

  0x0000019b8fa5fa68: ;   {runtime_call C1 Runtime handle_exception_nofpu_blob}
  0x0000019b8fa5fa68: 00e8 f28d 

  0x0000019b8fa5fa6c: ;   {metadata(method data for {method} {0x000000003647cce8} 'checkExactType' '(Ljava/lang/invoke/MethodHandle;Ljava/lang/invoke/MethodType;)V' in 'java/lang/invoke/Invokers')}
  0x0000019b8fa5fa6c: 1f07 9048 | baa0 282c | a49b 0100 | 0048 8382 | 2801 0000 

  0x0000019b8fa5fa80: ;   {oop(a 'java/lang/invoke/MethodType'{0x000000008387b700} = (Ljava/lang/Object;Ljava/lang/Object;)Ljava/lang/Object;)}
  0x0000019b8fa5fa80: 0149 b800 | b787 8300 | 0000 0048 

  0x0000019b8fa5fa8c: ;   {static_call}
  0x0000019b8fa5fa8c: 8bd3 90e8 

  0x0000019b8fa5fa90: ; ImmutableOopMap {[168]=Oop [184]=Oop [216]=Oop [224]=Oop }
                      ;*invokestatic newWrongMethodTypeException {reexecute=0 rethrow=0 return_oop=0}
                      ; - java.lang.invoke.Invokers::checkExactType@12 (line 531)
                      ; - java.lang.invoke.Invokers$Holder::invokeExact_MT@10
                      ; - jdk.internal.reflect.DirectMethodHandleAccessor::invokeImpl@55 (line 155)
                      ; - jdk.internal.reflect.DirectMethodHandleAccessor::invoke@23 (line 104)
  0x0000019b8fa5fa90: 4c01 1207 

  0x0000019b8fa5fa94: ;   {post_call_nop}
  0x0000019b8fa5fa94: 0f1f 8400 | 8c19 000c 

  0x0000019b8fa5fa9c: ; implicit exception: dispatches to 0x0000019b8fa602c7
                      ; ImmutableOopMap {rax=Oop [168]=Oop [184]=Oop [216]=Oop [224]=Oop }
                      ;*athrow {reexecute=1 rethrow=0 return_oop=0}
                      ; - (reexecute) java.lang.invoke.Invokers::checkExactType@15 (line 531)
                      ; - java.lang.invoke.Invokers$Holder::invokeExact_MT@10
                      ; - jdk.internal.reflect.DirectMethodHandleAccessor::invokeImpl@55 (line 155)
                      ; - jdk.internal.reflect.DirectMethodHandleAccessor::invoke@23 (line 104)
                      ;   {section_word}
  0x0000019b8fa5fa9c: 483b 0048 | ba9f faa5 | 8f9b 0100 

  0x0000019b8fa5faa8: ;   {runtime_call C1 Runtime handle_exception_nofpu_blob}
  0x0000019b8fa5faa8: 00e8 b28d 

  0x0000019b8fa5faac: ;   {metadata(method data for {method} {0x000000003647cce8} 'checkExactType' '(Ljava/lang/invoke/MethodHandle;Ljava/lang/invoke/MethodType;)V' in 'java/lang/invoke/Invokers')}
  0x0000019b8fa5faac: 1f07 9048 | baa0 282c | a49b 0100 | 0048 8382 | 2801 0000 

  0x0000019b8fa5fac0: ;   {oop(a 'java/lang/invoke/MethodType'{0x0000000083881688} = (Ljava/lang/Object;Ljava/lang/Object;Ljava/lang/Object;)Ljava/lang/Object;)}
  0x0000019b8fa5fac0: 0148 b988 | 1688 8300 | 0000 0048 | 8bd0 4c8b | c166 0f1f 

  0x0000019b8fa5fad4: ;   {static_call}
  0x0000019b8fa5fad4: 4400 00e8 

  0x0000019b8fa5fad8: ; ImmutableOopMap {[168]=Oop [184]=Oop [192]=Oop [200]=Oop [208]=Oop }
                      ;*invokestatic newWrongMethodTypeException {reexecute=0 rethrow=0 return_oop=0}
                      ; - java.lang.invoke.Invokers::checkExactType@12 (line 531)
                      ; - java.lang.invoke.LambdaForm$MH/0x0000000037108c00::invokeExact_MT@11
                      ; - jdk.internal.reflect.DirectMethodHandleAccessor::invokeImpl@72 (line 156)
                      ; - jdk.internal.reflect.DirectMethodHandleAccessor::invoke@23 (line 104)
  0x0000019b8fa5fad8: 0401 1207 

  0x0000019b8fa5fadc: ;   {post_call_nop}
  0x0000019b8fa5fadc: 0f1f 8400 | d419 000e 

  0x0000019b8fa5fae4: ; implicit exception: dispatches to 0x0000019b8fa602cc
                      ; ImmutableOopMap {rax=Oop [168]=Oop [184]=Oop [192]=Oop [200]=Oop [208]=Oop }
                      ;*athrow {reexecute=1 rethrow=0 return_oop=0}
                      ; - (reexecute) java.lang.invoke.Invokers::checkExactType@15 (line 531)
                      ; - java.lang.invoke.LambdaForm$MH/0x0000000037108c00::invokeExact_MT@11
                      ; - jdk.internal.reflect.DirectMethodHandleAccessor::invokeImpl@72 (line 156)
                      ; - jdk.internal.reflect.DirectMethodHandleAccessor::invoke@23 (line 104)
                      ;   {section_word}
  0x0000019b8fa5fae4: 483b 0048 | bae7 faa5 | 8f9b 0100 

  0x0000019b8fa5faf0: ;   {runtime_call C1 Runtime handle_exception_nofpu_blob}
  0x0000019b8fa5faf0: 00e8 6a8d | 1f07 9049 | 8b87 8805 | 0000 4d33 | d24d 8997 | 8805 0000 | 4d33 d24d | 8997 9005 
  0x0000019b8fa5fb10: 0000 488b | 9424 a800 

  0x0000019b8fa5fb18: ;   {metadata(method data for {method} {0x00000000362c8398} 'invoke' '(Ljava/lang/Object;[Ljava/lang/Object;)Ljava/lang/Object;' in 'jdk/internal/reflect/DirectMethodHandleAccessor')}
  0x0000019b8fa5fb18: 0000 49b8 | 70b1 86a4 | 9b01 0000 | 4983 8008 | 0200 0001 

  0x0000019b8fa5fb2c: ;   {metadata(method data for {method} {0x0000000036469390} 'isIllegalArgument' '(Ljava/lang/RuntimeException;)Z' in 'jdk/internal/reflect/DirectMethodHandleAccessor')}
  0x0000019b8fa5fb2c: 48ba e0bd | 86a4 9b01 | 0000 448b | 8290 0000 | 0041 83c0 | 0244 8982 | 9000 0000 | 4181 e0fe 
  0x0000019b8fa5fb4c: ff1f 0045 | 85c0 0f84 | 7907 0000 

  0x0000019b8fa5fb58: ;   {oop(a 'java/lang/Class'{0x00000000ffe91b60} = 'jdk/internal/reflect/DirectMethodHandleAccessor')}
  0x0000019b8fa5fb58: 48ba 601b | e9ff 0000 | 0000 4c8b | c048 8984 | 24f0 0000 

  0x0000019b8fa5fb6c: ;   {static_call}
  0x0000019b8fa5fb6c: 0066 90e8 

  0x0000019b8fa5fb70: ; ImmutableOopMap {[240]=Oop }
                      ;*invokestatic isIllegalArgument {reexecute=0 rethrow=0 return_oop=0}
                      ; - jdk.internal.reflect.DirectMethodHandleAccessor::isIllegalArgument@3 (line 192)
                      ; - jdk.internal.reflect.DirectMethodHandleAccessor::invoke@58 (line 113)
  0x0000019b8fa5fb70: 6c00 1207 

  0x0000019b8fa5fb74: ;   {post_call_nop}
  0x0000019b8fa5fb74: 0f1f 8400 | 6c1a 0010 | 83e0 0185 

  0x0000019b8fa5fb80: ;   {metadata(method data for {method} {0x00000000362c8398} 'invoke' '(Ljava/lang/Object;[Ljava/lang/Object;)Ljava/lang/Object;' in 'jdk/internal/reflect/DirectMethodHandleAccessor')}
  0x0000019b8fa5fb80: c048 b870 | b186 a49b | 0100 00ba | 3802 0000 | 7405 ba48 | 0200 004c | 8b04 104d | 8d40 014c 
  0x0000019b8fa5fba0: 8904 100f | 8490 0200 | 00e9 eb01 | 0000 488b | 9424 a800 | 0000 498b | 8788 0500 | 004d 33d2 
  0x0000019b8fa5fbc0: 4d89 9788 | 0500 004d | 33d2 4d89 | 9790 0500 

  0x0000019b8fa5fbd0: ;   {metadata(method data for {method} {0x00000000362c8398} 'invoke' '(Ljava/lang/Object;[Ljava/lang/Object;)Ljava/lang/Object;' in 'jdk/internal/reflect/DirectMethodHandleAccessor')}
  0x0000019b8fa5fbd0: 0049 b870 | b186 a49b | 0100 0049 | 8380 9801 

  0x0000019b8fa5fbe0: ;   {metadata(method data for {method} {0x0000000036469390} 'isIllegalArgument' '(Ljava/lang/RuntimeException;)Z' in 'jdk/internal/reflect/DirectMethodHandleAccessor')}
  0x0000019b8fa5fbe0: 0000 0148 | bae0 bd86 | a49b 0100 | 0044 8b82 | 9000 0000 | 4183 c002 | 4489 8290 | 0000 0041 
  0x0000019b8fa5fc00: 81e0 feff | 1f00 4585 | c00f 84e3 

  0x0000019b8fa5fc0c: ;   {oop(a 'java/lang/Class'{0x00000000ffe91b60} = 'jdk/internal/reflect/DirectMethodHandleAccessor')}
  0x0000019b8fa5fc0c: 0600 0048 | ba60 1be9 | ff00 0000 | 004c 8bc0 | 4889 8424 | f800 0000 

  0x0000019b8fa5fc24: ;   {static_call}
  0x0000019b8fa5fc24: 6666 90e8 

  0x0000019b8fa5fc28: ; ImmutableOopMap {[248]=Oop }
                      ;*invokestatic isIllegalArgument {reexecute=0 rethrow=0 return_oop=0}
                      ; - jdk.internal.reflect.DirectMethodHandleAccessor::isIllegalArgument@3 (line 192)
                      ; - jdk.internal.reflect.DirectMethodHandleAccessor::invoke@30 (line 106)
  0x0000019b8fa5fc28: b4ff 1107 

  0x0000019b8fa5fc2c: ;   {post_call_nop}
  0x0000019b8fa5fc2c: 0f1f 8400 | 241b 0011 | 83e0 0185 

  0x0000019b8fa5fc38: ;   {metadata(method data for {method} {0x00000000362c8398} 'invoke' '(Ljava/lang/Object;[Ljava/lang/Object;)Ljava/lang/Object;' in 'jdk/internal/reflect/DirectMethodHandleAccessor')}
  0x0000019b8fa5fc38: c048 ba70 | b186 a49b | 0100 00be | c801 0000 | 7405 bed8 | 0100 0048 | 8b3c 3248 | 8d7f 0148 
  0x0000019b8fa5fc58: 893c 320f | 84a0 0000 | 000f 1f80 | 0000 0000 

  0x0000019b8fa5fc68: ;   {other}
  0x0000019b8fa5fc68: e9b5 0600 | 0000 0000 | 0000 498b | 87c8 0100 | 0048 8d78 | 2849 3bbf | d801 0000 | 0f87 a206 
  0x0000019b8fa5fc88: 0000 4989 | bfc8 0100 | 0048 c700 | 0100 0000 | 488b ca41 | ba00 0000 | 3649 2bca | 8948 0848 
  0x0000019b8fa5fca8: 33c9 8948 | 0c48 33c9 | 4889 4810 | 4889 4818 | 4889 4820 

  0x0000019b8fa5fcbc: ;   {metadata(method data for {method} {0x00000000362c8398} 'invoke' '(Ljava/lang/Object;[Ljava/lang/Object;)Ljava/lang/Object;' in 'jdk/internal/reflect/DirectMethodHandleAccessor')}
  0x0000019b8fa5fcbc: 4c8b c048 | ba70 b186 | a49b 0100 | 0048 8382 | e801 0000 

  0x0000019b8fa5fcd0: ;   {oop("argument type mismatch"{0x00000000ffe48390})}
  0x0000019b8fa5fcd0: 0149 b890 | 83e4 ff00 | 0000 0048 | 8bd0 4889 | 8424 0001 

  0x0000019b8fa5fce4: ;   {optimized virtual_call}
  0x0000019b8fa5fce4: 0000 90e8 

  0x0000019b8fa5fce8: ; ImmutableOopMap {[256]=Oop }
                      ;*invokespecial <init> {reexecute=0 rethrow=0 return_oop=0}
                      ; - jdk.internal.reflect.DirectMethodHandleAccessor::invoke@42 (line 108)
  0x0000019b8fa5fce8: f4f4 1107 

  0x0000019b8fa5fcec: ;   {post_call_nop}
  0x0000019b8fa5fcec: 0f1f 8400 | e41b 0012 | 488b 8424 | 0001 0000 | e9a2 0600 | 004c 8b84 | 24f8 0000 

  0x0000019b8fa5fd08: ;   {metadata('java/lang/reflect/InvocationTargetException')}
  0x0000019b8fa5fd08: 0048 ba20 | 2701 3700 | 0000 0049 | 8b87 c801 | 0000 488d | 7828 493b | bfd8 0100 | 000f 870e 
  0x0000019b8fa5fd28: 0600 0049 | 89bf c801 | 0000 48c7 | 0001 0000 | 0048 8bca | 41ba 0000 | 0036 492b | ca89 4808 
  0x0000019b8fa5fd48: 4833 c989 | 480c 4833 | c948 8948 | 1048 8948 | 1848 8948 | 2048 8bd0 

  0x0000019b8fa5fd60: ;   {metadata(method data for {method} {0x00000000362c8398} 'invoke' '(Ljava/lang/Object;[Ljava/lang/Object;)Ljava/lang/Object;' in 'jdk/internal/reflect/DirectMethodHandleAccessor')}
  0x0000019b8fa5fd60: 48be 70b1 | 86a4 9b01 | 0000 4883 | 86f8 0100 | 0001 488b | d048 8984 | 2408 0100 

  0x0000019b8fa5fd7c: ;   {optimized virtual_call}
  0x0000019b8fa5fd7c: 0066 90e8 

  0x0000019b8fa5fd80: ; ImmutableOopMap {[264]=Oop }
                      ;*invokespecial <init> {reexecute=0 rethrow=0 return_oop=0}
                      ; - jdk.internal.reflect.DirectMethodHandleAccessor::invoke@51 (line 110)
  0x0000019b8fa5fd80: 5cf4 1107 

  0x0000019b8fa5fd84: ;   {post_call_nop}
  0x0000019b8fa5fd84: 0f1f 8400 | 7c1c 0013 | 488b 8424 | 0801 0000 | e90a 0600 | 000f 1f80 | 0000 0000 

  0x0000019b8fa5fda0: ;   {other}
  0x0000019b8fa5fda0: e9b0 0500 | 0000 0000 | 0000 498b | 87c8 0100 | 0048 8d78 | 2849 3bbf | d801 0000 | 0f87 9d05 
  0x0000019b8fa5fdc0: 0000 4989 | bfc8 0100 | 0048 c700 | 0100 0000 | 488b ca41 | ba00 0000 | 3649 2bca | 8948 0848 
  0x0000019b8fa5fde0: 33c9 8948 | 0c48 33c9 | 4889 4810 | 4889 4818 | 4889 4820 

  0x0000019b8fa5fdf4: ;   {metadata(method data for {method} {0x00000000362c8398} 'invoke' '(Ljava/lang/Object;[Ljava/lang/Object;)Ljava/lang/Object;' in 'jdk/internal/reflect/DirectMethodHandleAccessor')}
  0x0000019b8fa5fdf4: 4c8b c048 | ba70 b186 | a49b 0100 | 0048 8382 | 5802 0000 | 014c 8b84 | 24f0 0000 | 0048 8bd0 
  0x0000019b8fa5fe14: 4889 8424 | 1001 0000 

  0x0000019b8fa5fe1c: ;   {optimized virtual_call}
  0x0000019b8fa5fe1c: 6666 90e8 

  0x0000019b8fa5fe20: ; ImmutableOopMap {[272]=Oop }
                      ;*invokespecial <init> {reexecute=0 rethrow=0 return_oop=0}
                      ; - jdk.internal.reflect.DirectMethodHandleAccessor::invoke@69 (line 114)
  0x0000019b8fa5fe20: bcf3 1107 

  0x0000019b8fa5fe24: ;   {post_call_nop}
  0x0000019b8fa5fe24: 0f1f 8400 | 1c1d 0014 | 488b 8424 | 1001 0000 | e96a 0500 | 004c 8b84 | 24f0 0000 

  0x0000019b8fa5fe40: ;   {metadata('java/lang/reflect/InvocationTargetException')}
  0x0000019b8fa5fe40: 0048 ba20 | 2701 3700 | 0000 0049 | 8b87 c801 | 0000 488d | 7828 493b | bfd8 0100 | 000f 8709 
  0x0000019b8fa5fe60: 0500 0049 | 89bf c801 | 0000 48c7 | 0001 0000 | 0048 8bca | 41ba 0000 | 0036 492b | ca89 4808 
  0x0000019b8fa5fe80: 4833 c989 | 480c 4833 | c948 8948 | 1048 8948 | 1848 8948 | 2048 8bd0 

  0x0000019b8fa5fe98: ;   {metadata(method data for {method} {0x00000000362c8398} 'invoke' '(Ljava/lang/Object;[Ljava/lang/Object;)Ljava/lang/Object;' in 'jdk/internal/reflect/DirectMethodHandleAccessor')}
  0x0000019b8fa5fe98: 48be 70b1 | 86a4 9b01 | 0000 4883 | 8668 0200 | 0001 488b | d048 8984 | 2418 0100 

  0x0000019b8fa5feb4: ;   {optimized virtual_call}
  0x0000019b8fa5feb4: 0066 90e8 

  0x0000019b8fa5feb8: ; ImmutableOopMap {[280]=Oop }
                      ;*invokespecial <init> {reexecute=0 rethrow=0 return_oop=0}
                      ; - jdk.internal.reflect.DirectMethodHandleAccessor::invoke@78 (line 116)
  0x0000019b8fa5feb8: 24f3 1107 

  0x0000019b8fa5febc: ;   {post_call_nop}
  0x0000019b8fa5febc: 0f1f 8400 | b41d 0015 | 488b 8424 | 1801 0000 | e9d2 0400 | 0049 8b87 | 8805 0000 | 4d33 d24d 
  0x0000019b8fa5fedc: 8997 8805 | 0000 4d33 | d24d 8997 | 9005 0000 

  0x0000019b8fa5feec: ;   {metadata('java/lang/reflect/InvocationTargetException')}
  0x0000019b8fa5feec: 4c8b c048 | ba20 2701 | 3700 0000 | 0049 8b87 | c801 0000 | 488d 7828 | 493b bfd8 | 0100 000f 
  0x0000019b8fa5ff0c: 8768 0400 | 0049 89bf | c801 0000 | 48c7 0001 | 0000 0048 | 8bca 41ba | 0000 0036 | 492b ca89 
  0x0000019b8fa5ff2c: 4808 4833 | c989 480c | 4833 c948 | 8948 1048 | 8948 1848 | 8948 2048 

  0x0000019b8fa5ff44: ;   {metadata(method data for {method} {0x00000000362c8398} 'invoke' '(Ljava/lang/Object;[Ljava/lang/Object;)Ljava/lang/Object;' in 'jdk/internal/reflect/DirectMethodHandleAccessor')}
  0x0000019b8fa5ff44: 8bd0 48be | 70b1 86a4 | 9b01 0000 | 4883 8678 | 0200 0001 | 488b d048 | 8984 2420 | 0100 000f 
  0x0000019b8fa5ff64: ;   {optimized virtual_call}
  0x0000019b8fa5ff64: 1f40 00e8 

  0x0000019b8fa5ff68: ; ImmutableOopMap {[288]=Oop }
                      ;*invokespecial <init> {reexecute=0 rethrow=0 return_oop=0}
                      ; - jdk.internal.reflect.DirectMethodHandleAccessor::invoke@88 (line 119)
  0x0000019b8fa5ff68: 74f2 1107 

  0x0000019b8fa5ff6c: ;   {post_call_nop}
  0x0000019b8fa5ff6c: 0f1f 8400 | 641e 0016 | 488b 8424 | 2001 0000 | e922 0400 

  0x0000019b8fa5ff80: ;   {metadata({method} {0x00000000362c8398} 'invoke' '(Ljava/lang/Object;[Ljava/lang/Object;)Ljava/lang/Object;' in 'jdk/internal/reflect/DirectMethodHandleAccessor')}
  0x0000019b8fa5ff80: 0049 ba90 | 832c 3600 | 0000 004c | 8954 2408 | 48c7 0424 | ffff ffff 

  0x0000019b8fa5ff98: ;   {runtime_call C1 Runtime counter_overflow_blob}
  0x0000019b8fa5ff98: e843 de1f 

  0x0000019b8fa5ff9c: ; ImmutableOopMap {rdx=Oop r8=Oop r9=Oop [168]=Oop [184]=Oop }
                      ;*synchronization entry
                      ; - jdk.internal.reflect.DirectMethodHandleAccessor::invoke@-1 (line 99)
  0x0000019b8fa5ff9c: 07e9 d4e2 

  0x0000019b8fa5ffa0: ;   {metadata({method} {0x0000000036469650} 'isStatic' '()Z' in 'jdk/internal/reflect/DirectMethodHandleAccessor')}
  0x0000019b8fa5ffa0: ffff 49ba | 4896 4636 | 0000 0000 | 4c89 5424 | 0848 c704 | 24ff ffff 

  0x0000019b8fa5ffb8: ;   {runtime_call C1 Runtime counter_overflow_blob}
  0x0000019b8fa5ffb8: ffe8 22de 

  0x0000019b8fa5ffbc: ; ImmutableOopMap {rdx=Oop r8=Oop r9=Oop [168]=Oop [184]=Oop }
                      ;*synchronization entry
                      ; - jdk.internal.reflect.DirectMethodHandleAccessor::isStatic@-1 (line 184)
                      ; - jdk.internal.reflect.DirectMethodHandleAccessor::invoke@1 (line 99)
  0x0000019b8fa5ffbc: 1f07 e9ef 

  0x0000019b8fa5ffc0: ;   {metadata({method} {0x00000000364693e8} 'invokeImpl' '(Ljava/lang/Object;[Ljava/lang/Object;)Ljava/lang/Object;' in 'jdk/internal/reflect/DirectMethodHandleAccessor')}
  0x0000019b8fa5ffc0: e2ff ff49 | bae0 9346 | 3600 0000 | 004c 8954 | 2408 48c7 | 0424 ffff 

  0x0000019b8fa5ffd8: ;   {runtime_call C1 Runtime counter_overflow_blob}
  0x0000019b8fa5ffd8: ffff e801 

  0x0000019b8fa5ffdc: ; ImmutableOopMap {rdx=Oop [168]=Oop [176]=Oop [184]=Oop }
                      ;*synchronization entry
                      ; - jdk.internal.reflect.DirectMethodHandleAccessor::invokeImpl@-1 (line 153)
                      ; - jdk.internal.reflect.DirectMethodHandleAccessor::invoke@23 (line 104)
  0x0000019b8fa5ffdc: de1f 07e9 | 09e4 ffff | 48bf 980a | 3288 0000 | 0000 b800 

  0x0000019b8fa5fff0: ;   {runtime_call C1 Runtime load_appendix_patching_blob}
  0x0000019b8fa5fff0: 0f05 0ae8 

  0x0000019b8fa5fff4: ; ImmutableOopMap {rdx=Oop r9=Oop r8=Oop rsi=Oop [168]=Oop [184]=Oop }
                      ;*invokevirtual invokeExact {reexecute=1 rethrow=0 return_oop=0}
                      ; - (reexecute) jdk.internal.reflect.DirectMethodHandleAccessor::invokeImpl@104 (line 158)
                      ; - jdk.internal.reflect.DirectMethodHandleAccessor::invoke@23 (line 104)
  0x0000019b8fa5fff4: 68d4 1f07 | e993 e4ff 

  0x0000019b8fa5fffc: ;   {runtime_call C1 Runtime throw_null_pointer_exception_blob}
  0x0000019b8fa5fffc: ffe8 de67 

  0x0000019b8fa60000: ; ImmutableOopMap {rdx=Oop r9=Oop r8=Oop rsi=Oop rdi=Oop [168]=Oop [184]=Oop }
                      ;*invokevirtual invokeExact {reexecute=0 rethrow=0 return_oop=0}
                      ; - jdk.internal.reflect.DirectMethodHandleAccessor::invokeImpl@104 (line 158)
                      ; - jdk.internal.reflect.DirectMethodHandleAccessor::invoke@23 (line 104)
                      ;   {internal_word}
  0x0000019b8fa60000: 1f07 49ba | 6ae6 a58f | 9b01 0000 | 4d89 97e0 

  0x0000019b8fa60010: ;   {runtime_call SafepointBlob}
  0x0000019b8fa60010: 0400 00e9 | 4822 1207 

  0x0000019b8fa60018: ;   {runtime_call C1 Runtime throw_null_pointer_exception_blob}
  0x0000019b8fa60018: e8c3 671f 

  0x0000019b8fa6001c: ; ImmutableOopMap {rdx=Oop r9=Oop r8=Oop rbx=Oop [168]=Oop [184]=Oop }
                      ;*aaload {reexecute=0 rethrow=0 return_oop=0}
                      ; - jdk.internal.reflect.DirectMethodHandleAccessor::invokeImpl@85 (line 157)
                      ; - jdk.internal.reflect.DirectMethodHandleAccessor::invoke@23 (line 104)
                      ;   {runtime_call C1 Runtime throw_null_pointer_exception_blob}
  0x0000019b8fa6001c: 07e8 be67 

  0x0000019b8fa60020: ; ImmutableOopMap {rdx=Oop r9=Oop r8=Oop rbx=Oop [168]=Oop [184]=Oop }
                      ;*aaload {reexecute=0 rethrow=0 return_oop=0}
                      ; - jdk.internal.reflect.DirectMethodHandleAccessor::invokeImpl@85 (line 157)
                      ; - jdk.internal.reflect.DirectMethodHandleAccessor::invoke@23 (line 104)
  0x0000019b8fa60020: 1f07 48c7 | 0424 0000 | 0000 4c89 

  0x0000019b8fa6002c: ;   {runtime_call C1 Runtime throw_range_check_failed_blob}
  0x0000019b8fa6002c: 4c24 08e8 

  0x0000019b8fa60030: ; ImmutableOopMap {rdx=Oop r9=Oop r8=Oop rbx=Oop [168]=Oop [184]=Oop }
                      ;*aaload {reexecute=0 rethrow=0 return_oop=0}
                      ; - jdk.internal.reflect.DirectMethodHandleAccessor::invokeImpl@85 (line 157)
                      ; - jdk.internal.reflect.DirectMethodHandleAccessor::invoke@23 (line 104)
  0x0000019b8fa60030: 2c55 1f07 | 48c7 0424 | 0100 0000 | 4c89 4c24 

  0x0000019b8fa60040: ;   {runtime_call C1 Runtime throw_range_check_failed_blob}
  0x0000019b8fa60040: 08e8 1a55 

  0x0000019b8fa60044: ; ImmutableOopMap {rdx=Oop r9=Oop r8=Oop rbx=Oop rdi=Oop [168]=Oop [184]=Oop }
                      ;*aaload {reexecute=0 rethrow=0 return_oop=0}
                      ; - jdk.internal.reflect.DirectMethodHandleAccessor::invokeImpl@88 (line 157)
                      ; - jdk.internal.reflect.DirectMethodHandleAccessor::invoke@23 (line 104)
  0x0000019b8fa60044: 1f07 48c7 | 0424 0200 | 0000 4c89 

  0x0000019b8fa60050: ;   {runtime_call C1 Runtime throw_range_check_failed_blob}
  0x0000019b8fa60050: 4c24 08e8 

  0x0000019b8fa60054: ; ImmutableOopMap {rdx=Oop r9=Oop r8=Oop rbx=Oop rdi=Oop rsi=Oop [168]=Oop [184]=Oop }
                      ;*aaload {reexecute=0 rethrow=0 return_oop=0}
                      ; - jdk.internal.reflect.DirectMethodHandleAccessor::invokeImpl@91 (line 157)
                      ; - jdk.internal.reflect.DirectMethodHandleAccessor::invoke@23 (line 104)
  0x0000019b8fa60054: 0855 1f07 | 48b8 502d | 7089 0000 | 0000 b800 

  0x0000019b8fa60064: ;   {runtime_call C1 Runtime load_appendix_patching_blob}
  0x0000019b8fa60064: 0f05 0ae8 

  0x0000019b8fa60068: ; ImmutableOopMap {rdx=Oop r8=Oop rbx=Oop rdi=Oop rsi=Oop rcx=Oop [168]=Oop [184]=Oop }
                      ;*invokevirtual invokeExact {reexecute=1 rethrow=0 return_oop=0}
                      ; - (reexecute) jdk.internal.reflect.DirectMethodHandleAccessor::invokeImpl@92 (line 157)
                      ; - jdk.internal.reflect.DirectMethodHandleAccessor::invoke@23 (line 104)
  0x0000019b8fa60068: f4d3 1f07 | e947 e6ff 

  0x0000019b8fa60070: ;   {runtime_call C1 Runtime throw_null_pointer_exception_blob}
  0x0000019b8fa60070: ffe8 6a67 

  0x0000019b8fa60074: ; ImmutableOopMap {rdx=Oop r8=Oop rbx=Oop rdi=Oop rsi=Oop rcx=Oop rax=Oop [168]=Oop [184]=Oop }
                      ;*invokevirtual invokeExact {reexecute=0 rethrow=0 return_oop=0}
                      ; - jdk.internal.reflect.DirectMethodHandleAccessor::invokeImpl@92 (line 157)
                      ; - jdk.internal.reflect.DirectMethodHandleAccessor::invoke@23 (line 104)
                      ;   {internal_word}
  0x0000019b8fa60074: 1f07 49ba | b8e8 a58f | 9b01 0000 | 4d89 97e0 

  0x0000019b8fa60084: ;   {runtime_call SafepointBlob}
  0x0000019b8fa60084: 0400 00e9 | d421 1207 

  0x0000019b8fa6008c: ;   {runtime_call C1 Runtime throw_null_pointer_exception_blob}
  0x0000019b8fa6008c: e84f 671f 

  0x0000019b8fa60090: ; ImmutableOopMap {rdx=Oop r9=Oop r8=Oop rsi=Oop [168]=Oop [184]=Oop [200]=Oop }
                      ;*aaload {reexecute=0 rethrow=0 return_oop=0}
                      ; - jdk.internal.reflect.DirectMethodHandleAccessor::invokeImpl@68 (line 156)
                      ; - jdk.internal.reflect.DirectMethodHandleAccessor::invoke@23 (line 104)
                      ;   {runtime_call C1 Runtime throw_null_pointer_exception_blob}
  0x0000019b8fa60090: 07e8 4a67 

  0x0000019b8fa60094: ; ImmutableOopMap {rdx=Oop r9=Oop r8=Oop rsi=Oop [168]=Oop [184]=Oop [200]=Oop }
                      ;*aaload {reexecute=0 rethrow=0 return_oop=0}
                      ; - jdk.internal.reflect.DirectMethodHandleAccessor::invokeImpl@68 (line 156)
                      ; - jdk.internal.reflect.DirectMethodHandleAccessor::invoke@23 (line 104)
  0x0000019b8fa60094: 1f07 48c7 | 0424 0000 | 0000 4c89 

  0x0000019b8fa600a0: ;   {runtime_call C1 Runtime throw_range_check_failed_blob}
  0x0000019b8fa600a0: 4c24 08e8 

  0x0000019b8fa600a4: ; ImmutableOopMap {rdx=Oop r9=Oop r8=Oop rsi=Oop [168]=Oop [184]=Oop [200]=Oop }
                      ;*aaload {reexecute=0 rethrow=0 return_oop=0}
                      ; - jdk.internal.reflect.DirectMethodHandleAccessor::invokeImpl@68 (line 156)
                      ; - jdk.internal.reflect.DirectMethodHandleAccessor::invoke@23 (line 104)
  0x0000019b8fa600a4: b854 1f07 | 48c7 0424 | 0100 0000 | 4c89 4c24 

  0x0000019b8fa600b4: ;   {runtime_call C1 Runtime throw_range_check_failed_blob}
  0x0000019b8fa600b4: 08e8 a654 

  0x0000019b8fa600b8: ; ImmutableOopMap {rdx=Oop r9=Oop r8=Oop rsi=Oop rdi=Oop [168]=Oop [184]=Oop [192]=Oop [200]=Oop }
                      ;*aaload {reexecute=0 rethrow=0 return_oop=0}
                      ; - jdk.internal.reflect.DirectMethodHandleAccessor::invokeImpl@71 (line 156)
                      ; - jdk.internal.reflect.DirectMethodHandleAccessor::invoke@23 (line 104)
                      ;   {metadata({method} {0x0000019ba47d6ab8} 'invokeExact_MT' '(Ljava/lang/Object;Ljava/lang/Object;Ljava/lang/Object;Ljava/lang/Object;Ljava/lang/Object;)Ljava/lang/Object;' in 'java/lang/invoke/LambdaForm$MH+0x0000000037108c00')}
  0x0000019b8fa600b8: 1f07 49ba | b06a 7da4 | 9b01 0000 | 4c89 5424 | 0848 c704 | 24ff ffff 

  0x0000019b8fa600d0: ;   {runtime_call C1 Runtime counter_overflow_blob}
  0x0000019b8fa600d0: ffe8 0add 

  0x0000019b8fa600d4: ; ImmutableOopMap {rdx=Oop r8=Oop rsi=Oop rdi=Oop rbx=Oop [168]=Oop [184]=Oop [192]=Oop [200]=Oop [208]=Oop }
                      ;*synchronization entry
                      ; - java.lang.invoke.LambdaForm$MH/0x0000000037108c00::invokeExact_MT@-1
                      ; - jdk.internal.reflect.DirectMethodHandleAccessor::invokeImpl@72 (line 156)
                      ; - jdk.internal.reflect.DirectMethodHandleAccessor::invoke@23 (line 104)
  0x0000019b8fa600d4: 1f07 e992 

  0x0000019b8fa600d8: ;   {metadata({method} {0x000000003647cce8} 'checkExactType' '(Ljava/lang/invoke/MethodHandle;Ljava/lang/invoke/MethodType;)V' in 'java/lang/invoke/Invokers')}
  0x0000019b8fa600d8: e9ff ff49 | bae0 cc47 | 3600 0000 | 004c 8954 | 2408 48c7 | 0424 ffff 

  0x0000019b8fa600f0: ;   {runtime_call C1 Runtime counter_overflow_blob}
  0x0000019b8fa600f0: ffff e8e9 

  0x0000019b8fa600f4: ; ImmutableOopMap {rdx=Oop r8=Oop rsi=Oop rdi=Oop rbx=Oop [168]=Oop [184]=Oop [192]=Oop [200]=Oop [208]=Oop }
                      ;*synchronization entry
                      ; - java.lang.invoke.Invokers::checkExactType@-1 (line 529)
                      ; - java.lang.invoke.LambdaForm$MH/0x0000000037108c00::invokeExact_MT@11
                      ; - jdk.internal.reflect.DirectMethodHandleAccessor::invokeImpl@72 (line 156)
                      ; - jdk.internal.reflect.DirectMethodHandleAccessor::invoke@23 (line 104)
  0x0000019b8fa600f4: dc1f 07e9 | 14ea ffff 

  0x0000019b8fa600fc: ;   {runtime_call C1 Runtime throw_null_pointer_exception_blob}
  0x0000019b8fa600fc: e8df 661f 

  0x0000019b8fa60100: ; ImmutableOopMap {rdx=Oop r8=Oop rsi=Oop rdi=Oop rbx=Oop [168]=Oop [184]=Oop [192]=Oop [200]=Oop [208]=Oop }
                      ;*invokevirtual type {reexecute=0 rethrow=0 return_oop=0}
                      ; - java.lang.invoke.Invokers::checkExactType@1 (line 529)
                      ; - java.lang.invoke.LambdaForm$MH/0x0000000037108c00::invokeExact_MT@11
                      ; - jdk.internal.reflect.DirectMethodHandleAccessor::invokeImpl@72 (line 156)
                      ; - jdk.internal.reflect.DirectMethodHandleAccessor::invoke@23 (line 104)
                      ;   {metadata({method} {0x000000003647cbe0} 'checkCustomized' '(Ljava/lang/invoke/MethodHandle;)V' in 'java/lang/invoke/Invokers')}
  0x0000019b8fa60100: 0749 bad8 | cb47 3600 | 0000 004c | 8954 2408 | 48c7 0424 | ffff ffff 

  0x0000019b8fa60118: ;   {runtime_call C1 Runtime counter_overflow_blob}
  0x0000019b8fa60118: e8c3 dc1f 

  0x0000019b8fa6011c: ; ImmutableOopMap {rdx=Oop r8=Oop rsi=Oop rdi=Oop rbx=Oop [168]=Oop [184]=Oop [192]=Oop [200]=Oop [208]=Oop }
                      ;*synchronization entry
                      ; - java.lang.invoke.Invokers::checkCustomized@-1 (line 622)
                      ; - java.lang.invoke.LambdaForm$MH/0x0000000037108c00::invokeExact_MT@15
                      ; - jdk.internal.reflect.DirectMethodHandleAccessor::invokeImpl@72 (line 156)
                      ; - jdk.internal.reflect.DirectMethodHandleAccessor::invoke@23 (line 104)
  0x0000019b8fa6011c: 07e9 4aeb 

  0x0000019b8fa60120: ;   {metadata({method} {0x00000000361ff108} 'isCompileConstant' '(Ljava/lang/Object;)Z' in 'java/lang/invoke/MethodHandleImpl')}
  0x0000019b8fa60120: ffff 49ba | 00f1 1f36 | 0000 0000 | 4c89 5424 | 0848 c704 | 24ff ffff 

  0x0000019b8fa60138: ;   {runtime_call C1 Runtime counter_overflow_blob}
  0x0000019b8fa60138: ffe8 a2dc 

  0x0000019b8fa6013c: ; ImmutableOopMap {rdx=Oop r8=Oop rsi=Oop rdi=Oop rbx=Oop [168]=Oop [184]=Oop [192]=Oop [200]=Oop [208]=Oop }
                      ;*synchronization entry
                      ; - java.lang.invoke.MethodHandleImpl::isCompileConstant@-1 (line 625)
                      ; - java.lang.invoke.Invokers::checkCustomized@1 (line 622)
                      ; - java.lang.invoke.LambdaForm$MH/0x0000000037108c00::invokeExact_MT@15
                      ; - jdk.internal.reflect.DirectMethodHandleAccessor::invokeImpl@72 (line 156)
                      ; - jdk.internal.reflect.DirectMethodHandleAccessor::invoke@23 (line 104)
  0x0000019b8fa6013c: 1f07 e962 

  0x0000019b8fa60140: ;   {runtime_call C1 Runtime throw_null_pointer_exception_blob}
  0x0000019b8fa60140: ebff ffe8 

  0x0000019b8fa60144: ; ImmutableOopMap {rdx=Oop r8=Oop rsi=Oop rdi=Oop rbx=Oop [168]=Oop [184]=Oop [192]=Oop [200]=Oop [208]=Oop }
                      ;*getfield customized {reexecute=1 rethrow=0 return_oop=0}
                      ; - (reexecute) java.lang.invoke.Invokers::checkCustomized@12 (line 625)
                      ; - java.lang.invoke.LambdaForm$MH/0x0000000037108c00::invokeExact_MT@15
                      ; - jdk.internal.reflect.DirectMethodHandleAccessor::invokeImpl@72 (line 156)
                      ; - jdk.internal.reflect.DirectMethodHandleAccessor::invoke@23 (line 104)
  0x0000019b8fa60144: 9866 1f07 

  0x0000019b8fa60148: ;   {internal_word}
  0x0000019b8fa60148: 49ba 7cef | a58f 9b01 | 0000 4d89 | 97e0 0400 

  0x0000019b8fa60158: ;   {runtime_call SafepointBlob}
  0x0000019b8fa60158: 00e9 0221 

  0x0000019b8fa6015c: ;   {runtime_call C1 Runtime throw_null_pointer_exception_blob}
  0x0000019b8fa6015c: 1207 e87d 

  0x0000019b8fa60160: ; ImmutableOopMap {rdx=Oop r9=Oop r8=Oop rsi=Oop [168]=Oop [184]=Oop [224]=Oop }
                      ;*aaload {reexecute=0 rethrow=0 return_oop=0}
                      ; - jdk.internal.reflect.DirectMethodHandleAccessor::invokeImpl@54 (line 155)
                      ; - jdk.internal.reflect.DirectMethodHandleAccessor::invoke@23 (line 104)
                      ;   {runtime_call C1 Runtime throw_null_pointer_exception_blob}
  0x0000019b8fa60160: 661f 07e8 

  0x0000019b8fa60164: ; ImmutableOopMap {rdx=Oop r9=Oop r8=Oop rsi=Oop [168]=Oop [184]=Oop [224]=Oop }
                      ;*aaload {reexecute=0 rethrow=0 return_oop=0}
                      ; - jdk.internal.reflect.DirectMethodHandleAccessor::invokeImpl@54 (line 155)
                      ; - jdk.internal.reflect.DirectMethodHandleAccessor::invoke@23 (line 104)
  0x0000019b8fa60164: 7866 1f07 | 48c7 0424 | 0000 0000 | 4c89 4c24 

  0x0000019b8fa60174: ;   {runtime_call C1 Runtime throw_range_check_failed_blob}
  0x0000019b8fa60174: 08e8 e653 

  0x0000019b8fa60178: ; ImmutableOopMap {rdx=Oop r9=Oop r8=Oop rsi=Oop [168]=Oop [184]=Oop [224]=Oop }
                      ;*aaload {reexecute=0 rethrow=0 return_oop=0}
                      ; - jdk.internal.reflect.DirectMethodHandleAccessor::invokeImpl@54 (line 155)
                      ; - jdk.internal.reflect.DirectMethodHandleAccessor::invoke@23 (line 104)
                      ;   {metadata({method} {0x0000000036213838} 'invokeExact_MT' '(Ljava/lang/Object;Ljava/lang/Object;Ljava/lang/Object;Ljava/lang/Object;)Ljava/lang/Object;' in 'java/lang/invoke/Invokers$Holder')}
  0x0000019b8fa60178: 1f07 49ba | 3038 2136 | 0000 0000 | 4c89 5424 | 0848 c704 | 24ff ffff 

  0x0000019b8fa60190: ;   {runtime_call C1 Runtime counter_overflow_blob}
  0x0000019b8fa60190: ffe8 4adc 

  0x0000019b8fa60194: ; ImmutableOopMap {rdx=Oop r8=Oop rsi=Oop rdi=Oop [168]=Oop [184]=Oop [216]=Oop [224]=Oop }
                      ;*synchronization entry
                      ; - java.lang.invoke.Invokers$Holder::invokeExact_MT@-1
                      ; - jdk.internal.reflect.DirectMethodHandleAccessor::invokeImpl@55 (line 155)
                      ; - jdk.internal.reflect.DirectMethodHandleAccessor::invoke@23 (line 104)
  0x0000019b8fa60194: 1f07 e975 

  0x0000019b8fa60198: ;   {metadata({method} {0x000000003647cce8} 'checkExactType' '(Ljava/lang/invoke/MethodHandle;Ljava/lang/invoke/MethodType;)V' in 'java/lang/invoke/Invokers')}
  0x0000019b8fa60198: efff ff49 | bae0 cc47 | 3600 0000 | 004c 8954 | 2408 48c7 | 0424 ffff 

  0x0000019b8fa601b0: ;   {runtime_call C1 Runtime counter_overflow_blob}
  0x0000019b8fa601b0: ffff e829 

  0x0000019b8fa601b4: ; ImmutableOopMap {rdx=Oop r8=Oop rsi=Oop rdi=Oop [168]=Oop [184]=Oop [216]=Oop [224]=Oop }
                      ;*synchronization entry
                      ; - java.lang.invoke.Invokers::checkExactType@-1 (line 529)
                      ; - java.lang.invoke.Invokers$Holder::invokeExact_MT@10
                      ; - jdk.internal.reflect.DirectMethodHandleAccessor::invokeImpl@55 (line 155)
                      ; - jdk.internal.reflect.DirectMethodHandleAccessor::invoke@23 (line 104)
  0x0000019b8fa601b4: dc1f 07e9 | f3ef ffff 

  0x0000019b8fa601bc: ;   {runtime_call C1 Runtime throw_null_pointer_exception_blob}
  0x0000019b8fa601bc: e81f 661f 

  0x0000019b8fa601c0: ; ImmutableOopMap {rdx=Oop r8=Oop rsi=Oop rdi=Oop [168]=Oop [184]=Oop [216]=Oop [224]=Oop }
                      ;*invokevirtual type {reexecute=0 rethrow=0 return_oop=0}
                      ; - java.lang.invoke.Invokers::checkExactType@1 (line 529)
                      ; - java.lang.invoke.Invokers$Holder::invokeExact_MT@10
                      ; - jdk.internal.reflect.DirectMethodHandleAccessor::invokeImpl@55 (line 155)
                      ; - jdk.internal.reflect.DirectMethodHandleAccessor::invoke@23 (line 104)
                      ;   {metadata({method} {0x000000003647cbe0} 'checkCustomized' '(Ljava/lang/invoke/MethodHandle;)V' in 'java/lang/invoke/Invokers')}
  0x0000019b8fa601c0: 0749 bad8 | cb47 3600 | 0000 004c | 8954 2408 | 48c7 0424 | ffff ffff 

  0x0000019b8fa601d8: ;   {runtime_call C1 Runtime counter_overflow_blob}
  0x0000019b8fa601d8: e803 dc1f 

  0x0000019b8fa601dc: ; ImmutableOopMap {rdx=Oop r8=Oop rsi=Oop rdi=Oop [168]=Oop [184]=Oop [216]=Oop [224]=Oop }
                      ;*synchronization entry
                      ; - java.lang.invoke.Invokers::checkCustomized@-1 (line 622)
                      ; - java.lang.invoke.Invokers$Holder::invokeExact_MT@14
                      ; - jdk.internal.reflect.DirectMethodHandleAccessor::invokeImpl@55 (line 155)
                      ; - jdk.internal.reflect.DirectMethodHandleAccessor::invoke@23 (line 104)
  0x0000019b8fa601dc: 07e9 23f1 

  0x0000019b8fa601e0: ;   {metadata({method} {0x00000000361ff108} 'isCompileConstant' '(Ljava/lang/Object;)Z' in 'java/lang/invoke/MethodHandleImpl')}
  0x0000019b8fa601e0: ffff 49ba | 00f1 1f36 | 0000 0000 | 4c89 5424 | 0848 c704 | 24ff ffff 

  0x0000019b8fa601f8: ;   {runtime_call C1 Runtime counter_overflow_blob}
  0x0000019b8fa601f8: ffe8 e2db 

  0x0000019b8fa601fc: ; ImmutableOopMap {rdx=Oop r8=Oop rsi=Oop rdi=Oop [168]=Oop [184]=Oop [216]=Oop [224]=Oop }
                      ;*synchronization entry
                      ; - java.lang.invoke.MethodHandleImpl::isCompileConstant@-1 (line 625)
                      ; - java.lang.invoke.Invokers::checkCustomized@1 (line 622)
                      ; - java.lang.invoke.Invokers$Holder::invokeExact_MT@14
                      ; - jdk.internal.reflect.DirectMethodHandleAccessor::invokeImpl@55 (line 155)
                      ; - jdk.internal.reflect.DirectMethodHandleAccessor::invoke@23 (line 104)
  0x0000019b8fa601fc: 1f07 e93a 

  0x0000019b8fa60200: ;   {runtime_call C1 Runtime throw_null_pointer_exception_blob}
  0x0000019b8fa60200: f1ff ffe8 

  0x0000019b8fa60204: ; ImmutableOopMap {rdx=Oop r8=Oop rsi=Oop rdi=Oop [168]=Oop [184]=Oop [216]=Oop [224]=Oop }
                      ;*getfield customized {reexecute=1 rethrow=0 return_oop=0}
                      ; - (reexecute) java.lang.invoke.Invokers::checkCustomized@12 (line 625)
                      ; - java.lang.invoke.Invokers$Holder::invokeExact_MT@14
                      ; - jdk.internal.reflect.DirectMethodHandleAccessor::invokeImpl@55 (line 155)
                      ; - jdk.internal.reflect.DirectMethodHandleAccessor::invoke@23 (line 104)
  0x0000019b8fa60204: d865 1f07 

  0x0000019b8fa60208: ;   {internal_word}
  0x0000019b8fa60208: 49ba 0cf6 | a58f 9b01 | 0000 4d89 | 97e0 0400 

  0x0000019b8fa60218: ;   {runtime_call SafepointBlob}
  0x0000019b8fa60218: 00e9 4220 

  0x0000019b8fa6021c: ;   {metadata({method} {0x00000000362137e0} 'invokeExact_MT' '(Ljava/lang/Object;Ljava/lang/Object;Ljava/lang/Object;)Ljava/lang/Object;' in 'java/lang/invoke/Invokers$Holder')}
  0x0000019b8fa6021c: 1207 49ba | d837 2136 | 0000 0000 | 4c89 5424 | 0848 c704 | 24ff ffff 

  0x0000019b8fa60234: ;   {runtime_call C1 Runtime counter_overflow_blob}
  0x0000019b8fa60234: ffe8 a6db 

  0x0000019b8fa60238: ; ImmutableOopMap {rdx=Oop r8=Oop rsi=Oop [168]=Oop [184]=Oop [232]=Oop }
                      ;*synchronization entry
                      ; - java.lang.invoke.Invokers$Holder::invokeExact_MT@-1
                      ; - jdk.internal.reflect.DirectMethodHandleAccessor::invokeImpl@41 (line 154)
                      ; - jdk.internal.reflect.DirectMethodHandleAccessor::invoke@23 (line 104)
  0x0000019b8fa60238: 1f07 e9af 

  0x0000019b8fa6023c: ;   {metadata({method} {0x000000003647cce8} 'checkExactType' '(Ljava/lang/invoke/MethodHandle;Ljava/lang/invoke/MethodType;)V' in 'java/lang/invoke/Invokers')}
  0x0000019b8fa6023c: f4ff ff49 | bae0 cc47 | 3600 0000 | 004c 8954 | 2408 48c7 | 0424 ffff 

  0x0000019b8fa60254: ;   {runtime_call C1 Runtime counter_overflow_blob}
  0x0000019b8fa60254: ffff e885 

  0x0000019b8fa60258: ; ImmutableOopMap {rdx=Oop r8=Oop rsi=Oop [168]=Oop [184]=Oop [232]=Oop }
                      ;*synchronization entry
                      ; - java.lang.invoke.Invokers::checkExactType@-1 (line 529)
                      ; - java.lang.invoke.Invokers$Holder::invokeExact_MT@10
                      ; - jdk.internal.reflect.DirectMethodHandleAccessor::invokeImpl@41 (line 154)
                      ; - jdk.internal.reflect.DirectMethodHandleAccessor::invoke@23 (line 104)
  0x0000019b8fa60258: db1f 07e9 | e9f4 ffff 

  0x0000019b8fa60260: ;   {runtime_call C1 Runtime throw_null_pointer_exception_blob}
  0x0000019b8fa60260: e87b 651f 

  0x0000019b8fa60264: ; ImmutableOopMap {rdx=Oop r8=Oop rsi=Oop [168]=Oop [184]=Oop [232]=Oop }
                      ;*invokevirtual type {reexecute=0 rethrow=0 return_oop=0}
                      ; - java.lang.invoke.Invokers::checkExactType@1 (line 529)
                      ; - java.lang.invoke.Invokers$Holder::invokeExact_MT@10
                      ; - jdk.internal.reflect.DirectMethodHandleAccessor::invokeImpl@41 (line 154)
                      ; - jdk.internal.reflect.DirectMethodHandleAccessor::invoke@23 (line 104)
                      ;   {metadata({method} {0x000000003647cbe0} 'checkCustomized' '(Ljava/lang/invoke/MethodHandle;)V' in 'java/lang/invoke/Invokers')}
  0x0000019b8fa60264: 0749 bad8 | cb47 3600 | 0000 004c | 8954 2408 | 48c7 0424 | ffff ffff 

  0x0000019b8fa6027c: ;   {runtime_call C1 Runtime counter_overflow_blob}
  0x0000019b8fa6027c: e85f db1f 

  0x0000019b8fa60280: ; ImmutableOopMap {rdx=Oop r8=Oop rsi=Oop [168]=Oop [184]=Oop [232]=Oop }
                      ;*synchronization entry
                      ; - java.lang.invoke.Invokers::checkCustomized@-1 (line 622)
                      ; - java.lang.invoke.Invokers$Holder::invokeExact_MT@14
                      ; - jdk.internal.reflect.DirectMethodHandleAccessor::invokeImpl@41 (line 154)
                      ; - jdk.internal.reflect.DirectMethodHandleAccessor::invoke@23 (line 104)
  0x0000019b8fa60280: 07e9 c6f5 

  0x0000019b8fa60284: ;   {metadata({method} {0x00000000361ff108} 'isCompileConstant' '(Ljava/lang/Object;)Z' in 'java/lang/invoke/MethodHandleImpl')}
  0x0000019b8fa60284: ffff 49ba | 00f1 1f36 | 0000 0000 | 4c89 5424 | 0848 c704 | 24ff ffff 

  0x0000019b8fa6029c: ;   {runtime_call C1 Runtime counter_overflow_blob}
  0x0000019b8fa6029c: ffe8 3edb 

  0x0000019b8fa602a0: ; ImmutableOopMap {rdx=Oop r8=Oop rsi=Oop [168]=Oop [184]=Oop [232]=Oop }
                      ;*synchronization entry
                      ; - java.lang.invoke.MethodHandleImpl::isCompileConstant@-1 (line 625)
                      ; - java.lang.invoke.Invokers::checkCustomized@1 (line 622)
                      ; - java.lang.invoke.Invokers$Holder::invokeExact_MT@14
                      ; - jdk.internal.reflect.DirectMethodHandleAccessor::invokeImpl@41 (line 154)
                      ; - jdk.internal.reflect.DirectMethodHandleAccessor::invoke@23 (line 104)
  0x0000019b8fa602a0: 1f07 e9de 

  0x0000019b8fa602a4: ;   {runtime_call C1 Runtime throw_null_pointer_exception_blob}
  0x0000019b8fa602a4: f5ff ffe8 

  0x0000019b8fa602a8: ; ImmutableOopMap {rdx=Oop r8=Oop rsi=Oop [168]=Oop [184]=Oop [232]=Oop }
                      ;*getfield customized {reexecute=1 rethrow=0 return_oop=0}
                      ; - (reexecute) java.lang.invoke.Invokers::checkCustomized@12 (line 625)
                      ; - java.lang.invoke.Invokers$Holder::invokeExact_MT@14
                      ; - jdk.internal.reflect.DirectMethodHandleAccessor::invokeImpl@41 (line 154)
                      ; - jdk.internal.reflect.DirectMethodHandleAccessor::invoke@23 (line 104)
  0x0000019b8fa602a8: 3465 1f07 

  0x0000019b8fa602ac: ;   {internal_word}
  0x0000019b8fa602ac: 49ba 21fa | a58f 9b01 | 0000 4d89 | 97e0 0400 

  0x0000019b8fa602bc: ;   {runtime_call SafepointBlob}
  0x0000019b8fa602bc: 00e9 9e1f 

  0x0000019b8fa602c0: ;   {runtime_call C1 Runtime throw_null_pointer_exception_blob}
  0x0000019b8fa602c0: 1207 e819 

  0x0000019b8fa602c4: ; ImmutableOopMap {rax=Oop [168]=Oop [184]=Oop [232]=Oop }
                      ;*athrow {reexecute=1 rethrow=0 return_oop=0}
                      ; - (reexecute) java.lang.invoke.Invokers::checkExactType@15 (line 531)
                      ; - java.lang.invoke.Invokers$Holder::invokeExact_MT@10
                      ; - jdk.internal.reflect.DirectMethodHandleAccessor::invokeImpl@41 (line 154)
                      ; - jdk.internal.reflect.DirectMethodHandleAccessor::invoke@23 (line 104)
                      ;   {runtime_call C1 Runtime throw_null_pointer_exception_blob}
  0x0000019b8fa602c4: 651f 07e8 

  0x0000019b8fa602c8: ; ImmutableOopMap {rax=Oop [168]=Oop [184]=Oop [216]=Oop [224]=Oop }
                      ;*athrow {reexecute=1 rethrow=0 return_oop=0}
                      ; - (reexecute) java.lang.invoke.Invokers::checkExactType@15 (line 531)
                      ; - java.lang.invoke.Invokers$Holder::invokeExact_MT@10
                      ; - jdk.internal.reflect.DirectMethodHandleAccessor::invokeImpl@55 (line 155)
                      ; - jdk.internal.reflect.DirectMethodHandleAccessor::invoke@23 (line 104)
  0x0000019b8fa602c8: 1465 1f07 

  0x0000019b8fa602cc: ;   {runtime_call C1 Runtime throw_null_pointer_exception_blob}
  0x0000019b8fa602cc: e80f 651f 

  0x0000019b8fa602d0: ; ImmutableOopMap {rax=Oop [168]=Oop [184]=Oop [192]=Oop [200]=Oop [208]=Oop }
                      ;*athrow {reexecute=1 rethrow=0 return_oop=0}
                      ; - (reexecute) java.lang.invoke.Invokers::checkExactType@15 (line 531)
                      ; - java.lang.invoke.LambdaForm$MH/0x0000000037108c00::invokeExact_MT@11
                      ; - jdk.internal.reflect.DirectMethodHandleAccessor::invokeImpl@72 (line 156)
                      ; - jdk.internal.reflect.DirectMethodHandleAccessor::invoke@23 (line 104)
                      ;   {metadata({method} {0x0000000036469390} 'isIllegalArgument' '(Ljava/lang/RuntimeException;)Z' in 'jdk/internal/reflect/DirectMethodHandleAccessor')}
  0x0000019b8fa602d0: 0749 ba88 | 9346 3600 | 0000 004c | 8954 2408 | 48c7 0424 | ffff ffff 

  0x0000019b8fa602e8: ;   {runtime_call C1 Runtime counter_overflow_blob}
  0x0000019b8fa602e8: e8f3 da1f 

  0x0000019b8fa602ec: ; ImmutableOopMap {rax=Oop }
                      ;*synchronization entry
                      ; - jdk.internal.reflect.DirectMethodHandleAccessor::isIllegalArgument@-1 (line 192)
                      ; - jdk.internal.reflect.DirectMethodHandleAccessor::invoke@58 (line 113)
  0x0000019b8fa602ec: 07e9 66f8 

  0x0000019b8fa602f0: ;   {metadata({method} {0x0000000036469390} 'isIllegalArgument' '(Ljava/lang/RuntimeException;)Z' in 'jdk/internal/reflect/DirectMethodHandleAccessor')}
  0x0000019b8fa602f0: ffff 49ba | 8893 4636 | 0000 0000 | 4c89 5424 | 0848 c704 | 24ff ffff 

  0x0000019b8fa60308: ;   {runtime_call C1 Runtime counter_overflow_blob}
  0x0000019b8fa60308: ffe8 d2da 

  0x0000019b8fa6030c: ; ImmutableOopMap {rax=Oop }
                      ;*synchronization entry
                      ; - jdk.internal.reflect.DirectMethodHandleAccessor::isIllegalArgument@-1 (line 192)
                      ; - jdk.internal.reflect.DirectMethodHandleAccessor::invoke@30 (line 106)
  0x0000019b8fa6030c: 1f07 e9fc 

  0x0000019b8fa60310: ;   {metadata(nullptr)}
  0x0000019b8fa60310: f8ff ff48 | ba00 0000 | 0000 0000 | 00b8 000f 

  0x0000019b8fa60320: ;   {runtime_call C1 Runtime load_klass_patching_blob}
  0x0000019b8fa60320: 050a e839 

  0x0000019b8fa60324: ; ImmutableOopMap {}
                      ;*new {reexecute=1 rethrow=0 return_oop=0}
                      ; - (reexecute) jdk.internal.reflect.DirectMethodHandleAccessor::invoke@36 (line 108)
  0x0000019b8fa60324: c41f 07e9 | 3cf9 ffff 

  0x0000019b8fa6032c: ;   {runtime_call C1 Runtime fast_new_instance_blob}
  0x0000019b8fa6032c: 488b d2e8 

  0x0000019b8fa60330: ; ImmutableOopMap {}
                      ;*new {reexecute=0 rethrow=0 return_oop=0}
                      ; - jdk.internal.reflect.DirectMethodHandleAccessor::invoke@36 (line 108)
  0x0000019b8fa60330: ac6e 1f07 | e983 f9ff | ff48 8bd2 

  0x0000019b8fa6033c: ;   {runtime_call C1 Runtime fast_new_instance_blob}
  0x0000019b8fa6033c: e89f 6e1f 

  0x0000019b8fa60340: ; ImmutableOopMap {r8=Oop }
                      ;*new {reexecute=0 rethrow=0 return_oop=0}
                      ; - jdk.internal.reflect.DirectMethodHandleAccessor::invoke@46 (line 110)
  0x0000019b8fa60340: 07e9 17fa 

  0x0000019b8fa60344: ;   {metadata(nullptr)}
  0x0000019b8fa60344: ffff 48ba | 0000 0000 | 0000 0000 | b800 0f05 

  0x0000019b8fa60354: ;   {runtime_call C1 Runtime load_klass_patching_blob}
  0x0000019b8fa60354: 0ae8 06c4 

  0x0000019b8fa60358: ; ImmutableOopMap {[240]=Oop }
                      ;*new {reexecute=1 rethrow=0 return_oop=0}
                      ; - (reexecute) jdk.internal.reflect.DirectMethodHandleAccessor::invoke@64 (line 114)
  0x0000019b8fa60358: 1f07 e941 | faff ff48 

  0x0000019b8fa60360: ;   {runtime_call C1 Runtime fast_new_instance_blob}
  0x0000019b8fa60360: 8bd2 e879 

  0x0000019b8fa60364: ; ImmutableOopMap {[240]=Oop }
                      ;*new {reexecute=0 rethrow=0 return_oop=0}
                      ; - jdk.internal.reflect.DirectMethodHandleAccessor::invoke@64 (line 114)
  0x0000019b8fa60364: 6e1f 07e9 | 88fa ffff 

  0x0000019b8fa6036c: ;   {runtime_call C1 Runtime fast_new_instance_blob}
  0x0000019b8fa6036c: 488b d2e8 

  0x0000019b8fa60370: ; ImmutableOopMap {r8=Oop }
                      ;*new {reexecute=0 rethrow=0 return_oop=0}
                      ; - jdk.internal.reflect.DirectMethodHandleAccessor::invoke@73 (line 116)
  0x0000019b8fa60370: 6c6e 1f07 | e91c fbff | ff48 8bd2 

  0x0000019b8fa6037c: ;   {runtime_call C1 Runtime fast_new_instance_blob}
  0x0000019b8fa6037c: e85f 6e1f 

  0x0000019b8fa60380: ; ImmutableOopMap {r8=Oop }
                      ;*new {reexecute=0 rethrow=0 return_oop=0}
                      ; - jdk.internal.reflect.DirectMethodHandleAccessor::invoke@83 (line 119)
  0x0000019b8fa60380: 07e9 bdfb | ffff 498b | 8788 0500 | 0049 c787 | 8805 0000 | 0000 0000 | 49c7 8790 | 0500 0000 
  0x0000019b8fa603a0: 0000 0048 | 81c4 3001 

  0x0000019b8fa603a8: ;   {runtime_call C1 Runtime unwind_exception_blob}
  0x0000019b8fa603a8: 0000 5de9 | b046 1f07 
[Stub Code]
  0x0000019b8fa603b0: ;   {other}
  0x0000019b8fa603b0: 0f1f 4400 

  0x0000019b8fa603b4: ;   {static_stub}
  0x0000019b8fa603b4: 0048 bb30 | 3821 3600 

  0x0000019b8fa603bc: ;   {runtime_call I2C/C2I adapters}
  0x0000019b8fa603bc: 0000 00e9 | 7a3c 1107 

  0x0000019b8fa603c4: ;   {static_stub}
  0x0000019b8fa603c4: 9048 bbb0 | 3abc a49b 

  0x0000019b8fa603cc: ;   {runtime_call I2C/C2I adapters}
  0x0000019b8fa603cc: 0100 00e9 | 72cf 1107 

  0x0000019b8fa603d4: ;   {static_stub}
  0x0000019b8fa603d4: 9048 bb00 | 0000 0000 

  0x0000019b8fa603dc: ;   {runtime_call nmethod}
  0x0000019b8fa603dc: 0000 00e9 | fbff ffff 

  0x0000019b8fa603e4: ;   {static_stub}
  0x0000019b8fa603e4: 9048 bb00 | 0000 0000 

  0x0000019b8fa603ec: ;   {runtime_call nmethod}
  0x0000019b8fa603ec: 0000 00e9 | fbff ffff 

  0x0000019b8fa603f4: ;   {static_stub}
  0x0000019b8fa603f4: 48bb 9895 | 4636 0000 

  0x0000019b8fa603fc: ;   {runtime_call I2C/C2I adapters}
  0x0000019b8fa603fc: 0000 e9b3 

  0x0000019b8fa60400: ;   {static_stub}
  0x0000019b8fa60400: 7712 0748 | bb00 0000 | 0000 0000 

  0x0000019b8fa6040c: ;   {runtime_call nmethod}
  0x0000019b8fa6040c: 00e9 fbff 

  0x0000019b8fa60410: ;   {static_stub}
  0x0000019b8fa60410: ffff 48bb | 0000 0000 | 0000 0000 

  0x0000019b8fa6041c: ;   {runtime_call nmethod}
  0x0000019b8fa6041c: e9fb ffff 

  0x0000019b8fa60420: ;   {static_stub}
  0x0000019b8fa60420: ff48 bb00 | 0000 0000 

  0x0000019b8fa60428: ;   {runtime_call nmethod}
  0x0000019b8fa60428: 0000 00e9 | fbff ffff 

  0x0000019b8fa60430: ;   {static_stub}
  0x0000019b8fa60430: 48bb 0000 | 0000 0000 

  0x0000019b8fa60438: ;   {runtime_call nmethod}
  0x0000019b8fa60438: 0000 e9fb 

  0x0000019b8fa6043c: ;   {static_stub}
  0x0000019b8fa6043c: ffff ff48 | bb00 0000 | 0000 0000 

  0x0000019b8fa60448: ;   {runtime_call nmethod}
  0x0000019b8fa60448: 00e9 fbff 

  0x0000019b8fa6044c: ;   {static_stub}
  0x0000019b8fa6044c: ffff 48bb | 0000 0000 | 0000 0000 

  0x0000019b8fa60458: ;   {runtime_call nmethod}
  0x0000019b8fa60458: e9fb ffff 

  0x0000019b8fa6045c: ;   {static_stub}
  0x0000019b8fa6045c: ff48 bb00 | 0000 0000 

  0x0000019b8fa60464: ;   {runtime_call nmethod}
  0x0000019b8fa60464: 0000 00e9 | fbff ffff 

  0x0000019b8fa6046c: ;   {static_stub}
  0x0000019b8fa6046c: 48bb 0000 | 0000 0000 

  0x0000019b8fa60474: ;   {runtime_call nmethod}
  0x0000019b8fa60474: 0000 e9fb 

  0x0000019b8fa60478: ;   {static_stub}
  0x0000019b8fa60478: ffff ff48 | bb00 0000 | 0000 0000 

  0x0000019b8fa60484: ;   {runtime_call nmethod}
  0x0000019b8fa60484: 00e9 fbff 

  0x0000019b8fa60488: ;   {runtime_call C1 Runtime handle_exception_from_callee_blob}
  0x0000019b8fa60488: ffff e851 

  0x0000019b8fa6048c: ;   {external_word}
  0x0000019b8fa6048c: 8a1f 0748 | b948 08c9 | 74fd 7f00 | 0048 83e4 

  0x0000019b8fa6049c: ;   {runtime_call}
  0x0000019b8fa6049c: f048 b800 | 8d8c 74fd | 7f00 00ff 

  0x0000019b8fa604a8: ;   {section_word}
  0x0000019b8fa604a8: d0f4 49ba | aa04 a68f | 9b01 0000 

  0x0000019b8fa604b4: ;   {runtime_call DeoptimizationBlob}
  0x0000019b8fa604b4: 4152 e925 

  0x0000019b8fa604b8: ;   {section_word}
  0x0000019b8fa604b8: 0512 0749 | babb 04a6 | 8f9b 0100 

  0x0000019b8fa604c4: ;   {runtime_call DeoptimizationBlob}
  0x0000019b8fa604c4: 0041 52e9 | 1405 1207 | f4f4 f4f4 
[/MachCode]


Compiled method (c1) 8224 3366       3       java.lang.reflect.Method::invoke (108 bytes)
 total in heap  [0x0000019b8fb37f88,0x0000019b8fb387c0] = 2104
 main code      [0x0000019b8fb38080,0x0000019b8fb38728] = 1704
 stub code      [0x0000019b8fb38728,0x0000019b8fb387c0] = 152
 mutable data [0x0000019ba953dd40,0x0000019ba953de18] = 216
 relocation     [0x0000019ba953dd40,0x0000019ba953de00] = 192
 metadata       [0x0000019ba953de00,0x0000019ba953de18] = 24
 immutable data [0x0000019ba835d980,0x0000019ba835db38] = 440
 dependencies   [0x0000019ba835d980,0x0000019ba835d988] = 8
 nul chk table  [0x0000019ba835d988,0x0000019ba835d9a8] = 32
 scopes pcs     [0x0000019ba835d9a8,0x0000019ba835da78] = 208
 scopes data    [0x0000019ba835da78,0x0000019ba835db38] = 192

[Constant Pool (empty)]

[MachCode]
[Instructions begin]
  0x0000019b8fb38080: 6666 660f | 1f84 0000 | 0000 0066 | 6666 9066 | 6690 448b | 5208 443b 

  0x0000019b8fb38098: ;   {runtime_call Shared Runtime ic_miss_blob}
  0x0000019b8fb38098: 5008 0f85 | 406c 0407 
[Verified Entry Point]
  0x0000019b8fb380a0: 8984 2400 | 80ff ff55 | 4881 ec80 | 0000 0090 | 4181 7f20 | 0300 0000 

  0x0000019b8fb380b8: ;   {runtime_call Stub::method_entry_barrier}
  0x0000019b8fb380b8: 7405 e8e1 | e402 0748 | 8954 2448 | 4c89 4424 

  0x0000019b8fb380c8: ;   {metadata(method data for {method} {0x00000000361bd970} 'invoke' '(Ljava/lang/Object;[Ljava/lang/Object;)Ljava/lang/Object;' in 'java/lang/reflect/Method')}
  0x0000019b8fb380c8: 5048 be30 | 3333 a49b | 0100 008b | be90 0000 | 0083 c702 | 89be 9000 | 0000 81e7 | fe07 0000 
  0x0000019b8fb380e8: 85ff 0f84 | 8f05 0000 | 4c89 4c24 | 5848 8bf2 

  0x0000019b8fb380f8: ;   {metadata(method data for {method} {0x00000000361bd970} 'invoke' '(Ljava/lang/Object;[Ljava/lang/Object;)Ljava/lang/Object;' in 'java/lang/reflect/Method')}
  0x0000019b8fb380f8: 48bf 3033 | 33a4 9b01 | 0000 4883 | 87d8 0000 | 0001 488b | f248 8bd6 | 0f1f 8000 

  0x0000019b8fb38114: ;   {optimized virtual_call}
  0x0000019b8fb38114: 0000 00e8 

  0x0000019b8fb38118: ; ImmutableOopMap {[72]=Oop [80]=Oop [88]=Oop }
                      ;*invokevirtual isCallerSensitive {reexecute=0 rethrow=0 return_oop=0}
                      ; - java.lang.reflect.Method::invoke@1 (line 546)
  0x0000019b8fb38118: 04c6 f1ff 

  0x0000019b8fb3811c: ;   {post_call_nop}
  0x0000019b8fb3811c: 0f1f 8400 | 9401 0000 | 488b 5424 | 480f be72 

  0x0000019b8fb3812c: ;   {metadata(method data for {method} {0x00000000361bd970} 'invoke' '(Ljava/lang/Object;[Ljava/lang/Object;)Ljava/lang/Object;' in 'java/lang/reflect/Method')}
  0x0000019b8fb3812c: 0c85 f648 | be30 3333 | a49b 0100 | 00bf 0801 | 0000 7405 | bf18 0100 | 0048 8b1c | 3e48 8d5b 
  0x0000019b8fb3814c: 0148 891c | 3e0f 843d | 0000 0085 

  0x0000019b8fb38158: ;   {metadata(method data for {method} {0x00000000361bd970} 'invoke' '(Ljava/lang/Object;[Ljava/lang/Object;)Ljava/lang/Object;' in 'java/lang/reflect/Method')}
  0x0000019b8fb38158: c048 be30 | 3333 a49b | 0100 00bf | 3801 0000 | 7505 bf28 | 0100 0048 | 8b1c 3e48 | 8d5b 0148 
  0x0000019b8fb38178: 891c 3e0f | 8513 0000 

  0x0000019b8fb38180: ;   {oop(nullptr)}
  0x0000019b8fb38180: 0048 bb00 | 0000 0000 | 0000 0089 | 4424 60e9 | 3000 0000 | 8944 2460 

  0x0000019b8fb38198: ;   {metadata(method data for {method} {0x00000000361bd970} 'invoke' '(Ljava/lang/Object;[Ljava/lang/Object;)Ljava/lang/Object;' in 'java/lang/reflect/Method')}
  0x0000019b8fb38198: 48be 3033 | 33a4 9b01 | 0000 4883 | 8648 0100 | 0001 0f1f 

  0x0000019b8fb381ac: ;   {static_call}
  0x0000019b8fb381ac: 4400 00e8 

  0x0000019b8fb381b0: ; ImmutableOopMap {[72]=Oop [80]=Oop [88]=Oop }
                      ;*invokestatic getCallerClass {reexecute=0 rethrow=0 return_oop=0}
                      ; - java.lang.reflect.Method::invoke@19 (line 549)
  0x0000019b8fb381b0: 5c3e 5e07 

  0x0000019b8fb381b4: ;   {post_call_nop}
  0x0000019b8fb381b4: 0f1f 8400 | 2c02 0001 | 488b d848 | 8b54 2448 | 440f be42 | 0c45 85c0 

  0x0000019b8fb381cc: ;   {metadata(method data for {method} {0x00000000361bd970} 'invoke' '(Ljava/lang/Object;[Ljava/lang/Object;)Ljava/lang/Object;' in 'java/lang/reflect/Method')}
  0x0000019b8fb381cc: 49b8 3033 | 33a4 9b01 | 0000 41b9 | 6801 0000 | 7406 41b9 | 5801 0000 | 4b8b 3c08 | 488d 7f01 
  0x0000019b8fb381ec: 4b89 3c08 | 0f84 0a00 | 0000 4889 | 5c24 68e9 | 4102 0000 | 448b 4a1c 

  0x0000019b8fb38204: ;   {metadata(method data for {method} {0x00000000361bd970} 'invoke' '(Ljava/lang/Object;[Ljava/lang/Object;)Ljava/lang/Object;' in 'java/lang/reflect/Method')}
  0x0000019b8fb38204: 8b72 5049 | b830 3333 | a49b 0100 | 0049 8380 | 7801 0000 

  0x0000019b8fb38218: ;   {metadata(method data for {method} {0x000000003647e6f8} 'isStatic' '(I)Z' in 'java/lang/reflect/Modifier')}
  0x0000019b8fb38218: 0149 b8c0 | 2017 a49b | 0100 0041 | 8bb8 9000 | 0000 83c7 | 0241 89b8 | 9000 0000 | 81e7 feff 
  0x0000019b8fb38238: 1f00 85ff | 0f84 5e04 | 0000 4c8b | c641 83e0 | 0845 85c0 

  0x0000019b8fb3824c: ;   {metadata(method data for {method} {0x000000003647e6f8} 'isStatic' '(I)Z' in 'java/lang/reflect/Modifier')}
  0x0000019b8fb3824c: 49b8 c020 | 17a4 9b01 | 0000 bfd8 | 0000 0074 | 05bf e800 | 0000 498b | 0438 488d | 4001 4989 
  0x0000019b8fb3826c: 0438 0f84 | 1c00 0000 

  0x0000019b8fb38274: ;   {metadata(method data for {method} {0x000000003647e6f8} 'isStatic' '(I)Z' in 'java/lang/reflect/Modifier')}
  0x0000019b8fb38274: 49b8 c020 | 17a4 9b01 | 0000 41ff | 80f8 0000 | 0041 b801 | 0000 00e9 | 0600 0000 | 41b8 0000 
  0x0000019b8fb38294: 0000 4183 | e001 4585 

  0x0000019b8fb3829c: ;   {metadata(method data for {method} {0x00000000361bd970} 'invoke' '(Ljava/lang/Object;[Ljava/lang/Object;)Ljava/lang/Object;' in 'java/lang/reflect/Method')}
  0x0000019b8fb3829c: c049 b830 | 3333 a49b | 0100 00bf | 8801 0000 | 7405 bf98 | 0100 0049 | 8b04 3848 | 8d40 0149 
  0x0000019b8fb382bc: 8904 380f | 8420 0000 

  0x0000019b8fb382c4: ;   {metadata(method data for {method} {0x00000000361bd970} 'invoke' '(Ljava/lang/Object;[Ljava/lang/Object;)Ljava/lang/Object;' in 'java/lang/reflect/Method')}
  0x0000019b8fb382c4: 0049 b830 | 3333 a49b | 0100 0041 | ff80 a801 

  0x0000019b8fb382d4: ;   {oop(nullptr)}
  0x0000019b8fb382d4: 0000 48bf | 0000 0000 | 0000 0000 | e9ab 0000 | 004c 8b44 | 2450 493b | 0049 8bf8 

  0x0000019b8fb382f0: ;   {metadata(method data for {method} {0x00000000361bd970} 'invoke' '(Ljava/lang/Object;[Ljava/lang/Object;)Ljava/lang/Object;' in 'java/lang/reflect/Method')}
  0x0000019b8fb382f0: 48b8 3033 | 33a4 9b01 | 0000 8b7f | 0841 ba00 | 0000 3649 | 03fa 483b | b8c8 0100 | 0075 0d48 
  0x0000019b8fb38310: 8380 d001 | 0000 01e9 | 6000 0000 | 483b b8d8 | 0100 0075 | 0d48 8380 | e001 0000 | 01e9 4a00 
  0x0000019b8fb38330: 0000 4883 | b8c8 0100 | 0000 7517 | 4889 b8c8 | 0100 0048 | c780 d001 | 0000 0100 | 0000 e929 
  0x0000019b8fb38350: 0000 0048 | 83b8 d801 | 0000 0075 | 1748 89b8 | d801 0000 | 48c7 80e0 | 0100 0001 | 0000 00e9 
  0x0000019b8fb38370: 0800 0000 | 4883 80c0 | 0100 0001 | 418b 7808 | 41ba 0000 | 0036 4903 | fa48 8b7f | 7048 8b3f 
  0x0000019b8fb38390: ;   {metadata(method data for {method} {0x00000000361bd970} 'invoke' '(Ljava/lang/Object;[Ljava/lang/Object;)Ljava/lang/Object;' in 'java/lang/reflect/Method')}
  0x0000019b8fb38390: 488b c248 | b930 3333 | a49b 0100 | 008b 4008 | 41ba 0000 | 0036 4903 | c248 3b81 | f801 0000 
  0x0000019b8fb383b0: 750d 4883 | 8100 0200 | 0001 e960 | 0000 0048 | 3b81 0802 | 0000 750d | 4883 8110 | 0200 0001 
  0x0000019b8fb383d0: e94a 0000 | 0048 83b9 | f801 0000 | 0075 1748 | 8981 f801 | 0000 48c7 | 8100 0200 | 0001 0000 
  0x0000019b8fb383f0: 00e9 2900 | 0000 4883 | b908 0200 | 0000 7517 | 4889 8108 | 0200 0048 | c781 1002 | 0000 0100 
  0x0000019b8fb38410: 0000 e908 | 0000 0048 | 8381 f001 | 0000 014c | 8bc3 488b | ca48 8bd1 | 4889 5c24 

  0x0000019b8fb3842c: ;   {optimized virtual_call}
  0x0000019b8fb3842c: 6866 90e8 

  0x0000019b8fb38430: ; ImmutableOopMap {[72]=Oop [80]=Oop [88]=Oop [104]=Oop }
                      ;*invokevirtual checkAccess {reexecute=0 rethrow=0 return_oop=0}
                      ; - java.lang.reflect.Method::invoke@60 (line 556)
  0x0000019b8fb38430: 6ca3 f5ff 

  0x0000019b8fb38434: ;   {post_call_nop}
  0x0000019b8fb38434: 0f1f 8400 | ac04 0002 | 488b 5424 | 488b 7248 

  0x0000019b8fb38444: ;   {metadata(method data for {method} {0x00000000361bd970} 'invoke' '(Ljava/lang/Object;[Ljava/lang/Object;)Ljava/lang/Object;' in 'java/lang/reflect/Method')}
  0x0000019b8fb38444: 4885 f648 | bf30 3333 | a49b 0100 | 00bb 2002 | 0000 7505 | bb30 0200 | 0048 8b04 | 1f48 8d40 
  0x0000019b8fb38464: 0148 8904 | 1f0f 8528 | 0000 0048 

  0x0000019b8fb38470: ;   {metadata(method data for {method} {0x00000000361bd970} 'invoke' '(Ljava/lang/Object;[Ljava/lang/Object;)Ljava/lang/Object;' in 'java/lang/reflect/Method')}
  0x0000019b8fb38470: 8bf2 48bf | 3033 33a4 | 9b01 0000 | 4883 8740 | 0200 0001 

  0x0000019b8fb38484: ;   {optimized virtual_call}
  0x0000019b8fb38484: 6666 90e8 

  0x0000019b8fb38488: ; ImmutableOopMap {[80]=Oop [88]=Oop [104]=Oop }
                      ;*invokevirtual acquireMethodAccessor {reexecute=0 rethrow=0 return_oop=0}
                      ; - java.lang.reflect.Method::invoke@75 (line 562)
  0x0000019b8fb38488: ed02 0000 

  0x0000019b8fb3848c: ;   {post_call_nop}
  0x0000019b8fb3848c: 0f1f 8400 | 0405 0003 | 488b f08b | 4424 6085 

  0x0000019b8fb3849c: ;   {metadata(method data for {method} {0x00000000361bd970} 'invoke' '(Ljava/lang/Object;[Ljava/lang/Object;)Ljava/lang/Object;' in 'java/lang/reflect/Method')}
  0x0000019b8fb3849c: c049 b830 | 3333 a49b | 0100 0041 | b970 0200 | 0074 0641 | b980 0200 | 004b 8b3c | 0848 8d7f 
  0x0000019b8fb384bc: 014b 893c | 080f 84e9 | 0000 0048 | 8b5c 2468 

  0x0000019b8fb384cc: ; implicit exception: dispatches to 0x0000019b8fb386c6
  0x0000019b8fb384cc: 483b 064c 

  0x0000019b8fb384d0: ;   {metadata(method data for {method} {0x00000000361bd970} 'invoke' '(Ljava/lang/Object;[Ljava/lang/Object;)Ljava/lang/Object;' in 'java/lang/reflect/Method')}
  0x0000019b8fb384d0: 8bc6 49b9 | 3033 33a4 | 9b01 0000 | 458b 4008 | 41ba 0000 | 0036 4d03 | c24d 3b81 | 9802 0000 
  0x0000019b8fb384f0: 750d 4983 | 81a0 0200 | 0001 e960 | 0000 004d | 3b81 a802 | 0000 750d | 4983 81b0 | 0200 0001 
  0x0000019b8fb38510: e94a 0000 | 0049 83b9 | 9802 0000 | 0075 174d | 8981 9802 | 0000 49c7 | 81a0 0200 | 0001 0000 
  0x0000019b8fb38530: 00e9 2900 | 0000 4983 | b9a8 0200 | 0000 7517 | 4d89 81a8 | 0200 0049 | c781 b002 | 0000 0100 
  0x0000019b8fb38550: 0000 e908 | 0000 0049 | 8381 9002 | 0000 014c | 8b44 2450 | 4c8b 4c24 | 5848 8bfb | 488b d666 
  0x0000019b8fb38570: 0f1f 4400 | 0048 b8f0 | 3053 a99b 

  0x0000019b8fb3857c: ;   {virtual_call}
  0x0000019b8fb3857c: 0100 00e8 

  0x0000019b8fb38580: ; ImmutableOopMap {}
                      ;*invokeinterface invoke {reexecute=0 rethrow=0 return_oop=0}
                      ; - java.lang.reflect.Method::invoke@90 (line 565)
  0x0000019b8fb38580: 5c71 0407 

  0x0000019b8fb38584: ;   {post_call_nop}
  0x0000019b8fb38584: 0f1f 8400 | fc05 0004 

  0x0000019b8fb3858c: ;   {metadata(method data for {method} {0x00000000361bd970} 'invoke' '(Ljava/lang/Object;[Ljava/lang/Object;)Ljava/lang/Object;' in 'java/lang/reflect/Method')}
  0x0000019b8fb3858c: 49b8 3033 | 33a4 9b01 | 0000 41ff | 80c0 0200 | 0048 81c4 | 8000 0000 

  0x0000019b8fb385a4: ;   {poll_return}
  0x0000019b8fb385a4: 5d49 3b67 | 280f 871c | 0100 00c3 | 4c8b 4c24 | 584c 8b44 | 2450 483b | 0648 8bd6 

  0x0000019b8fb385c0: ;   {metadata(method data for {method} {0x00000000361bd970} 'invoke' '(Ljava/lang/Object;[Ljava/lang/Object;)Ljava/lang/Object;' in 'java/lang/reflect/Method')}
  0x0000019b8fb385c0: 48bf 3033 | 33a4 9b01 | 0000 8b52 | 0841 ba00 | 0000 3649 | 03d2 483b | 97e0 0200 | 0075 0d48 
  0x0000019b8fb385e0: 8387 e802 | 0000 01e9 | 6000 0000 | 483b 97f0 | 0200 0075 | 0d48 8387 | f802 0000 | 01e9 4a00 
  0x0000019b8fb38600: 0000 4883 | bfe0 0200 | 0000 7517 | 4889 97e0 | 0200 0048 | c787 e802 | 0000 0100 | 0000 e929 
  0x0000019b8fb38620: 0000 0048 | 83bf f002 | 0000 0075 | 1748 8997 | f002 0000 | 48c7 87f8 | 0200 0001 | 0000 00e9 
  0x0000019b8fb38640: 0800 0000 | 4883 87d8 | 0200 0001 | 488b d666 | 0f1f 4400 | 0048 b818 | 3153 a99b 

  0x0000019b8fb3865c: ;   {virtual_call}
  0x0000019b8fb3865c: 0100 00e8 

  0x0000019b8fb38660: ; ImmutableOopMap {}
                      ;*invokeinterface invoke {reexecute=0 rethrow=0 return_oop=0}
                      ; - java.lang.reflect.Method::invoke@102 (line 565)
  0x0000019b8fb38660: ae5b f2ff 

  0x0000019b8fb38664: ;   {post_call_nop}
  0x0000019b8fb38664: 0f1f 8400 | dc06 0005 | 4881 c480 | 0000 005d 

  0x0000019b8fb38674: ;   {poll_return}
  0x0000019b8fb38674: 493b 6728 | 0f87 6800 

  0x0000019b8fb3867c: ;   {metadata({method} {0x00000000361bd970} 'invoke' '(Ljava/lang/Object;[Ljava/lang/Object;)Ljava/lang/Object;' in 'java/lang/reflect/Method')}
  0x0000019b8fb3867c: 0000 c349 | ba68 d91b | 3600 0000 | 004c 8954 | 2408 48c7 | 0424 ffff 

  0x0000019b8fb38694: ;   {runtime_call C1 Runtime counter_overflow_blob}
  0x0000019b8fb38694: ffff e845 

  0x0000019b8fb38698: ; ImmutableOopMap {rdx=Oop r8=Oop r9=Oop [72]=Oop [80]=Oop }
                      ;*synchronization entry
                      ; - java.lang.reflect.Method::invoke@-1 (line 546)
  0x0000019b8fb38698: 5712 07e9 | 50fa ffff 

  0x0000019b8fb386a0: ;   {metadata({method} {0x000000003647e6f8} 'isStatic' '(I)Z' in 'java/lang/reflect/Modifier')}
  0x0000019b8fb386a0: 49ba f0e6 | 4736 0000 | 0000 4c89 | 5424 0848 | c704 24ff 

  0x0000019b8fb386b4: ;   {runtime_call C1 Runtime counter_overflow_blob}
  0x0000019b8fb386b4: ffff ffe8 

  0x0000019b8fb386b8: ; ImmutableOopMap {rbx=Oop rdx=Oop r9=Oop [72]=Oop [80]=Oop [88]=Oop }
                      ;*synchronization entry
                      ; - java.lang.reflect.Modifier::isStatic@-1 (line 107)
                      ; - java.lang.reflect.Method::invoke@42 (line 557)
  0x0000019b8fb386b8: 2457 1207 | e981 fbff 

  0x0000019b8fb386c0: ;   {runtime_call C1 Runtime throw_null_pointer_exception_blob}
  0x0000019b8fb386c0: ffe8 1ae1 

  0x0000019b8fb386c4: ; ImmutableOopMap {rbx=Oop rdx=Oop r9=Oop r8=Oop [72]=Oop [80]=Oop [88]=Oop }
                      ;*invokevirtual getClass {reexecute=0 rethrow=0 return_oop=0}
                      ; - java.lang.reflect.Method::invoke@53 (line 557)
                      ;   {runtime_call C1 Runtime throw_null_pointer_exception_blob}
  0x0000019b8fb386c4: 1107 e815 

  0x0000019b8fb386c8: ; ImmutableOopMap {rsi=Oop rbx=Oop [80]=Oop [88]=Oop }
                      ;*invokeinterface invoke {reexecute=0 rethrow=0 return_oop=0}
                      ; - java.lang.reflect.Method::invoke@90 (line 565)
                      ;   {internal_word}
  0x0000019b8fb386c8: e111 0749 | baa5 85b3 | 8f9b 0100 | 004d 8997 | e004 0000 

  0x0000019b8fb386dc: ;   {runtime_call SafepointBlob}
  0x0000019b8fb386dc: e97f 9b04 

  0x0000019b8fb386e0: ;   {runtime_call C1 Runtime throw_null_pointer_exception_blob}
  0x0000019b8fb386e0: 07e8 fae0 

  0x0000019b8fb386e4: ; ImmutableOopMap {r9=Oop r8=Oop rsi=Oop [80]=Oop }
                      ;*invokeinterface invoke {reexecute=0 rethrow=0 return_oop=0}
                      ; - java.lang.reflect.Method::invoke@102 (line 565)
                      ;   {internal_word}
  0x0000019b8fb386e4: 1107 49ba | 7486 b38f | 9b01 0000 | 4d89 97e0 

  0x0000019b8fb386f4: ;   {runtime_call SafepointBlob}
  0x0000019b8fb386f4: 0400 00e9 | 649b 0407 | 498b 8788 | 0500 0049 | c787 8805 | 0000 0000 | 0000 49c7 | 8790 0500 
  0x0000019b8fb38714: 0000 0000 | 0048 81c4 | 8000 0000 

  0x0000019b8fb38720: ;   {runtime_call C1 Runtime unwind_exception_blob}
  0x0000019b8fb38720: 5de9 3ac3 | 1107 f4f4 
[Stub Code]
  0x0000019b8fb38728: ;   {other}
  0x0000019b8fb38728: 0f1f 4400 

  0x0000019b8fb3872c: ;   {static_stub}
  0x0000019b8fb3872c: 0048 bb00 | 0000 0000 

  0x0000019b8fb38734: ;   {runtime_call nmethod}
  0x0000019b8fb38734: 0000 00e9 | fbff ffff 

  0x0000019b8fb3873c: ;   {static_stub}
  0x0000019b8fb3873c: 9048 bb00 | 0000 0000 

  0x0000019b8fb38744: ;   {runtime_call nmethod}
  0x0000019b8fb38744: 0000 00e9 | fbff ffff 

  0x0000019b8fb3874c: ;   {static_stub}
  0x0000019b8fb3874c: 48bb 0000 | 0000 0000 

  0x0000019b8fb38754: ;   {runtime_call nmethod}
  0x0000019b8fb38754: 0000 e9fb 

  0x0000019b8fb38758: ;   {static_stub}
  0x0000019b8fb38758: ffff ff48 | bb00 0000 | 0000 0000 

  0x0000019b8fb38764: ;   {runtime_call nmethod}
  0x0000019b8fb38764: 00e9 fbff 

  0x0000019b8fb38768: ;   {static_stub}
  0x0000019b8fb38768: ffff 48bb | 0000 0000 | 0000 0000 

  0x0000019b8fb38774: ;   {runtime_call nmethod}
  0x0000019b8fb38774: e9fb ffff 

  0x0000019b8fb38778: ;   {static_stub}
  0x0000019b8fb38778: ff48 bbe0 | dd1b 3600 

  0x0000019b8fb38780: ;   {runtime_call I2C/C2I adapters}
  0x0000019b8fb38780: 0000 00e9 | 2aa6 0407 
[Exception Handler]
  0x0000019b8fb38788: ;   {runtime_call C1 Runtime handle_exception_from_callee_blob}
  0x0000019b8fb38788: e853 0712 

  0x0000019b8fb3878c: ;   {external_word}
  0x0000019b8fb3878c: 0748 b948 | 08c9 74fd | 7f00 0048 

  0x0000019b8fb38798: ;   {runtime_call}
  0x0000019b8fb38798: 83e4 f048 | b800 8d8c | 74fd 7f00 | 00ff d0f4 
[Deopt Handler Code]
  0x0000019b8fb387a8: ;   {section_word}
  0x0000019b8fb387a8: 49ba a887 | b38f 9b01 | 0000 4152 

  0x0000019b8fb387b4: ;   {runtime_call DeoptimizationBlob}
  0x0000019b8fb387b4: e927 8204 | 07f4 f4f4 | f4f4 f4f4 
[/MachCode]


---------------  P R O C E S S  ---------------

Threads class SMR info:
_java_thread_list=0x0000019ba8e95d10, length=18, elements={
0x0000019b86d80770, 0x0000019ba318a3a0, 0x0000019ba318c7f0, 0x0000019ba31912c0,
0x0000019ba31b2ea0, 0x0000019ba31b45d0, 0x0000019ba31b64a0, 0x0000019ba31c0ab0,
0x0000019ba31cb1f0, 0x0000019ba3282290, 0x0000019ba32937e0, 0x0000019ba39ee4b0,
0x0000019ba35fb260, 0x0000019ba8e90810, 0x0000019ba886b360, 0x0000019ba87d3a90,
0x0000019ba9865950, 0x0000019ba3b094e0
}

Java Threads: ( => current thread )
=>0x0000019b86d80770 JavaThread "main"                              [_thread_in_vm, id=608, stack(0x0000000630400000,0x0000000630500000) (1024K)]
  0x0000019ba318a3a0 JavaThread "Reference Handler"          daemon [_thread_blocked, id=1852, stack(0x0000000630c00000,0x0000000630d00000) (1024K)]
  0x0000019ba318c7f0 JavaThread "Finalizer"                  daemon [_thread_blocked, id=19096, stack(0x0000000630d00000,0x0000000630e00000) (1024K)]
  0x0000019ba31912c0 JavaThread "Signal Dispatcher"          daemon [_thread_blocked, id=15244, stack(0x0000000630e00000,0x0000000630f00000) (1024K)]
  0x0000019ba31b2ea0 JavaThread "Attach Listener"            daemon [_thread_blocked, id=11368, stack(0x0000000630f00000,0x0000000631000000) (1024K)]
  0x0000019ba31b45d0 JavaThread "Service Thread"             daemon [_thread_blocked, id=3768, stack(0x0000000631000000,0x0000000631100000) (1024K)]
  0x0000019ba31b64a0 JavaThread "Monitor Deflation Thread"   daemon [_thread_blocked, id=10112, stack(0x0000000631100000,0x0000000631200000) (1024K)]
  0x0000019ba31c0ab0 JavaThread "C2 CompilerThread0"         daemon [_thread_blocked, id=23608, stack(0x0000000631200000,0x0000000631300000) (1024K)]
  0x0000019ba31cb1f0 JavaThread "C1 CompilerThread0"         daemon [_thread_blocked, id=20540, stack(0x0000000631300000,0x0000000631400000) (1024K)]
  0x0000019ba3282290 JavaThread "Notification Thread"        daemon [_thread_blocked, id=17976, stack(0x0000000631400000,0x0000000631500000) (1024K)]
  0x0000019ba32937e0 JavaThread "Common-Cleaner"             daemon [_thread_blocked, id=19820, stack(0x0000000631500000,0x0000000631600000) (1024K)]
  0x0000019ba39ee4b0 JavaThread "surefire-forkedjvm-stream-flusher" daemon [_thread_blocked, id=24304, stack(0x0000000631700000,0x0000000631800000) (1024K)]
  0x0000019ba35fb260 JavaThread "surefire-forkedjvm-command-thread" daemon [_thread_blocked, id=3436, stack(0x0000000631800000,0x0000000631900000) (1024K)]
  0x0000019ba8e90810 JavaThread "HttpClient-1-SelectorManager" daemon [_thread_in_native, id=23504, stack(0x0000000631c00000,0x0000000631d00000) (1024K)]
  0x0000019ba886b360 JavaThread "HttpClient-2-SelectorManager" daemon [_thread_in_native, id=17528, stack(0x0000000631d00000,0x0000000631e00000) (1024K)]
  0x0000019ba87d3a90 JavaThread "HttpClient-3-SelectorManager" daemon [_thread_in_native, id=3004, stack(0x0000000631e00000,0x0000000631f00000) (1024K)]
  0x0000019ba9865950 JavaThread "HttpClient-4-SelectorManager" daemon [_thread_in_native, id=16640, stack(0x0000000631f00000,0x0000000632000000) (1024K)]
  0x0000019ba3b094e0 JavaThread "HttpClient-5-SelectorManager" daemon [_thread_in_native, id=1032, stack(0x0000000632000000,0x0000000632100000) (1024K)]
Total: 18

Other Threads:
  0x0000019ba3176fd0 VMThread "VM Thread"                           [id=15120, stack(0x0000000630b00000,0x0000000630c00000) (1024K)]
  0x0000019ba3167480 WatcherThread "VM Periodic Task Thread"        [id=21624, stack(0x0000000630a00000,0x0000000630b00000) (1024K)]
  0x0000019b86dd93f0 WorkerThread "GC Thread#0"                     [id=12244, stack(0x0000000630500000,0x0000000630600000) (1024K)]
  0x0000019ba82f06f0 WorkerThread "GC Thread#1"                     [id=23276, stack(0x0000000631900000,0x0000000631a00000) (1024K)]
  0x0000019ba82f0b20 WorkerThread "GC Thread#2"                     [id=23664, stack(0x0000000631a00000,0x0000000631b00000) (1024K)]
  0x0000019ba95385e0 WorkerThread "GC Thread#3"                     [id=13496, stack(0x0000000631b00000,0x0000000631c00000) (1024K)]
  0x0000019b86df22b0 ConcurrentGCThread "G1 Main Marker"            [id=17612, stack(0x0000000630600000,0x0000000630700000) (1024K)]
  0x0000019b86df4d50 WorkerThread "G1 Conc#0"                       [id=24976, stack(0x0000000630700000,0x0000000630800000) (1024K)]
  0x0000019b86e29730 ConcurrentGCThread "G1 Refine#0"               [id=16268, stack(0x0000000630800000,0x0000000630900000) (1024K)]
  0x0000019b86e2a340 ConcurrentGCThread "G1 Service"                [id=14896, stack(0x0000000630900000,0x0000000630a00000) (1024K)]
Total: 10

Threads with active compile tasks:
Total: 0

VM state: not at safepoint (normal execution)

VM Mutex/Monitor currently owned by a thread:  ([mutex/lock_event])
[0x00007ffd74f59668] Heap_lock - owner thread: 0x0000019b86d80770

Heap address: 0x0000000083600000, size: 1994 MB, Compressed Oops mode: 32-bit

CDS archive(s) mapped at: [0x0000000036000000-0x0000000036dd0000-0x0000000036dd0000), size 14483456, SharedBaseAddress: 0x0000000036000000, ArchiveRelocationMode: 1.
Compressed class space mapped at: 0x0000000037000000-0x0000000077000000, reserved size: 1073741824
UseCompressedClassPointers 1, UseCompactObjectHeaders 0
Narrow klass pointer bits 32, Max shift 3
Narrow klass base: 0x0000000036000000, Narrow klass shift: 0
Encoding Range: [0x0000000036000000 - 0x0000000136000000), (4294967296 bytes)
Klass Range:    [0x0000000036010000 - 0x0000000077000000), (1090453504 bytes)
Klass ID Range:  [65536 - 1090519033) (1090453497)
Protection zone: [0x0000000036000000 - 0x0000000036010000), (65536 bytes)

GC Precious Log:
 CardTable entry size: 512
 Card Set container configuration: InlinePtr #cards 5 size 8 Array Of Cards #cards 10 size 36 Howl #buckets 4 coarsen threshold 1843 Howl Bitmap #cards 512 size 80 coarsen threshold 460 Card regions per heap region 1 cards per card region 2048
 CPUs: 4 total, 4 available
 Memory: 7975M
 Large Page Support: Disabled
 NUMA Support: Disabled
 Compressed Oops: Enabled (32-bit)
 Heap Region Size: 1M
 Heap Min Capacity: 8M
 Heap Initial Capacity: 126M
 Heap Max Capacity: 1994M
 Pre-touch: Disabled
 Parallel Workers: 4
 Concurrent Workers: 1
 Concurrent Refinement Workers: 4
 Periodic GC: Disabled

Heap:
 garbage-first heap   total reserved 2041856K, committed 1475584K, used 1297769K [0x0000000083600000, 0x0000000100000000)
  region size 1024K, 23 young (23552K), 5 survivors (5120K)

Heap Regions: E=young(eden), S=young(survivor), O=old, HS=humongous(starts), HC=humongous(continues), CS=collection set, F=free, TAMS=top-at-mark-start, PB=parsable bottom
|   0|0x0000000083600000, 0x0000000083700000, 0x0000000083700000|100%|HS|  |TAMS 0x0000000083600000| PB 0x0000000083600000| Complete |  0
|   1|0x0000000083700000, 0x0000000083800000, 0x0000000083800000|100%| O|  |TAMS 0x0000000083700000| PB 0x0000000083700000| Untracked |  0
|   2|0x0000000083800000, 0x0000000083900000, 0x0000000083900000|100%| O|  |TAMS 0x0000000083800000| PB 0x0000000083800000| Untracked |  0
|   3|0x0000000083900000, 0x0000000083a00000, 0x0000000083a00000|100%| O|  |TAMS 0x0000000083900000| PB 0x0000000083900000| Untracked |  0
|   4|0x0000000083a00000, 0x0000000083b00000, 0x0000000083b00000|100%| O|  |TAMS 0x0000000083a00000| PB 0x0000000083a00000| Untracked |  0
|   5|0x0000000083b00000, 0x0000000083c00000, 0x0000000083c00000|100%| O|  |TAMS 0x0000000083b00000| PB 0x0000000083b00000| Untracked |  0
|   6|0x0000000083c00000, 0x0000000083c6fa40, 0x0000000083d00000| 43%| O|  |TAMS 0x0000000083c00000| PB 0x0000000083c00000| Untracked |  0
|   7|0x0000000083d00000, 0x0000000083d00000, 0x0000000083e00000|  0%| F|  |TAMS 0x0000000083d00000| PB 0x0000000083d00000| Untracked |  0
|   8|0x0000000083e00000, 0x0000000083e00000, 0x0000000083f00000|  0%| F|  |TAMS 0x0000000083e00000| PB 0x0000000083e00000| Untracked |  0
|   9|0x0000000083f00000, 0x0000000083f00000, 0x0000000084000000|  0%| F|  |TAMS 0x0000000083f00000| PB 0x0000000083f00000| Untracked |  0
|  10|0x0000000084000000, 0x0000000084000000, 0x0000000084100000|  0%| F|  |TAMS 0x0000000084000000| PB 0x0000000084000000| Untracked |  0
|  11|0x0000000084100000, 0x0000000084100000, 0x0000000084200000|  0%| F|  |TAMS 0x0000000084100000| PB 0x0000000084100000| Untracked |  0
|  12|0x0000000084200000, 0x0000000084200000, 0x0000000084300000|  0%| F|  |TAMS 0x0000000084200000| PB 0x0000000084200000| Untracked |  0
|  13|0x0000000084300000, 0x0000000084300000, 0x0000000084400000|  0%| F|  |TAMS 0x0000000084300000| PB 0x0000000084300000| Untracked |  0
|  14|0x0000000084400000, 0x0000000084400000, 0x0000000084500000|  0%| F|  |TAMS 0x0000000084400000| PB 0x0000000084400000| Untracked |  0
|  15|0x0000000084500000, 0x0000000084500000, 0x0000000084600000|  0%| F|  |TAMS 0x0000000084500000| PB 0x0000000084500000| Untracked |  0
|  16|0x0000000084600000, 0x0000000084600000, 0x0000000084700000|  0%| F|  |TAMS 0x0000000084600000| PB 0x0000000084600000| Untracked |  0
|  17|0x0000000084700000, 0x0000000084700000, 0x0000000084800000|  0%| F|  |TAMS 0x0000000084700000| PB 0x0000000084700000| Untracked |  0
|  18|0x0000000084800000, 0x0000000084800000, 0x0000000084900000|  0%| F|  |TAMS 0x0000000084800000| PB 0x0000000084800000| Untracked |  0
|  19|0x0000000084900000, 0x0000000084900000, 0x0000000084a00000|  0%| F|  |TAMS 0x0000000084900000| PB 0x0000000084900000| Untracked |  0
|  20|0x0000000084a00000, 0x0000000084a00000, 0x0000000084b00000|  0%| F|  |TAMS 0x0000000084a00000| PB 0x0000000084a00000| Untracked |  0
|  21|0x0000000084b00000, 0x0000000084b00000, 0x0000000084c00000|  0%| F|  |TAMS 0x0000000084b00000| PB 0x0000000084b00000| Untracked |  0
|  22|0x0000000084c00000, 0x0000000084c00000, 0x0000000084d00000|  0%| F|  |TAMS 0x0000000084c00000| PB 0x0000000084c00000| Untracked |  0
|  23|0x0000000084d00000, 0x0000000084d00000, 0x0000000084e00000|  0%| F|  |TAMS 0x0000000084d00000| PB 0x0000000084d00000| Untracked |  0
|  24|0x0000000084e00000, 0x0000000084e00000, 0x0000000084f00000|  0%| F|  |TAMS 0x0000000084e00000| PB 0x0000000084e00000| Untracked |  0
|  25|0x0000000084f00000, 0x0000000084f00000, 0x0000000085000000|  0%| F|  |TAMS 0x0000000084f00000| PB 0x0000000084f00000| Untracked |  0
|  26|0x0000000085000000, 0x0000000085000000, 0x0000000085100000|  0%| F|  |TAMS 0x0000000085000000| PB 0x0000000085000000| Untracked |  0
|  27|0x0000000085100000, 0x0000000085100000, 0x0000000085200000|  0%| F|  |TAMS 0x0000000085100000| PB 0x0000000085100000| Untracked |  0
|  28|0x0000000085200000, 0x0000000085200000, 0x0000000085300000|  0%| F|  |TAMS 0x0000000085200000| PB 0x0000000085200000| Untracked |  0
|  29|0x0000000085300000, 0x0000000085300000, 0x0000000085400000|  0%| F|  |TAMS 0x0000000085300000| PB 0x0000000085300000| Untracked |  0
|  30|0x0000000085400000, 0x0000000085500000, 0x0000000085500000|100%|HS|  |TAMS 0x0000000085400000| PB 0x0000000085400000| Complete |  0
|  31|0x0000000085500000, 0x0000000085500000, 0x0000000085600000|  0%| F|  |TAMS 0x0000000085500000| PB 0x0000000085500000| Untracked |  0
|  32|0x0000000085600000, 0x0000000085700000, 0x0000000085700000|100%|HS|  |TAMS 0x0000000085600000| PB 0x0000000085600000| Complete |  0
|  33|0x0000000085700000, 0x0000000085700000, 0x0000000085800000|  0%| F|  |TAMS 0x0000000085700000| PB 0x0000000085700000| Untracked |  0
|  34|0x0000000085800000, 0x0000000085800000, 0x0000000085900000|  0%| F|  |TAMS 0x0000000085800000| PB 0x0000000085800000| Untracked |  0
|  35|0x0000000085900000, 0x0000000085900000, 0x0000000085a00000|  0%| F|  |TAMS 0x0000000085900000| PB 0x0000000085900000| Untracked |  0
|  36|0x0000000085a00000, 0x0000000085a00000, 0x0000000085b00000|  0%| F|  |TAMS 0x0000000085a00000| PB 0x0000000085a00000| Untracked |  0
|  37|0x0000000085b00000, 0x0000000085b00000, 0x0000000085c00000|  0%| F|  |TAMS 0x0000000085b00000| PB 0x0000000085b00000| Untracked |  0
|  38|0x0000000085c00000, 0x0000000085c00000, 0x0000000085d00000|  0%| F|  |TAMS 0x0000000085c00000| PB 0x0000000085c00000| Untracked |  0
|  39|0x0000000085d00000, 0x0000000085d00000, 0x0000000085e00000|  0%| F|  |TAMS 0x0000000085d00000| PB 0x0000000085d00000| Untracked |  0
|  40|0x0000000085e00000, 0x0000000085e00000, 0x0000000085f00000|  0%| F|  |TAMS 0x0000000085e00000| PB 0x0000000085e00000| Untracked |  0
|  41|0x0000000085f00000, 0x0000000085f00000, 0x0000000086000000|  0%| F|  |TAMS 0x0000000085f00000| PB 0x0000000085f00000| Untracked |  0
|  42|0x0000000086000000, 0x0000000086000000, 0x0000000086100000|  0%| F|  |TAMS 0x0000000086000000| PB 0x0000000086000000| Untracked |  0
|  43|0x0000000086100000, 0x0000000086100000, 0x0000000086200000|  0%| F|  |TAMS 0x0000000086100000| PB 0x0000000086100000| Untracked |  0
|  44|0x0000000086200000, 0x0000000086200000, 0x0000000086300000|  0%| F|  |TAMS 0x0000000086200000| PB 0x0000000086200000| Untracked |  0
|  45|0x0000000086300000, 0x0000000086300000, 0x0000000086400000|  0%| F|  |TAMS 0x0000000086300000| PB 0x0000000086300000| Untracked |  0
|  46|0x0000000086400000, 0x0000000086400000, 0x0000000086500000|  0%| F|  |TAMS 0x0000000086400000| PB 0x0000000086400000| Untracked |  0
|  47|0x0000000086500000, 0x0000000086500000, 0x0000000086600000|  0%| F|  |TAMS 0x0000000086500000| PB 0x0000000086500000| Untracked |  0
|  48|0x0000000086600000, 0x0000000086600000, 0x0000000086700000|  0%| F|  |TAMS 0x0000000086600000| PB 0x0000000086600000| Untracked |  0
|  49|0x0000000086700000, 0x0000000086700000, 0x0000000086800000|  0%| F|  |TAMS 0x0000000086700000| PB 0x0000000086700000| Untracked |  0
|  50|0x0000000086800000, 0x0000000086800000, 0x0000000086900000|  0%| F|  |TAMS 0x0000000086800000| PB 0x0000000086800000| Untracked |  0
|  51|0x0000000086900000, 0x0000000086900000, 0x0000000086a00000|  0%| F|  |TAMS 0x0000000086900000| PB 0x0000000086900000| Untracked |  0
|  52|0x0000000086a00000, 0x0000000086a00000, 0x0000000086b00000|  0%| F|  |TAMS 0x0000000086a00000| PB 0x0000000086a00000| Untracked |  0
|  53|0x0000000086b00000, 0x0000000086b00000, 0x0000000086c00000|  0%| F|  |TAMS 0x0000000086b00000| PB 0x0000000086b00000| Untracked |  0
|  54|0x0000000086c00000, 0x0000000086c00000, 0x0000000086d00000|  0%| F|  |TAMS 0x0000000086c00000| PB 0x0000000086c00000| Untracked |  0
|  55|0x0000000086d00000, 0x0000000086d00000, 0x0000000086e00000|  0%| F|  |TAMS 0x0000000086d00000| PB 0x0000000086d00000| Untracked |  0
|  56|0x0000000086e00000, 0x0000000086e00000, 0x0000000086f00000|  0%| F|  |TAMS 0x0000000086e00000| PB 0x0000000086e00000| Untracked |  0
|  57|0x0000000086f00000, 0x0000000086f00000, 0x0000000087000000|  0%| F|  |TAMS 0x0000000086f00000| PB 0x0000000086f00000| Untracked |  0
|  58|0x0000000087000000, 0x0000000087000000, 0x0000000087100000|  0%| F|  |TAMS 0x0000000087000000| PB 0x0000000087000000| Untracked |  0
|  59|0x0000000087100000, 0x0000000087100000, 0x0000000087200000|  0%| F|  |TAMS 0x0000000087100000| PB 0x0000000087100000| Untracked |  0
|  60|0x0000000087200000, 0x0000000087200000, 0x0000000087300000|  0%| F|  |TAMS 0x0000000087200000| PB 0x0000000087200000| Untracked |  0
|  61|0x0000000087300000, 0x0000000087300000, 0x0000000087400000|  0%| F|  |TAMS 0x0000000087300000| PB 0x0000000087300000| Untracked |  0
|  62|0x0000000087400000, 0x0000000087400000, 0x0000000087500000|  0%| F|  |TAMS 0x0000000087400000| PB 0x0000000087400000| Untracked |  0
|  63|0x0000000087500000, 0x0000000087500000, 0x0000000087600000|  0%| F|  |TAMS 0x0000000087500000| PB 0x0000000087500000| Untracked |  0
|  64|0x0000000087600000, 0x0000000087600000, 0x0000000087700000|  0%| F|  |TAMS 0x0000000087600000| PB 0x0000000087600000| Untracked |  0
|  65|0x0000000087700000, 0x0000000087700000, 0x0000000087800000|  0%| F|  |TAMS 0x0000000087700000| PB 0x0000000087700000| Untracked |  0
|  66|0x0000000087800000, 0x0000000087800000, 0x0000000087900000|  0%| F|  |TAMS 0x0000000087800000| PB 0x0000000087800000| Untracked |  0
|  67|0x0000000087900000, 0x0000000087900000, 0x0000000087a00000|  0%| F|  |TAMS 0x0000000087900000| PB 0x0000000087900000| Untracked |  0
|  68|0x0000000087a00000, 0x0000000087a00000, 0x0000000087b00000|  0%| F|  |TAMS 0x0000000087a00000| PB 0x0000000087a00000| Untracked |  0
|  69|0x0000000087b00000, 0x0000000087b00000, 0x0000000087c00000|  0%| F|  |TAMS 0x0000000087b00000| PB 0x0000000087b00000| Untracked |  0
|  70|0x0000000087c00000, 0x0000000087c00000, 0x0000000087d00000|  0%| F|  |TAMS 0x0000000087c00000| PB 0x0000000087c00000| Untracked |  0
|  71|0x0000000087d00000, 0x0000000087d00000, 0x0000000087e00000|  0%| F|  |TAMS 0x0000000087d00000| PB 0x0000000087d00000| Untracked |  0
|  72|0x0000000087e00000, 0x0000000087e00000, 0x0000000087f00000|  0%| F|  |TAMS 0x0000000087e00000| PB 0x0000000087e00000| Untracked |  0
|  73|0x0000000087f00000, 0x0000000087f00000, 0x0000000088000000|  0%| F|  |TAMS 0x0000000087f00000| PB 0x0000000087f00000| Untracked |  0
|  74|0x0000000088000000, 0x0000000088000000, 0x0000000088100000|  0%| F|  |TAMS 0x0000000088000000| PB 0x0000000088000000| Untracked |  0
|  75|0x0000000088100000, 0x0000000088100000, 0x0000000088200000|  0%| F|  |TAMS 0x0000000088100000| PB 0x0000000088100000| Untracked |  0
|  76|0x0000000088200000, 0x0000000088200000, 0x0000000088300000|  0%| F|  |TAMS 0x0000000088200000| PB 0x0000000088200000| Untracked |  0
|  77|0x0000000088300000, 0x0000000088300000, 0x0000000088400000|  0%| F|  |TAMS 0x0000000088300000| PB 0x0000000088300000| Untracked |  0
|  78|0x0000000088400000, 0x0000000088400000, 0x0000000088500000|  0%| F|  |TAMS 0x0000000088400000| PB 0x0000000088400000| Untracked |  0
|  79|0x0000000088500000, 0x0000000088500000, 0x0000000088600000|  0%| F|  |TAMS 0x0000000088500000| PB 0x0000000088500000| Untracked |  0
|  80|0x0000000088600000, 0x0000000088600000, 0x0000000088700000|  0%| F|  |TAMS 0x0000000088600000| PB 0x0000000088600000| Untracked |  0
|  81|0x0000000088700000, 0x0000000088700000, 0x0000000088800000|  0%| F|  |TAMS 0x0000000088700000| PB 0x0000000088700000| Untracked |  0
|  82|0x0000000088800000, 0x0000000088800000, 0x0000000088900000|  0%| F|  |TAMS 0x0000000088800000| PB 0x0000000088800000| Untracked |  0
|  83|0x0000000088900000, 0x0000000088900000, 0x0000000088a00000|  0%| F|  |TAMS 0x0000000088900000| PB 0x0000000088900000| Untracked |  0
|  84|0x0000000088a00000, 0x0000000088a00000, 0x0000000088b00000|  0%| F|  |TAMS 0x0000000088a00000| PB 0x0000000088a00000| Untracked |  0
|  85|0x0000000088b00000, 0x0000000088b00000, 0x0000000088c00000|  0%| F|  |TAMS 0x0000000088b00000| PB 0x0000000088b00000| Untracked |  0
|  86|0x0000000088c00000, 0x0000000088c00000, 0x0000000088d00000|  0%| F|  |TAMS 0x0000000088c00000| PB 0x0000000088c00000| Untracked |  0
|  87|0x0000000088d00000, 0x0000000088d00000, 0x0000000088e00000|  0%| F|  |TAMS 0x0000000088d00000| PB 0x0000000088d00000| Untracked |  0
|  88|0x0000000088e00000, 0x0000000088e00000, 0x0000000088f00000|  0%| F|  |TAMS 0x0000000088e00000| PB 0x0000000088e00000| Untracked |  0
|  89|0x0000000088f00000, 0x0000000088f00000, 0x0000000089000000|  0%| F|  |TAMS 0x0000000088f00000| PB 0x0000000088f00000| Untracked |  0
|  90|0x0000000089000000, 0x0000000089000000, 0x0000000089100000|  0%| F|  |TAMS 0x0000000089000000| PB 0x0000000089000000| Untracked |  0
|  91|0x0000000089100000, 0x0000000089100000, 0x0000000089200000|  0%| F|  |TAMS 0x0000000089100000| PB 0x0000000089100000| Untracked |  0
|  92|0x0000000089200000, 0x0000000089200000, 0x0000000089300000|  0%| F|  |TAMS 0x0000000089200000| PB 0x0000000089200000| Untracked |  0
|  93|0x0000000089300000, 0x0000000089400000, 0x0000000089400000|100%| S|CS|TAMS 0x0000000089300000| PB 0x0000000089300000| Complete |  0
|  94|0x0000000089400000, 0x0000000089400000, 0x0000000089500000|  0%| F|  |TAMS 0x0000000089400000| PB 0x0000000089400000| Untracked |  0
|  95|0x0000000089500000, 0x0000000089500000, 0x0000000089600000|  0%| F|  |TAMS 0x0000000089500000| PB 0x0000000089500000| Untracked |  0
|  96|0x0000000089600000, 0x0000000089600000, 0x0000000089700000|  0%| F|  |TAMS 0x0000000089600000| PB 0x0000000089600000| Untracked |  0
|  97|0x0000000089700000, 0x0000000089700000, 0x0000000089800000|  0%| F|  |TAMS 0x0000000089700000| PB 0x0000000089700000| Untracked |  0
|  98|0x0000000089800000, 0x0000000089800000, 0x0000000089900000|  0%| F|  |TAMS 0x0000000089800000| PB 0x0000000089800000| Untracked |  0
|  99|0x0000000089900000, 0x0000000089900000, 0x0000000089a00000|  0%| F|  |TAMS 0x0000000089900000| PB 0x0000000089900000| Untracked |  0
| 100|0x0000000089a00000, 0x0000000089a00000, 0x0000000089b00000|  0%| F|  |TAMS 0x0000000089a00000| PB 0x0000000089a00000| Untracked |  0
| 101|0x0000000089b00000, 0x0000000089b00000, 0x0000000089c00000|  0%| F|  |TAMS 0x0000000089b00000| PB 0x0000000089b00000| Untracked |  0
| 102|0x0000000089c00000, 0x0000000089c00000, 0x0000000089d00000|  0%| F|  |TAMS 0x0000000089c00000| PB 0x0000000089c00000| Untracked |  0
| 103|0x0000000089d00000, 0x0000000089d00000, 0x0000000089e00000|  0%| F|  |TAMS 0x0000000089d00000| PB 0x0000000089d00000| Untracked |  0
| 104|0x0000000089e00000, 0x0000000089e00000, 0x0000000089f00000|  0%| F|  |TAMS 0x0000000089e00000| PB 0x0000000089e00000| Untracked |  0
| 105|0x0000000089f00000, 0x0000000089f00000, 0x000000008a000000|  0%| F|  |TAMS 0x0000000089f00000| PB 0x0000000089f00000| Untracked |  0
| 106|0x000000008a000000, 0x000000008a000000, 0x000000008a100000|  0%| F|  |TAMS 0x000000008a000000| PB 0x000000008a000000| Untracked |  0
| 107|0x000000008a100000, 0x000000008a100000, 0x000000008a200000|  0%| F|  |TAMS 0x000000008a100000| PB 0x000000008a100000| Untracked |  0
| 108|0x000000008a200000, 0x000000008a200000, 0x000000008a300000|  0%| F|  |TAMS 0x000000008a200000| PB 0x000000008a200000| Untracked |  0
| 109|0x000000008a300000, 0x000000008a300000, 0x000000008a400000|  0%| F|  |TAMS 0x000000008a300000| PB 0x000000008a300000| Untracked |  0
| 110|0x000000008a400000, 0x000000008a400000, 0x000000008a500000|  0%| F|  |TAMS 0x000000008a400000| PB 0x000000008a400000| Untracked |  0
| 111|0x000000008a500000, 0x000000008a500000, 0x000000008a600000|  0%| F|  |TAMS 0x000000008a500000| PB 0x000000008a500000| Untracked |  0
| 112|0x000000008a600000, 0x000000008a600000, 0x000000008a700000|  0%| F|  |TAMS 0x000000008a600000| PB 0x000000008a600000| Untracked |  0
| 113|0x000000008a700000, 0x000000008a700000, 0x000000008a800000|  0%| F|  |TAMS 0x000000008a700000| PB 0x000000008a700000| Untracked |  0
| 114|0x000000008a800000, 0x000000008a800000, 0x000000008a900000|  0%| F|  |TAMS 0x000000008a800000| PB 0x000000008a800000| Untracked |  0
| 115|0x000000008a900000, 0x000000008a900000, 0x000000008aa00000|  0%| F|  |TAMS 0x000000008a900000| PB 0x000000008a900000| Untracked |  0
| 116|0x000000008aa00000, 0x000000008aa00000, 0x000000008ab00000|  0%| F|  |TAMS 0x000000008aa00000| PB 0x000000008aa00000| Untracked |  0
| 117|0x000000008ab00000, 0x000000008ab00000, 0x000000008ac00000|  0%| F|  |TAMS 0x000000008ab00000| PB 0x000000008ab00000| Untracked |  0
| 118|0x000000008ac00000, 0x000000008ac00000, 0x000000008ad00000|  0%| F|  |TAMS 0x000000008ac00000| PB 0x000000008ac00000| Untracked |  0
| 119|0x000000008ad00000, 0x000000008ad00000, 0x000000008ae00000|  0%| F|  |TAMS 0x000000008ad00000| PB 0x000000008ad00000| Untracked |  0
| 120|0x000000008ae00000, 0x000000008ae00000, 0x000000008af00000|  0%| F|  |TAMS 0x000000008ae00000| PB 0x000000008ae00000| Untracked |  0
| 121|0x000000008af00000, 0x000000008af00000, 0x000000008b000000|  0%| F|  |TAMS 0x000000008af00000| PB 0x000000008af00000| Untracked |  0
| 122|0x000000008b000000, 0x000000008b100000, 0x000000008b100000|100%| S|CS|TAMS 0x000000008b000000| PB 0x000000008b000000| Complete |  0
| 123|0x000000008b100000, 0x000000008b200000, 0x000000008b200000|100%| S|CS|TAMS 0x000000008b100000| PB 0x000000008b100000| Complete |  0
| 124|0x000000008b200000, 0x000000008b300000, 0x000000008b300000|100%| S|CS|TAMS 0x000000008b200000| PB 0x000000008b200000| Complete |  0
| 125|0x000000008b300000, 0x000000008b300000, 0x000000008b400000|  0%| F|  |TAMS 0x000000008b300000| PB 0x000000008b300000| Untracked |  0
| 126|0x000000008b400000, 0x000000008b400000, 0x000000008b500000|  0%| F|  |TAMS 0x000000008b400000| PB 0x000000008b400000| Untracked |  0
| 127|0x000000008b500000, 0x000000008b500000, 0x000000008b600000|  0%| F|  |TAMS 0x000000008b500000| PB 0x000000008b500000| Untracked |  0
| 128|0x000000008b600000, 0x000000008b600000, 0x000000008b700000|  0%| F|  |TAMS 0x000000008b600000| PB 0x000000008b600000| Untracked |  0
| 129|0x000000008b700000, 0x000000008b700000, 0x000000008b800000|  0%| F|  |TAMS 0x000000008b700000| PB 0x000000008b700000| Untracked |  0
| 130|0x000000008b800000, 0x000000008b800000, 0x000000008b900000|  0%| F|  |TAMS 0x000000008b800000| PB 0x000000008b800000| Untracked |  0
| 131|0x000000008b900000, 0x000000008ba00000, 0x000000008ba00000|100%| E|  |TAMS 0x000000008b900000| PB 0x000000008b900000| Complete |  0
| 132|0x000000008ba00000, 0x000000008bb00000, 0x000000008bb00000|100%| E|CS|TAMS 0x000000008ba00000| PB 0x000000008ba00000| Complete |  0
| 133|0x000000008bb00000, 0x000000008bc00000, 0x000000008bc00000|100%| E|CS|TAMS 0x000000008bb00000| PB 0x000000008bb00000| Complete |  0
| 134|0x000000008bc00000, 0x000000008bd00000, 0x000000008bd00000|100%| E|CS|TAMS 0x000000008bc00000| PB 0x000000008bc00000| Complete |  0
| 135|0x000000008bd00000, 0x000000008be00000, 0x000000008be00000|100%| E|CS|TAMS 0x000000008bd00000| PB 0x000000008bd00000| Complete |  0
| 136|0x000000008be00000, 0x000000008bf00000, 0x000000008bf00000|100%| E|CS|TAMS 0x000000008be00000| PB 0x000000008be00000| Complete |  0
| 137|0x000000008bf00000, 0x000000008c000000, 0x000000008c000000|100%| E|CS|TAMS 0x000000008bf00000| PB 0x000000008bf00000| Complete |  0
| 138|0x000000008c000000, 0x000000008c100000, 0x000000008c100000|100%| E|CS|TAMS 0x000000008c000000| PB 0x000000008c000000| Complete |  0
| 139|0x000000008c100000, 0x000000008c200000, 0x000000008c200000|100%| E|CS|TAMS 0x000000008c100000| PB 0x000000008c100000| Complete |  0
| 140|0x000000008c200000, 0x000000008c300000, 0x000000008c300000|100%| E|CS|TAMS 0x000000008c200000| PB 0x000000008c200000| Complete |  0
| 141|0x000000008c300000, 0x000000008c400000, 0x000000008c400000|100%| E|CS|TAMS 0x000000008c300000| PB 0x000000008c300000| Complete |  0
| 142|0x000000008c400000, 0x000000008c500000, 0x000000008c500000|100%| E|CS|TAMS 0x000000008c400000| PB 0x000000008c400000| Complete |  0
| 143|0x000000008c500000, 0x000000008c600000, 0x000000008c600000|100%| E|CS|TAMS 0x000000008c500000| PB 0x000000008c500000| Complete |  0
| 144|0x000000008c600000, 0x000000008c700000, 0x000000008c700000|100%| E|CS|TAMS 0x000000008c600000| PB 0x000000008c600000| Complete |  0
| 145|0x000000008c700000, 0x000000008c800000, 0x000000008c800000|100%| E|CS|TAMS 0x000000008c700000| PB 0x000000008c700000| Complete |  0
| 146|0x000000008c800000, 0x000000008c900000, 0x000000008c900000|100%| E|  |TAMS 0x000000008c800000| PB 0x000000008c800000| Complete |  0
| 147|0x000000008c900000, 0x000000008ca00000, 0x000000008ca00000|100%| E|CS|TAMS 0x000000008c900000| PB 0x000000008c900000| Complete |  0
| 148|0x000000008ca00000, 0x000000008cb00000, 0x000000008cb00000|100%| E|CS|TAMS 0x000000008ca00000| PB 0x000000008ca00000| Complete |  0
| 149|0x000000008cb00000, 0x000000008cbc54a8, 0x000000008cc00000| 77%| S|CS|TAMS 0x000000008cb00000| PB 0x000000008cb00000| Complete |  0
| 150|0x000000008cc00000, 0x000000008cd00000, 0x000000008cd00000|100%|HS|  |TAMS 0x000000008cc00000| PB 0x000000008cc00000| Complete |  0
| 151|0x000000008cd00000, 0x000000008ce00000, 0x000000008ce00000|100%|HC|  |TAMS 0x000000008cd00000| PB 0x000000008cd00000| Complete |  0
| 152|0x000000008ce00000, 0x000000008cf00000, 0x000000008cf00000|100%|HC|  |TAMS 0x000000008ce00000| PB 0x000000008ce00000| Complete |  0
| 153|0x000000008cf00000, 0x000000008d000000, 0x000000008d000000|100%|HC|  |TAMS 0x000000008cf00000| PB 0x000000008cf00000| Complete |  0
| 154|0x000000008d000000, 0x000000008d100000, 0x000000008d100000|100%|HC|  |TAMS 0x000000008d000000| PB 0x000000008d000000| Complete |  0
| 155|0x000000008d100000, 0x000000008d200000, 0x000000008d200000|100%|HC|  |TAMS 0x000000008d100000| PB 0x000000008d100000| Complete |  0
| 156|0x000000008d200000, 0x000000008d300000, 0x000000008d300000|100%|HC|  |TAMS 0x000000008d200000| PB 0x000000008d200000| Complete |  0
| 157|0x000000008d300000, 0x000000008d400000, 0x000000008d400000|100%|HC|  |TAMS 0x000000008d300000| PB 0x000000008d300000| Complete |  0
| 158|0x000000008d400000, 0x000000008d500000, 0x000000008d500000|100%|HC|  |TAMS 0x000000008d400000| PB 0x000000008d400000| Complete |  0
| 159|0x000000008d500000, 0x000000008d600000, 0x000000008d600000|100%|HC|  |TAMS 0x000000008d500000| PB 0x000000008d500000| Complete |  0
| 160|0x000000008d600000, 0x000000008d700000, 0x000000008d700000|100%|HC|  |TAMS 0x000000008d600000| PB 0x000000008d600000| Complete |  0
| 161|0x000000008d700000, 0x000000008d800000, 0x000000008d800000|100%|HC|  |TAMS 0x000000008d700000| PB 0x000000008d700000| Complete |  0
| 162|0x000000008d800000, 0x000000008d900000, 0x000000008d900000|100%|HC|  |TAMS 0x000000008d800000| PB 0x000000008d800000| Complete |  0
| 163|0x000000008d900000, 0x000000008da00000, 0x000000008da00000|100%|HC|  |TAMS 0x000000008d900000| PB 0x000000008d900000| Complete |  0
| 164|0x000000008da00000, 0x000000008db00000, 0x000000008db00000|100%|HC|  |TAMS 0x000000008da00000| PB 0x000000008da00000| Complete |  0
| 165|0x000000008db00000, 0x000000008dc00000, 0x000000008dc00000|100%|HC|  |TAMS 0x000000008db00000| PB 0x000000008db00000| Complete |  0
| 166|0x000000008dc00000, 0x000000008dd00000, 0x000000008dd00000|100%|HC|  |TAMS 0x000000008dc00000| PB 0x000000008dc00000| Complete |  0
| 167|0x000000008dd00000, 0x000000008de00000, 0x000000008de00000|100%|HC|  |TAMS 0x000000008dd00000| PB 0x000000008dd00000| Complete |  0
| 168|0x000000008de00000, 0x000000008df00000, 0x000000008df00000|100%|HC|  |TAMS 0x000000008de00000| PB 0x000000008de00000| Complete |  0
| 169|0x000000008df00000, 0x000000008e000000, 0x000000008e000000|100%|HC|  |TAMS 0x000000008df00000| PB 0x000000008df00000| Complete |  0
| 170|0x000000008e000000, 0x000000008e100000, 0x000000008e100000|100%|HC|  |TAMS 0x000000008e000000| PB 0x000000008e000000| Complete |  0
| 171|0x000000008e100000, 0x000000008e200000, 0x000000008e200000|100%|HC|  |TAMS 0x000000008e100000| PB 0x000000008e100000| Complete |  0
| 172|0x000000008e200000, 0x000000008e300000, 0x000000008e300000|100%|HC|  |TAMS 0x000000008e200000| PB 0x000000008e200000| Complete |  0
| 173|0x000000008e300000, 0x000000008e400000, 0x000000008e400000|100%|HC|  |TAMS 0x000000008e300000| PB 0x000000008e300000| Complete |  0
| 174|0x000000008e400000, 0x000000008e500000, 0x000000008e500000|100%|HC|  |TAMS 0x000000008e400000| PB 0x000000008e400000| Complete |  0
| 175|0x000000008e500000, 0x000000008e600000, 0x000000008e600000|100%|HC|  |TAMS 0x000000008e500000| PB 0x000000008e500000| Complete |  0
| 176|0x000000008e600000, 0x000000008e700000, 0x000000008e700000|100%|HC|  |TAMS 0x000000008e600000| PB 0x000000008e600000| Complete |  0
| 177|0x000000008e700000, 0x000000008e800000, 0x000000008e800000|100%|HC|  |TAMS 0x000000008e700000| PB 0x000000008e700000| Complete |  0
| 178|0x000000008e800000, 0x000000008e900000, 0x000000008e900000|100%|HC|  |TAMS 0x000000008e800000| PB 0x000000008e800000| Complete |  0
| 179|0x000000008e900000, 0x000000008ea00000, 0x000000008ea00000|100%|HC|  |TAMS 0x000000008e900000| PB 0x000000008e900000| Complete |  0
| 180|0x000000008ea00000, 0x000000008eb00000, 0x000000008eb00000|100%|HC|  |TAMS 0x000000008ea00000| PB 0x000000008ea00000| Complete |  0
| 181|0x000000008eb00000, 0x000000008ec00000, 0x000000008ec00000|100%|HC|  |TAMS 0x000000008eb00000| PB 0x000000008eb00000| Complete |  0
| 182|0x000000008ec00000, 0x000000008ed00000, 0x000000008ed00000|100%|HC|  |TAMS 0x000000008ec00000| PB 0x000000008ec00000| Complete |  0
| 183|0x000000008ed00000, 0x000000008ee00000, 0x000000008ee00000|100%|HC|  |TAMS 0x000000008ed00000| PB 0x000000008ed00000| Complete |  0
| 184|0x000000008ee00000, 0x000000008ef00000, 0x000000008ef00000|100%|HC|  |TAMS 0x000000008ee00000| PB 0x000000008ee00000| Complete |  0
| 185|0x000000008ef00000, 0x000000008f000000, 0x000000008f000000|100%|HC|  |TAMS 0x000000008ef00000| PB 0x000000008ef00000| Complete |  0
| 186|0x000000008f000000, 0x000000008f100000, 0x000000008f100000|100%|HC|  |TAMS 0x000000008f000000| PB 0x000000008f000000| Complete |  0
| 187|0x000000008f100000, 0x000000008f200000, 0x000000008f200000|100%|HC|  |TAMS 0x000000008f100000| PB 0x000000008f100000| Complete |  0
| 188|0x000000008f200000, 0x000000008f300000, 0x000000008f300000|100%|HC|  |TAMS 0x000000008f200000| PB 0x000000008f200000| Complete |  0
| 189|0x000000008f300000, 0x000000008f400000, 0x000000008f400000|100%|HC|  |TAMS 0x000000008f300000| PB 0x000000008f300000| Complete |  0
| 190|0x000000008f400000, 0x000000008f500000, 0x000000008f500000|100%|HC|  |TAMS 0x000000008f400000| PB 0x000000008f400000| Complete |  0
| 191|0x000000008f500000, 0x000000008f600000, 0x000000008f600000|100%|HC|  |TAMS 0x000000008f500000| PB 0x000000008f500000| Complete |  0
| 192|0x000000008f600000, 0x000000008f700000, 0x000000008f700000|100%|HC|  |TAMS 0x000000008f600000| PB 0x000000008f600000| Complete |  0
| 193|0x000000008f700000, 0x000000008f800000, 0x000000008f800000|100%|HC|  |TAMS 0x000000008f700000| PB 0x000000008f700000| Complete |  0
| 194|0x000000008f800000, 0x000000008f900000, 0x000000008f900000|100%|HC|  |TAMS 0x000000008f800000| PB 0x000000008f800000| Complete |  0
| 195|0x000000008f900000, 0x000000008fa00000, 0x000000008fa00000|100%|HC|  |TAMS 0x000000008f900000| PB 0x000000008f900000| Complete |  0
| 196|0x000000008fa00000, 0x000000008fb00000, 0x000000008fb00000|100%|HC|  |TAMS 0x000000008fa00000| PB 0x000000008fa00000| Complete |  0
| 197|0x000000008fb00000, 0x000000008fc00000, 0x000000008fc00000|100%|HC|  |TAMS 0x000000008fb00000| PB 0x000000008fb00000| Complete |  0
| 198|0x000000008fc00000, 0x000000008fd00000, 0x000000008fd00000|100%|HC|  |TAMS 0x000000008fc00000| PB 0x000000008fc00000| Complete |  0
| 199|0x000000008fd00000, 0x000000008fe00000, 0x000000008fe00000|100%|HC|  |TAMS 0x000000008fd00000| PB 0x000000008fd00000| Complete |  0
| 200|0x000000008fe00000, 0x000000008ff00000, 0x000000008ff00000|100%|HC|  |TAMS 0x000000008fe00000| PB 0x000000008fe00000| Complete |  0
| 201|0x000000008ff00000, 0x0000000090000000, 0x0000000090000000|100%|HC|  |TAMS 0x000000008ff00000| PB 0x000000008ff00000| Complete |  0
| 202|0x0000000090000000, 0x0000000090100000, 0x0000000090100000|100%|HC|  |TAMS 0x0000000090000000| PB 0x0000000090000000| Complete |  0
| 203|0x0000000090100000, 0x0000000090200000, 0x0000000090200000|100%|HC|  |TAMS 0x0000000090100000| PB 0x0000000090100000| Complete |  0
| 204|0x0000000090200000, 0x0000000090300000, 0x0000000090300000|100%|HC|  |TAMS 0x0000000090200000| PB 0x0000000090200000| Complete |  0
| 205|0x0000000090300000, 0x0000000090400000, 0x0000000090400000|100%|HC|  |TAMS 0x0000000090300000| PB 0x0000000090300000| Complete |  0
| 206|0x0000000090400000, 0x0000000090500000, 0x0000000090500000|100%|HC|  |TAMS 0x0000000090400000| PB 0x0000000090400000| Complete |  0
| 207|0x0000000090500000, 0x0000000090600000, 0x0000000090600000|100%|HC|  |TAMS 0x0000000090500000| PB 0x0000000090500000| Complete |  0
| 208|0x0000000090600000, 0x0000000090700000, 0x0000000090700000|100%|HC|  |TAMS 0x0000000090600000| PB 0x0000000090600000| Complete |  0
| 209|0x0000000090700000, 0x0000000090800000, 0x0000000090800000|100%|HC|  |TAMS 0x0000000090700000| PB 0x0000000090700000| Complete |  0
| 210|0x0000000090800000, 0x0000000090900000, 0x0000000090900000|100%|HC|  |TAMS 0x0000000090800000| PB 0x0000000090800000| Complete |  0
| 211|0x0000000090900000, 0x0000000090a00000, 0x0000000090a00000|100%|HC|  |TAMS 0x0000000090900000| PB 0x0000000090900000| Complete |  0
| 212|0x0000000090a00000, 0x0000000090b00000, 0x0000000090b00000|100%|HC|  |TAMS 0x0000000090a00000| PB 0x0000000090a00000| Complete |  0
| 213|0x0000000090b00000, 0x0000000090c00000, 0x0000000090c00000|100%|HC|  |TAMS 0x0000000090b00000| PB 0x0000000090b00000| Complete |  0
| 214|0x0000000090c00000, 0x0000000090d00000, 0x0000000090d00000|100%|HC|  |TAMS 0x0000000090c00000| PB 0x0000000090c00000| Complete |  0
| 215|0x0000000090d00000, 0x0000000090e00000, 0x0000000090e00000|100%|HS|  |TAMS 0x0000000090d00000| PB 0x0000000090d00000| Complete |  0
| 216|0x0000000090e00000, 0x0000000090f00000, 0x0000000090f00000|100%|HC|  |TAMS 0x0000000090e00000| PB 0x0000000090e00000| Complete |  0
| 217|0x0000000090f00000, 0x0000000091000000, 0x0000000091000000|100%|HC|  |TAMS 0x0000000090f00000| PB 0x0000000090f00000| Complete |  0
| 218|0x0000000091000000, 0x0000000091100000, 0x0000000091100000|100%|HC|  |TAMS 0x0000000091000000| PB 0x0000000091000000| Complete |  0
| 219|0x0000000091100000, 0x0000000091200000, 0x0000000091200000|100%|HC|  |TAMS 0x0000000091100000| PB 0x0000000091100000| Complete |  0
| 220|0x0000000091200000, 0x0000000091300000, 0x0000000091300000|100%|HC|  |TAMS 0x0000000091200000| PB 0x0000000091200000| Complete |  0
| 221|0x0000000091300000, 0x0000000091400000, 0x0000000091400000|100%|HC|  |TAMS 0x0000000091300000| PB 0x0000000091300000| Complete |  0
| 222|0x0000000091400000, 0x0000000091500000, 0x0000000091500000|100%|HC|  |TAMS 0x0000000091400000| PB 0x0000000091400000| Complete |  0
| 223|0x0000000091500000, 0x0000000091600000, 0x0000000091600000|100%|HC|  |TAMS 0x0000000091500000| PB 0x0000000091500000| Complete |  0
| 224|0x0000000091600000, 0x0000000091700000, 0x0000000091700000|100%|HC|  |TAMS 0x0000000091600000| PB 0x0000000091600000| Complete |  0
| 225|0x0000000091700000, 0x0000000091800000, 0x0000000091800000|100%|HC|  |TAMS 0x0000000091700000| PB 0x0000000091700000| Complete |  0
| 226|0x0000000091800000, 0x0000000091900000, 0x0000000091900000|100%|HC|  |TAMS 0x0000000091800000| PB 0x0000000091800000| Complete |  0
| 227|0x0000000091900000, 0x0000000091a00000, 0x0000000091a00000|100%|HC|  |TAMS 0x0000000091900000| PB 0x0000000091900000| Complete |  0
| 228|0x0000000091a00000, 0x0000000091b00000, 0x0000000091b00000|100%|HC|  |TAMS 0x0000000091a00000| PB 0x0000000091a00000| Complete |  0
| 229|0x0000000091b00000, 0x0000000091c00000, 0x0000000091c00000|100%|HC|  |TAMS 0x0000000091b00000| PB 0x0000000091b00000| Complete |  0
| 230|0x0000000091c00000, 0x0000000091d00000, 0x0000000091d00000|100%|HC|  |TAMS 0x0000000091c00000| PB 0x0000000091c00000| Complete |  0
| 231|0x0000000091d00000, 0x0000000091e00000, 0x0000000091e00000|100%|HC|  |TAMS 0x0000000091d00000| PB 0x0000000091d00000| Complete |  0
| 232|0x0000000091e00000, 0x0000000091f00000, 0x0000000091f00000|100%|HC|  |TAMS 0x0000000091e00000| PB 0x0000000091e00000| Complete |  0
| 233|0x0000000091f00000, 0x0000000092000000, 0x0000000092000000|100%|HC|  |TAMS 0x0000000091f00000| PB 0x0000000091f00000| Complete |  0
| 234|0x0000000092000000, 0x0000000092100000, 0x0000000092100000|100%|HC|  |TAMS 0x0000000092000000| PB 0x0000000092000000| Complete |  0
| 235|0x0000000092100000, 0x0000000092200000, 0x0000000092200000|100%|HC|  |TAMS 0x0000000092100000| PB 0x0000000092100000| Complete |  0
| 236|0x0000000092200000, 0x0000000092300000, 0x0000000092300000|100%|HC|  |TAMS 0x0000000092200000| PB 0x0000000092200000| Complete |  0
| 237|0x0000000092300000, 0x0000000092400000, 0x0000000092400000|100%|HC|  |TAMS 0x0000000092300000| PB 0x0000000092300000| Complete |  0
| 238|0x0000000092400000, 0x0000000092500000, 0x0000000092500000|100%|HC|  |TAMS 0x0000000092400000| PB 0x0000000092400000| Complete |  0
| 239|0x0000000092500000, 0x0000000092600000, 0x0000000092600000|100%|HC|  |TAMS 0x0000000092500000| PB 0x0000000092500000| Complete |  0
| 240|0x0000000092600000, 0x0000000092700000, 0x0000000092700000|100%|HC|  |TAMS 0x0000000092600000| PB 0x0000000092600000| Complete |  0
| 241|0x0000000092700000, 0x0000000092800000, 0x0000000092800000|100%|HC|  |TAMS 0x0000000092700000| PB 0x0000000092700000| Complete |  0
| 242|0x0000000092800000, 0x0000000092900000, 0x0000000092900000|100%|HC|  |TAMS 0x0000000092800000| PB 0x0000000092800000| Complete |  0
| 243|0x0000000092900000, 0x0000000092a00000, 0x0000000092a00000|100%|HC|  |TAMS 0x0000000092900000| PB 0x0000000092900000| Complete |  0
| 244|0x0000000092a00000, 0x0000000092b00000, 0x0000000092b00000|100%|HC|  |TAMS 0x0000000092a00000| PB 0x0000000092a00000| Complete |  0
| 245|0x0000000092b00000, 0x0000000092c00000, 0x0000000092c00000|100%|HC|  |TAMS 0x0000000092b00000| PB 0x0000000092b00000| Complete |  0
| 246|0x0000000092c00000, 0x0000000092d00000, 0x0000000092d00000|100%|HC|  |TAMS 0x0000000092c00000| PB 0x0000000092c00000| Complete |  0
| 247|0x0000000092d00000, 0x0000000092e00000, 0x0000000092e00000|100%|HC|  |TAMS 0x0000000092d00000| PB 0x0000000092d00000| Complete |  0
| 248|0x0000000092e00000, 0x0000000092f00000, 0x0000000092f00000|100%|HC|  |TAMS 0x0000000092e00000| PB 0x0000000092e00000| Complete |  0
| 249|0x0000000092f00000, 0x0000000093000000, 0x0000000093000000|100%|HC|  |TAMS 0x0000000092f00000| PB 0x0000000092f00000| Complete |  0
| 250|0x0000000093000000, 0x0000000093100000, 0x0000000093100000|100%|HC|  |TAMS 0x0000000093000000| PB 0x0000000093000000| Complete |  0
| 251|0x0000000093100000, 0x0000000093200000, 0x0000000093200000|100%|HC|  |TAMS 0x0000000093100000| PB 0x0000000093100000| Complete |  0
| 252|0x0000000093200000, 0x0000000093300000, 0x0000000093300000|100%|HC|  |TAMS 0x0000000093200000| PB 0x0000000093200000| Complete |  0
| 253|0x0000000093300000, 0x0000000093400000, 0x0000000093400000|100%|HC|  |TAMS 0x0000000093300000| PB 0x0000000093300000| Complete |  0
| 254|0x0000000093400000, 0x0000000093500000, 0x0000000093500000|100%|HC|  |TAMS 0x0000000093400000| PB 0x0000000093400000| Complete |  0
| 255|0x0000000093500000, 0x0000000093600000, 0x0000000093600000|100%|HC|  |TAMS 0x0000000093500000| PB 0x0000000093500000| Complete |  0
| 256|0x0000000093600000, 0x0000000093700000, 0x0000000093700000|100%|HC|  |TAMS 0x0000000093600000| PB 0x0000000093600000| Complete |  0
| 257|0x0000000093700000, 0x0000000093800000, 0x0000000093800000|100%|HC|  |TAMS 0x0000000093700000| PB 0x0000000093700000| Complete |  0
| 258|0x0000000093800000, 0x0000000093900000, 0x0000000093900000|100%|HC|  |TAMS 0x0000000093800000| PB 0x0000000093800000| Complete |  0
| 259|0x0000000093900000, 0x0000000093a00000, 0x0000000093a00000|100%|HC|  |TAMS 0x0000000093900000| PB 0x0000000093900000| Complete |  0
| 260|0x0000000093a00000, 0x0000000093b00000, 0x0000000093b00000|100%|HC|  |TAMS 0x0000000093a00000| PB 0x0000000093a00000| Complete |  0
| 261|0x0000000093b00000, 0x0000000093c00000, 0x0000000093c00000|100%|HC|  |TAMS 0x0000000093b00000| PB 0x0000000093b00000| Complete |  0
| 262|0x0000000093c00000, 0x0000000093d00000, 0x0000000093d00000|100%|HC|  |TAMS 0x0000000093c00000| PB 0x0000000093c00000| Complete |  0
| 263|0x0000000093d00000, 0x0000000093e00000, 0x0000000093e00000|100%|HC|  |TAMS 0x0000000093d00000| PB 0x0000000093d00000| Complete |  0
| 264|0x0000000093e00000, 0x0000000093f00000, 0x0000000093f00000|100%|HC|  |TAMS 0x0000000093e00000| PB 0x0000000093e00000| Complete |  0
| 265|0x0000000093f00000, 0x0000000094000000, 0x0000000094000000|100%|HC|  |TAMS 0x0000000093f00000| PB 0x0000000093f00000| Complete |  0
| 266|0x0000000094000000, 0x0000000094100000, 0x0000000094100000|100%|HC|  |TAMS 0x0000000094000000| PB 0x0000000094000000| Complete |  0
| 267|0x0000000094100000, 0x0000000094200000, 0x0000000094200000|100%|HC|  |TAMS 0x0000000094100000| PB 0x0000000094100000| Complete |  0
| 268|0x0000000094200000, 0x0000000094300000, 0x0000000094300000|100%|HC|  |TAMS 0x0000000094200000| PB 0x0000000094200000| Complete |  0
| 269|0x0000000094300000, 0x0000000094400000, 0x0000000094400000|100%|HC|  |TAMS 0x0000000094300000| PB 0x0000000094300000| Complete |  0
| 270|0x0000000094400000, 0x0000000094500000, 0x0000000094500000|100%|HC|  |TAMS 0x0000000094400000| PB 0x0000000094400000| Complete |  0
| 271|0x0000000094500000, 0x0000000094600000, 0x0000000094600000|100%|HC|  |TAMS 0x0000000094500000| PB 0x0000000094500000| Complete |  0
| 272|0x0000000094600000, 0x0000000094700000, 0x0000000094700000|100%|HC|  |TAMS 0x0000000094600000| PB 0x0000000094600000| Complete |  0
| 273|0x0000000094700000, 0x0000000094800000, 0x0000000094800000|100%|HC|  |TAMS 0x0000000094700000| PB 0x0000000094700000| Complete |  0
| 274|0x0000000094800000, 0x0000000094900000, 0x0000000094900000|100%|HC|  |TAMS 0x0000000094800000| PB 0x0000000094800000| Complete |  0
| 275|0x0000000094900000, 0x0000000094a00000, 0x0000000094a00000|100%|HC|  |TAMS 0x0000000094900000| PB 0x0000000094900000| Complete |  0
| 276|0x0000000094a00000, 0x0000000094b00000, 0x0000000094b00000|100%|HC|  |TAMS 0x0000000094a00000| PB 0x0000000094a00000| Complete |  0
| 277|0x0000000094b00000, 0x0000000094c00000, 0x0000000094c00000|100%|HC|  |TAMS 0x0000000094b00000| PB 0x0000000094b00000| Complete |  0
| 278|0x0000000094c00000, 0x0000000094d00000, 0x0000000094d00000|100%|HC|  |TAMS 0x0000000094c00000| PB 0x0000000094c00000| Complete |  0
| 279|0x0000000094d00000, 0x0000000094e00000, 0x0000000094e00000|100%|HC|  |TAMS 0x0000000094d00000| PB 0x0000000094d00000| Complete |  0
| 280|0x0000000094e00000, 0x0000000094f00000, 0x0000000094f00000|100%|HS|  |TAMS 0x0000000094e00000| PB 0x0000000094e00000| Complete |  0
| 281|0x0000000094f00000, 0x0000000095000000, 0x0000000095000000|100%|HC|  |TAMS 0x0000000094f00000| PB 0x0000000094f00000| Complete |  0
| 282|0x0000000095000000, 0x0000000095100000, 0x0000000095100000|100%|HC|  |TAMS 0x0000000095000000| PB 0x0000000095000000| Complete |  0
| 283|0x0000000095100000, 0x0000000095200000, 0x0000000095200000|100%|HC|  |TAMS 0x0000000095100000| PB 0x0000000095100000| Complete |  0
| 284|0x0000000095200000, 0x0000000095300000, 0x0000000095300000|100%|HC|  |TAMS 0x0000000095200000| PB 0x0000000095200000| Complete |  0
| 285|0x0000000095300000, 0x0000000095400000, 0x0000000095400000|100%|HC|  |TAMS 0x0000000095300000| PB 0x0000000095300000| Complete |  0
| 286|0x0000000095400000, 0x0000000095500000, 0x0000000095500000|100%|HC|  |TAMS 0x0000000095400000| PB 0x0000000095400000| Complete |  0
| 287|0x0000000095500000, 0x0000000095600000, 0x0000000095600000|100%|HC|  |TAMS 0x0000000095500000| PB 0x0000000095500000| Complete |  0
| 288|0x0000000095600000, 0x0000000095700000, 0x0000000095700000|100%|HC|  |TAMS 0x0000000095600000| PB 0x0000000095600000| Complete |  0
| 289|0x0000000095700000, 0x0000000095800000, 0x0000000095800000|100%|HC|  |TAMS 0x0000000095700000| PB 0x0000000095700000| Complete |  0
| 290|0x0000000095800000, 0x0000000095900000, 0x0000000095900000|100%|HC|  |TAMS 0x0000000095800000| PB 0x0000000095800000| Complete |  0
| 291|0x0000000095900000, 0x0000000095a00000, 0x0000000095a00000|100%|HC|  |TAMS 0x0000000095900000| PB 0x0000000095900000| Complete |  0
| 292|0x0000000095a00000, 0x0000000095b00000, 0x0000000095b00000|100%|HC|  |TAMS 0x0000000095a00000| PB 0x0000000095a00000| Complete |  0
| 293|0x0000000095b00000, 0x0000000095c00000, 0x0000000095c00000|100%|HC|  |TAMS 0x0000000095b00000| PB 0x0000000095b00000| Complete |  0
| 294|0x0000000095c00000, 0x0000000095d00000, 0x0000000095d00000|100%|HC|  |TAMS 0x0000000095c00000| PB 0x0000000095c00000| Complete |  0
| 295|0x0000000095d00000, 0x0000000095e00000, 0x0000000095e00000|100%|HC|  |TAMS 0x0000000095d00000| PB 0x0000000095d00000| Complete |  0
| 296|0x0000000095e00000, 0x0000000095f00000, 0x0000000095f00000|100%|HC|  |TAMS 0x0000000095e00000| PB 0x0000000095e00000| Complete |  0
| 297|0x0000000095f00000, 0x0000000096000000, 0x0000000096000000|100%|HC|  |TAMS 0x0000000095f00000| PB 0x0000000095f00000| Complete |  0
| 298|0x0000000096000000, 0x0000000096100000, 0x0000000096100000|100%|HC|  |TAMS 0x0000000096000000| PB 0x0000000096000000| Complete |  0
| 299|0x0000000096100000, 0x0000000096200000, 0x0000000096200000|100%|HC|  |TAMS 0x0000000096100000| PB 0x0000000096100000| Complete |  0
| 300|0x0000000096200000, 0x0000000096300000, 0x0000000096300000|100%|HC|  |TAMS 0x0000000096200000| PB 0x0000000096200000| Complete |  0
| 301|0x0000000096300000, 0x0000000096400000, 0x0000000096400000|100%|HC|  |TAMS 0x0000000096300000| PB 0x0000000096300000| Complete |  0
| 302|0x0000000096400000, 0x0000000096500000, 0x0000000096500000|100%|HC|  |TAMS 0x0000000096400000| PB 0x0000000096400000| Complete |  0
| 303|0x0000000096500000, 0x0000000096600000, 0x0000000096600000|100%|HC|  |TAMS 0x0000000096500000| PB 0x0000000096500000| Complete |  0
| 304|0x0000000096600000, 0x0000000096700000, 0x0000000096700000|100%|HC|  |TAMS 0x0000000096600000| PB 0x0000000096600000| Complete |  0
| 305|0x0000000096700000, 0x0000000096800000, 0x0000000096800000|100%|HC|  |TAMS 0x0000000096700000| PB 0x0000000096700000| Complete |  0
| 306|0x0000000096800000, 0x0000000096900000, 0x0000000096900000|100%|HC|  |TAMS 0x0000000096800000| PB 0x0000000096800000| Complete |  0
| 307|0x0000000096900000, 0x0000000096a00000, 0x0000000096a00000|100%|HC|  |TAMS 0x0000000096900000| PB 0x0000000096900000| Complete |  0
| 308|0x0000000096a00000, 0x0000000096b00000, 0x0000000096b00000|100%|HC|  |TAMS 0x0000000096a00000| PB 0x0000000096a00000| Complete |  0
| 309|0x0000000096b00000, 0x0000000096c00000, 0x0000000096c00000|100%|HC|  |TAMS 0x0000000096b00000| PB 0x0000000096b00000| Complete |  0
| 310|0x0000000096c00000, 0x0000000096d00000, 0x0000000096d00000|100%|HC|  |TAMS 0x0000000096c00000| PB 0x0000000096c00000| Complete |  0
| 311|0x0000000096d00000, 0x0000000096e00000, 0x0000000096e00000|100%|HC|  |TAMS 0x0000000096d00000| PB 0x0000000096d00000| Complete |  0
| 312|0x0000000096e00000, 0x0000000096f00000, 0x0000000096f00000|100%|HC|  |TAMS 0x0000000096e00000| PB 0x0000000096e00000| Complete |  0
| 313|0x0000000096f00000, 0x0000000097000000, 0x0000000097000000|100%|HC|  |TAMS 0x0000000096f00000| PB 0x0000000096f00000| Complete |  0
| 314|0x0000000097000000, 0x0000000097100000, 0x0000000097100000|100%|HC|  |TAMS 0x0000000097000000| PB 0x0000000097000000| Complete |  0
| 315|0x0000000097100000, 0x0000000097200000, 0x0000000097200000|100%|HC|  |TAMS 0x0000000097100000| PB 0x0000000097100000| Complete |  0
| 316|0x0000000097200000, 0x0000000097300000, 0x0000000097300000|100%|HC|  |TAMS 0x0000000097200000| PB 0x0000000097200000| Complete |  0
| 317|0x0000000097300000, 0x0000000097400000, 0x0000000097400000|100%|HC|  |TAMS 0x0000000097300000| PB 0x0000000097300000| Complete |  0
| 318|0x0000000097400000, 0x0000000097500000, 0x0000000097500000|100%|HC|  |TAMS 0x0000000097400000| PB 0x0000000097400000| Complete |  0
| 319|0x0000000097500000, 0x0000000097600000, 0x0000000097600000|100%|HC|  |TAMS 0x0000000097500000| PB 0x0000000097500000| Complete |  0
| 320|0x0000000097600000, 0x0000000097700000, 0x0000000097700000|100%|HC|  |TAMS 0x0000000097600000| PB 0x0000000097600000| Complete |  0
| 321|0x0000000097700000, 0x0000000097800000, 0x0000000097800000|100%|HC|  |TAMS 0x0000000097700000| PB 0x0000000097700000| Complete |  0
| 322|0x0000000097800000, 0x0000000097900000, 0x0000000097900000|100%|HC|  |TAMS 0x0000000097800000| PB 0x0000000097800000| Complete |  0
| 323|0x0000000097900000, 0x0000000097a00000, 0x0000000097a00000|100%|HC|  |TAMS 0x0000000097900000| PB 0x0000000097900000| Complete |  0
| 324|0x0000000097a00000, 0x0000000097b00000, 0x0000000097b00000|100%|HC|  |TAMS 0x0000000097a00000| PB 0x0000000097a00000| Complete |  0
| 325|0x0000000097b00000, 0x0000000097c00000, 0x0000000097c00000|100%|HC|  |TAMS 0x0000000097b00000| PB 0x0000000097b00000| Complete |  0
| 326|0x0000000097c00000, 0x0000000097d00000, 0x0000000097d00000|100%|HC|  |TAMS 0x0000000097c00000| PB 0x0000000097c00000| Complete |  0
| 327|0x0000000097d00000, 0x0000000097e00000, 0x0000000097e00000|100%|HC|  |TAMS 0x0000000097d00000| PB 0x0000000097d00000| Complete |  0
| 328|0x0000000097e00000, 0x0000000097f00000, 0x0000000097f00000|100%|HC|  |TAMS 0x0000000097e00000| PB 0x0000000097e00000| Complete |  0
| 329|0x0000000097f00000, 0x0000000098000000, 0x0000000098000000|100%|HC|  |TAMS 0x0000000097f00000| PB 0x0000000097f00000| Complete |  0
| 330|0x0000000098000000, 0x0000000098100000, 0x0000000098100000|100%|HC|  |TAMS 0x0000000098000000| PB 0x0000000098000000| Complete |  0
| 331|0x0000000098100000, 0x0000000098200000, 0x0000000098200000|100%|HC|  |TAMS 0x0000000098100000| PB 0x0000000098100000| Complete |  0
| 332|0x0000000098200000, 0x0000000098300000, 0x0000000098300000|100%|HC|  |TAMS 0x0000000098200000| PB 0x0000000098200000| Complete |  0
| 333|0x0000000098300000, 0x0000000098400000, 0x0000000098400000|100%|HC|  |TAMS 0x0000000098300000| PB 0x0000000098300000| Complete |  0
| 334|0x0000000098400000, 0x0000000098500000, 0x0000000098500000|100%|HC|  |TAMS 0x0000000098400000| PB 0x0000000098400000| Complete |  0
| 335|0x0000000098500000, 0x0000000098600000, 0x0000000098600000|100%|HC|  |TAMS 0x0000000098500000| PB 0x0000000098500000| Complete |  0
| 336|0x0000000098600000, 0x0000000098700000, 0x0000000098700000|100%|HC|  |TAMS 0x0000000098600000| PB 0x0000000098600000| Complete |  0
| 337|0x0000000098700000, 0x0000000098800000, 0x0000000098800000|100%|HC|  |TAMS 0x0000000098700000| PB 0x0000000098700000| Complete |  0
| 338|0x0000000098800000, 0x0000000098900000, 0x0000000098900000|100%|HC|  |TAMS 0x0000000098800000| PB 0x0000000098800000| Complete |  0
| 339|0x0000000098900000, 0x0000000098a00000, 0x0000000098a00000|100%|HC|  |TAMS 0x0000000098900000| PB 0x0000000098900000| Complete |  0
| 340|0x0000000098a00000, 0x0000000098b00000, 0x0000000098b00000|100%|HC|  |TAMS 0x0000000098a00000| PB 0x0000000098a00000| Complete |  0
| 341|0x0000000098b00000, 0x0000000098c00000, 0x0000000098c00000|100%|HC|  |TAMS 0x0000000098b00000| PB 0x0000000098b00000| Complete |  0
| 342|0x0000000098c00000, 0x0000000098d00000, 0x0000000098d00000|100%|HC|  |TAMS 0x0000000098c00000| PB 0x0000000098c00000| Complete |  0
| 343|0x0000000098d00000, 0x0000000098e00000, 0x0000000098e00000|100%|HC|  |TAMS 0x0000000098d00000| PB 0x0000000098d00000| Complete |  0
| 344|0x0000000098e00000, 0x0000000098f00000, 0x0000000098f00000|100%|HC|  |TAMS 0x0000000098e00000| PB 0x0000000098e00000| Complete |  0
| 345|0x0000000098f00000, 0x0000000099000000, 0x0000000099000000|100%|HS|  |TAMS 0x0000000098f00000| PB 0x0000000098f00000| Complete |  0
| 346|0x0000000099000000, 0x0000000099100000, 0x0000000099100000|100%|HC|  |TAMS 0x0000000099000000| PB 0x0000000099000000| Complete |  0
| 347|0x0000000099100000, 0x0000000099200000, 0x0000000099200000|100%|HC|  |TAMS 0x0000000099100000| PB 0x0000000099100000| Complete |  0
| 348|0x0000000099200000, 0x0000000099300000, 0x0000000099300000|100%|HC|  |TAMS 0x0000000099200000| PB 0x0000000099200000| Complete |  0
| 349|0x0000000099300000, 0x0000000099400000, 0x0000000099400000|100%|HC|  |TAMS 0x0000000099300000| PB 0x0000000099300000| Complete |  0
| 350|0x0000000099400000, 0x0000000099500000, 0x0000000099500000|100%|HC|  |TAMS 0x0000000099400000| PB 0x0000000099400000| Complete |  0
| 351|0x0000000099500000, 0x0000000099600000, 0x0000000099600000|100%|HC|  |TAMS 0x0000000099500000| PB 0x0000000099500000| Complete |  0
| 352|0x0000000099600000, 0x0000000099700000, 0x0000000099700000|100%|HC|  |TAMS 0x0000000099600000| PB 0x0000000099600000| Complete |  0
| 353|0x0000000099700000, 0x0000000099800000, 0x0000000099800000|100%|HC|  |TAMS 0x0000000099700000| PB 0x0000000099700000| Complete |  0
| 354|0x0000000099800000, 0x0000000099900000, 0x0000000099900000|100%|HC|  |TAMS 0x0000000099800000| PB 0x0000000099800000| Complete |  0
| 355|0x0000000099900000, 0x0000000099a00000, 0x0000000099a00000|100%|HC|  |TAMS 0x0000000099900000| PB 0x0000000099900000| Complete |  0
| 356|0x0000000099a00000, 0x0000000099b00000, 0x0000000099b00000|100%|HC|  |TAMS 0x0000000099a00000| PB 0x0000000099a00000| Complete |  0
| 357|0x0000000099b00000, 0x0000000099c00000, 0x0000000099c00000|100%|HC|  |TAMS 0x0000000099b00000| PB 0x0000000099b00000| Complete |  0
| 358|0x0000000099c00000, 0x0000000099d00000, 0x0000000099d00000|100%|HC|  |TAMS 0x0000000099c00000| PB 0x0000000099c00000| Complete |  0
| 359|0x0000000099d00000, 0x0000000099e00000, 0x0000000099e00000|100%|HC|  |TAMS 0x0000000099d00000| PB 0x0000000099d00000| Complete |  0
| 360|0x0000000099e00000, 0x0000000099f00000, 0x0000000099f00000|100%|HC|  |TAMS 0x0000000099e00000| PB 0x0000000099e00000| Complete |  0
| 361|0x0000000099f00000, 0x000000009a000000, 0x000000009a000000|100%|HC|  |TAMS 0x0000000099f00000| PB 0x0000000099f00000| Complete |  0
| 362|0x000000009a000000, 0x000000009a100000, 0x000000009a100000|100%|HC|  |TAMS 0x000000009a000000| PB 0x000000009a000000| Complete |  0
| 363|0x000000009a100000, 0x000000009a200000, 0x000000009a200000|100%|HC|  |TAMS 0x000000009a100000| PB 0x000000009a100000| Complete |  0
| 364|0x000000009a200000, 0x000000009a300000, 0x000000009a300000|100%|HC|  |TAMS 0x000000009a200000| PB 0x000000009a200000| Complete |  0
| 365|0x000000009a300000, 0x000000009a400000, 0x000000009a400000|100%|HC|  |TAMS 0x000000009a300000| PB 0x000000009a300000| Complete |  0
| 366|0x000000009a400000, 0x000000009a500000, 0x000000009a500000|100%|HC|  |TAMS 0x000000009a400000| PB 0x000000009a400000| Complete |  0
| 367|0x000000009a500000, 0x000000009a600000, 0x000000009a600000|100%|HC|  |TAMS 0x000000009a500000| PB 0x000000009a500000| Complete |  0
| 368|0x000000009a600000, 0x000000009a700000, 0x000000009a700000|100%|HC|  |TAMS 0x000000009a600000| PB 0x000000009a600000| Complete |  0
| 369|0x000000009a700000, 0x000000009a800000, 0x000000009a800000|100%|HC|  |TAMS 0x000000009a700000| PB 0x000000009a700000| Complete |  0
| 370|0x000000009a800000, 0x000000009a900000, 0x000000009a900000|100%|HC|  |TAMS 0x000000009a800000| PB 0x000000009a800000| Complete |  0
| 371|0x000000009a900000, 0x000000009aa00000, 0x000000009aa00000|100%|HC|  |TAMS 0x000000009a900000| PB 0x000000009a900000| Complete |  0
| 372|0x000000009aa00000, 0x000000009ab00000, 0x000000009ab00000|100%|HC|  |TAMS 0x000000009aa00000| PB 0x000000009aa00000| Complete |  0
| 373|0x000000009ab00000, 0x000000009ac00000, 0x000000009ac00000|100%|HC|  |TAMS 0x000000009ab00000| PB 0x000000009ab00000| Complete |  0
| 374|0x000000009ac00000, 0x000000009ad00000, 0x000000009ad00000|100%|HC|  |TAMS 0x000000009ac00000| PB 0x000000009ac00000| Complete |  0
| 375|0x000000009ad00000, 0x000000009ae00000, 0x000000009ae00000|100%|HC|  |TAMS 0x000000009ad00000| PB 0x000000009ad00000| Complete |  0
| 376|0x000000009ae00000, 0x000000009af00000, 0x000000009af00000|100%|HC|  |TAMS 0x000000009ae00000| PB 0x000000009ae00000| Complete |  0
| 377|0x000000009af00000, 0x000000009b000000, 0x000000009b000000|100%|HC|  |TAMS 0x000000009af00000| PB 0x000000009af00000| Complete |  0
| 378|0x000000009b000000, 0x000000009b100000, 0x000000009b100000|100%|HC|  |TAMS 0x000000009b000000| PB 0x000000009b000000| Complete |  0
| 379|0x000000009b100000, 0x000000009b200000, 0x000000009b200000|100%|HC|  |TAMS 0x000000009b100000| PB 0x000000009b100000| Complete |  0
| 380|0x000000009b200000, 0x000000009b300000, 0x000000009b300000|100%|HC|  |TAMS 0x000000009b200000| PB 0x000000009b200000| Complete |  0
| 381|0x000000009b300000, 0x000000009b400000, 0x000000009b400000|100%|HC|  |TAMS 0x000000009b300000| PB 0x000000009b300000| Complete |  0
| 382|0x000000009b400000, 0x000000009b500000, 0x000000009b500000|100%|HC|  |TAMS 0x000000009b400000| PB 0x000000009b400000| Complete |  0
| 383|0x000000009b500000, 0x000000009b600000, 0x000000009b600000|100%|HC|  |TAMS 0x000000009b500000| PB 0x000000009b500000| Complete |  0
| 384|0x000000009b600000, 0x000000009b700000, 0x000000009b700000|100%|HC|  |TAMS 0x000000009b600000| PB 0x000000009b600000| Complete |  0
| 385|0x000000009b700000, 0x000000009b800000, 0x000000009b800000|100%|HC|  |TAMS 0x000000009b700000| PB 0x000000009b700000| Complete |  0
| 386|0x000000009b800000, 0x000000009b900000, 0x000000009b900000|100%|HC|  |TAMS 0x000000009b800000| PB 0x000000009b800000| Complete |  0
| 387|0x000000009b900000, 0x000000009ba00000, 0x000000009ba00000|100%|HC|  |TAMS 0x000000009b900000| PB 0x000000009b900000| Complete |  0
| 388|0x000000009ba00000, 0x000000009bb00000, 0x000000009bb00000|100%|HC|  |TAMS 0x000000009ba00000| PB 0x000000009ba00000| Complete |  0
| 389|0x000000009bb00000, 0x000000009bc00000, 0x000000009bc00000|100%|HC|  |TAMS 0x000000009bb00000| PB 0x000000009bb00000| Complete |  0
| 390|0x000000009bc00000, 0x000000009bd00000, 0x000000009bd00000|100%|HC|  |TAMS 0x000000009bc00000| PB 0x000000009bc00000| Complete |  0
| 391|0x000000009bd00000, 0x000000009be00000, 0x000000009be00000|100%|HC|  |TAMS 0x000000009bd00000| PB 0x000000009bd00000| Complete |  0
| 392|0x000000009be00000, 0x000000009bf00000, 0x000000009bf00000|100%|HC|  |TAMS 0x000000009be00000| PB 0x000000009be00000| Complete |  0
| 393|0x000000009bf00000, 0x000000009c000000, 0x000000009c000000|100%|HC|  |TAMS 0x000000009bf00000| PB 0x000000009bf00000| Complete |  0
| 394|0x000000009c000000, 0x000000009c100000, 0x000000009c100000|100%|HC|  |TAMS 0x000000009c000000| PB 0x000000009c000000| Complete |  0
| 395|0x000000009c100000, 0x000000009c200000, 0x000000009c200000|100%|HC|  |TAMS 0x000000009c100000| PB 0x000000009c100000| Complete |  0
| 396|0x000000009c200000, 0x000000009c300000, 0x000000009c300000|100%|HC|  |TAMS 0x000000009c200000| PB 0x000000009c200000| Complete |  0
| 397|0x000000009c300000, 0x000000009c400000, 0x000000009c400000|100%|HC|  |TAMS 0x000000009c300000| PB 0x000000009c300000| Complete |  0
| 398|0x000000009c400000, 0x000000009c500000, 0x000000009c500000|100%|HC|  |TAMS 0x000000009c400000| PB 0x000000009c400000| Complete |  0
| 399|0x000000009c500000, 0x000000009c600000, 0x000000009c600000|100%|HC|  |TAMS 0x000000009c500000| PB 0x000000009c500000| Complete |  0
| 400|0x000000009c600000, 0x000000009c700000, 0x000000009c700000|100%|HC|  |TAMS 0x000000009c600000| PB 0x000000009c600000| Complete |  0
| 401|0x000000009c700000, 0x000000009c800000, 0x000000009c800000|100%|HC|  |TAMS 0x000000009c700000| PB 0x000000009c700000| Complete |  0
| 402|0x000000009c800000, 0x000000009c900000, 0x000000009c900000|100%|HC|  |TAMS 0x000000009c800000| PB 0x000000009c800000| Complete |  0
| 403|0x000000009c900000, 0x000000009ca00000, 0x000000009ca00000|100%|HC|  |TAMS 0x000000009c900000| PB 0x000000009c900000| Complete |  0
| 404|0x000000009ca00000, 0x000000009cb00000, 0x000000009cb00000|100%|HC|  |TAMS 0x000000009ca00000| PB 0x000000009ca00000| Complete |  0
| 405|0x000000009cb00000, 0x000000009cc00000, 0x000000009cc00000|100%|HC|  |TAMS 0x000000009cb00000| PB 0x000000009cb00000| Complete |  0
| 406|0x000000009cc00000, 0x000000009cd00000, 0x000000009cd00000|100%|HC|  |TAMS 0x000000009cc00000| PB 0x000000009cc00000| Complete |  0
| 407|0x000000009cd00000, 0x000000009ce00000, 0x000000009ce00000|100%|HC|  |TAMS 0x000000009cd00000| PB 0x000000009cd00000| Complete |  0
| 408|0x000000009ce00000, 0x000000009cf00000, 0x000000009cf00000|100%|HC|  |TAMS 0x000000009ce00000| PB 0x000000009ce00000| Complete |  0
| 409|0x000000009cf00000, 0x000000009d000000, 0x000000009d000000|100%|HC|  |TAMS 0x000000009cf00000| PB 0x000000009cf00000| Complete |  0
| 410|0x000000009d000000, 0x000000009d100000, 0x000000009d100000|100%|HS|  |TAMS 0x000000009d000000| PB 0x000000009d000000| Complete |  0
| 411|0x000000009d100000, 0x000000009d200000, 0x000000009d200000|100%|HC|  |TAMS 0x000000009d100000| PB 0x000000009d100000| Complete |  0
| 412|0x000000009d200000, 0x000000009d300000, 0x000000009d300000|100%|HC|  |TAMS 0x000000009d200000| PB 0x000000009d200000| Complete |  0
| 413|0x000000009d300000, 0x000000009d400000, 0x000000009d400000|100%|HC|  |TAMS 0x000000009d300000| PB 0x000000009d300000| Complete |  0
| 414|0x000000009d400000, 0x000000009d500000, 0x000000009d500000|100%|HC|  |TAMS 0x000000009d400000| PB 0x000000009d400000| Complete |  0
| 415|0x000000009d500000, 0x000000009d600000, 0x000000009d600000|100%|HC|  |TAMS 0x000000009d500000| PB 0x000000009d500000| Complete |  0
| 416|0x000000009d600000, 0x000000009d700000, 0x000000009d700000|100%|HC|  |TAMS 0x000000009d600000| PB 0x000000009d600000| Complete |  0
| 417|0x000000009d700000, 0x000000009d800000, 0x000000009d800000|100%|HC|  |TAMS 0x000000009d700000| PB 0x000000009d700000| Complete |  0
| 418|0x000000009d800000, 0x000000009d900000, 0x000000009d900000|100%|HC|  |TAMS 0x000000009d800000| PB 0x000000009d800000| Complete |  0
| 419|0x000000009d900000, 0x000000009da00000, 0x000000009da00000|100%|HC|  |TAMS 0x000000009d900000| PB 0x000000009d900000| Complete |  0
| 420|0x000000009da00000, 0x000000009db00000, 0x000000009db00000|100%|HC|  |TAMS 0x000000009da00000| PB 0x000000009da00000| Complete |  0
| 421|0x000000009db00000, 0x000000009dc00000, 0x000000009dc00000|100%|HC|  |TAMS 0x000000009db00000| PB 0x000000009db00000| Complete |  0
| 422|0x000000009dc00000, 0x000000009dd00000, 0x000000009dd00000|100%|HC|  |TAMS 0x000000009dc00000| PB 0x000000009dc00000| Complete |  0
| 423|0x000000009dd00000, 0x000000009de00000, 0x000000009de00000|100%|HC|  |TAMS 0x000000009dd00000| PB 0x000000009dd00000| Complete |  0
| 424|0x000000009de00000, 0x000000009df00000, 0x000000009df00000|100%|HC|  |TAMS 0x000000009de00000| PB 0x000000009de00000| Complete |  0
| 425|0x000000009df00000, 0x000000009e000000, 0x000000009e000000|100%|HC|  |TAMS 0x000000009df00000| PB 0x000000009df00000| Complete |  0
| 426|0x000000009e000000, 0x000000009e100000, 0x000000009e100000|100%|HC|  |TAMS 0x000000009e000000| PB 0x000000009e000000| Complete |  0
| 427|0x000000009e100000, 0x000000009e200000, 0x000000009e200000|100%|HC|  |TAMS 0x000000009e100000| PB 0x000000009e100000| Complete |  0
| 428|0x000000009e200000, 0x000000009e300000, 0x000000009e300000|100%|HC|  |TAMS 0x000000009e200000| PB 0x000000009e200000| Complete |  0
| 429|0x000000009e300000, 0x000000009e400000, 0x000000009e400000|100%|HC|  |TAMS 0x000000009e300000| PB 0x000000009e300000| Complete |  0
| 430|0x000000009e400000, 0x000000009e500000, 0x000000009e500000|100%|HC|  |TAMS 0x000000009e400000| PB 0x000000009e400000| Complete |  0
| 431|0x000000009e500000, 0x000000009e600000, 0x000000009e600000|100%|HC|  |TAMS 0x000000009e500000| PB 0x000000009e500000| Complete |  0
| 432|0x000000009e600000, 0x000000009e700000, 0x000000009e700000|100%|HC|  |TAMS 0x000000009e600000| PB 0x000000009e600000| Complete |  0
| 433|0x000000009e700000, 0x000000009e800000, 0x000000009e800000|100%|HC|  |TAMS 0x000000009e700000| PB 0x000000009e700000| Complete |  0
| 434|0x000000009e800000, 0x000000009e900000, 0x000000009e900000|100%|HC|  |TAMS 0x000000009e800000| PB 0x000000009e800000| Complete |  0
| 435|0x000000009e900000, 0x000000009ea00000, 0x000000009ea00000|100%|HC|  |TAMS 0x000000009e900000| PB 0x000000009e900000| Complete |  0
| 436|0x000000009ea00000, 0x000000009eb00000, 0x000000009eb00000|100%|HC|  |TAMS 0x000000009ea00000| PB 0x000000009ea00000| Complete |  0
| 437|0x000000009eb00000, 0x000000009ec00000, 0x000000009ec00000|100%|HC|  |TAMS 0x000000009eb00000| PB 0x000000009eb00000| Complete |  0
| 438|0x000000009ec00000, 0x000000009ed00000, 0x000000009ed00000|100%|HC|  |TAMS 0x000000009ec00000| PB 0x000000009ec00000| Complete |  0
| 439|0x000000009ed00000, 0x000000009ee00000, 0x000000009ee00000|100%|HC|  |TAMS 0x000000009ed00000| PB 0x000000009ed00000| Complete |  0
| 440|0x000000009ee00000, 0x000000009ef00000, 0x000000009ef00000|100%|HC|  |TAMS 0x000000009ee00000| PB 0x000000009ee00000| Complete |  0
| 441|0x000000009ef00000, 0x000000009f000000, 0x000000009f000000|100%|HC|  |TAMS 0x000000009ef00000| PB 0x000000009ef00000| Complete |  0
| 442|0x000000009f000000, 0x000000009f100000, 0x000000009f100000|100%|HC|  |TAMS 0x000000009f000000| PB 0x000000009f000000| Complete |  0
| 443|0x000000009f100000, 0x000000009f200000, 0x000000009f200000|100%|HC|  |TAMS 0x000000009f100000| PB 0x000000009f100000| Complete |  0
| 444|0x000000009f200000, 0x000000009f300000, 0x000000009f300000|100%|HC|  |TAMS 0x000000009f200000| PB 0x000000009f200000| Complete |  0
| 445|0x000000009f300000, 0x000000009f400000, 0x000000009f400000|100%|HC|  |TAMS 0x000000009f300000| PB 0x000000009f300000| Complete |  0
| 446|0x000000009f400000, 0x000000009f500000, 0x000000009f500000|100%|HC|  |TAMS 0x000000009f400000| PB 0x000000009f400000| Complete |  0
| 447|0x000000009f500000, 0x000000009f600000, 0x000000009f600000|100%|HC|  |TAMS 0x000000009f500000| PB 0x000000009f500000| Complete |  0
| 448|0x000000009f600000, 0x000000009f700000, 0x000000009f700000|100%|HC|  |TAMS 0x000000009f600000| PB 0x000000009f600000| Complete |  0
| 449|0x000000009f700000, 0x000000009f800000, 0x000000009f800000|100%|HC|  |TAMS 0x000000009f700000| PB 0x000000009f700000| Complete |  0
| 450|0x000000009f800000, 0x000000009f900000, 0x000000009f900000|100%|HC|  |TAMS 0x000000009f800000| PB 0x000000009f800000| Complete |  0
| 451|0x000000009f900000, 0x000000009fa00000, 0x000000009fa00000|100%|HC|  |TAMS 0x000000009f900000| PB 0x000000009f900000| Complete |  0
| 452|0x000000009fa00000, 0x000000009fb00000, 0x000000009fb00000|100%|HC|  |TAMS 0x000000009fa00000| PB 0x000000009fa00000| Complete |  0
| 453|0x000000009fb00000, 0x000000009fc00000, 0x000000009fc00000|100%|HC|  |TAMS 0x000000009fb00000| PB 0x000000009fb00000| Complete |  0
| 454|0x000000009fc00000, 0x000000009fd00000, 0x000000009fd00000|100%|HC|  |TAMS 0x000000009fc00000| PB 0x000000009fc00000| Complete |  0
| 455|0x000000009fd00000, 0x000000009fe00000, 0x000000009fe00000|100%|HC|  |TAMS 0x000000009fd00000| PB 0x000000009fd00000| Complete |  0
| 456|0x000000009fe00000, 0x000000009ff00000, 0x000000009ff00000|100%|HC|  |TAMS 0x000000009fe00000| PB 0x000000009fe00000| Complete |  0
| 457|0x000000009ff00000, 0x00000000a0000000, 0x00000000a0000000|100%|HC|  |TAMS 0x000000009ff00000| PB 0x000000009ff00000| Complete |  0
| 458|0x00000000a0000000, 0x00000000a0100000, 0x00000000a0100000|100%|HC|  |TAMS 0x00000000a0000000| PB 0x00000000a0000000| Complete |  0
| 459|0x00000000a0100000, 0x00000000a0200000, 0x00000000a0200000|100%|HC|  |TAMS 0x00000000a0100000| PB 0x00000000a0100000| Complete |  0
| 460|0x00000000a0200000, 0x00000000a0300000, 0x00000000a0300000|100%|HC|  |TAMS 0x00000000a0200000| PB 0x00000000a0200000| Complete |  0
| 461|0x00000000a0300000, 0x00000000a0400000, 0x00000000a0400000|100%|HC|  |TAMS 0x00000000a0300000| PB 0x00000000a0300000| Complete |  0
| 462|0x00000000a0400000, 0x00000000a0500000, 0x00000000a0500000|100%|HC|  |TAMS 0x00000000a0400000| PB 0x00000000a0400000| Complete |  0
| 463|0x00000000a0500000, 0x00000000a0600000, 0x00000000a0600000|100%|HC|  |TAMS 0x00000000a0500000| PB 0x00000000a0500000| Complete |  0
| 464|0x00000000a0600000, 0x00000000a0700000, 0x00000000a0700000|100%|HC|  |TAMS 0x00000000a0600000| PB 0x00000000a0600000| Complete |  0
| 465|0x00000000a0700000, 0x00000000a0800000, 0x00000000a0800000|100%|HC|  |TAMS 0x00000000a0700000| PB 0x00000000a0700000| Complete |  0
| 466|0x00000000a0800000, 0x00000000a0900000, 0x00000000a0900000|100%|HC|  |TAMS 0x00000000a0800000| PB 0x00000000a0800000| Complete |  0
| 467|0x00000000a0900000, 0x00000000a0a00000, 0x00000000a0a00000|100%|HC|  |TAMS 0x00000000a0900000| PB 0x00000000a0900000| Complete |  0
| 468|0x00000000a0a00000, 0x00000000a0b00000, 0x00000000a0b00000|100%|HC|  |TAMS 0x00000000a0a00000| PB 0x00000000a0a00000| Complete |  0
| 469|0x00000000a0b00000, 0x00000000a0c00000, 0x00000000a0c00000|100%|HC|  |TAMS 0x00000000a0b00000| PB 0x00000000a0b00000| Complete |  0
| 470|0x00000000a0c00000, 0x00000000a0d00000, 0x00000000a0d00000|100%|HC|  |TAMS 0x00000000a0c00000| PB 0x00000000a0c00000| Complete |  0
| 471|0x00000000a0d00000, 0x00000000a0e00000, 0x00000000a0e00000|100%|HC|  |TAMS 0x00000000a0d00000| PB 0x00000000a0d00000| Complete |  0
| 472|0x00000000a0e00000, 0x00000000a0f00000, 0x00000000a0f00000|100%|HC|  |TAMS 0x00000000a0e00000| PB 0x00000000a0e00000| Complete |  0
| 473|0x00000000a0f00000, 0x00000000a1000000, 0x00000000a1000000|100%|HC|  |TAMS 0x00000000a0f00000| PB 0x00000000a0f00000| Complete |  0
| 474|0x00000000a1000000, 0x00000000a1100000, 0x00000000a1100000|100%|HC|  |TAMS 0x00000000a1000000| PB 0x00000000a1000000| Complete |  0
| 475|0x00000000a1100000, 0x00000000a1200000, 0x00000000a1200000|100%|HS|  |TAMS 0x00000000a1100000| PB 0x00000000a1100000| Complete |  0
| 476|0x00000000a1200000, 0x00000000a1300000, 0x00000000a1300000|100%|HC|  |TAMS 0x00000000a1200000| PB 0x00000000a1200000| Complete |  0
| 477|0x00000000a1300000, 0x00000000a1400000, 0x00000000a1400000|100%|HC|  |TAMS 0x00000000a1300000| PB 0x00000000a1300000| Complete |  0
| 478|0x00000000a1400000, 0x00000000a1500000, 0x00000000a1500000|100%|HC|  |TAMS 0x00000000a1400000| PB 0x00000000a1400000| Complete |  0
| 479|0x00000000a1500000, 0x00000000a1600000, 0x00000000a1600000|100%|HC|  |TAMS 0x00000000a1500000| PB 0x00000000a1500000| Complete |  0
| 480|0x00000000a1600000, 0x00000000a1700000, 0x00000000a1700000|100%|HC|  |TAMS 0x00000000a1600000| PB 0x00000000a1600000| Complete |  0
| 481|0x00000000a1700000, 0x00000000a1800000, 0x00000000a1800000|100%|HC|  |TAMS 0x00000000a1700000| PB 0x00000000a1700000| Complete |  0
| 482|0x00000000a1800000, 0x00000000a1900000, 0x00000000a1900000|100%|HC|  |TAMS 0x00000000a1800000| PB 0x00000000a1800000| Complete |  0
| 483|0x00000000a1900000, 0x00000000a1a00000, 0x00000000a1a00000|100%|HC|  |TAMS 0x00000000a1900000| PB 0x00000000a1900000| Complete |  0
| 484|0x00000000a1a00000, 0x00000000a1b00000, 0x00000000a1b00000|100%|HC|  |TAMS 0x00000000a1a00000| PB 0x00000000a1a00000| Complete |  0
| 485|0x00000000a1b00000, 0x00000000a1c00000, 0x00000000a1c00000|100%|HC|  |TAMS 0x00000000a1b00000| PB 0x00000000a1b00000| Complete |  0
| 486|0x00000000a1c00000, 0x00000000a1d00000, 0x00000000a1d00000|100%|HC|  |TAMS 0x00000000a1c00000| PB 0x00000000a1c00000| Complete |  0
| 487|0x00000000a1d00000, 0x00000000a1e00000, 0x00000000a1e00000|100%|HC|  |TAMS 0x00000000a1d00000| PB 0x00000000a1d00000| Complete |  0
| 488|0x00000000a1e00000, 0x00000000a1f00000, 0x00000000a1f00000|100%|HC|  |TAMS 0x00000000a1e00000| PB 0x00000000a1e00000| Complete |  0
| 489|0x00000000a1f00000, 0x00000000a2000000, 0x00000000a2000000|100%|HC|  |TAMS 0x00000000a1f00000| PB 0x00000000a1f00000| Complete |  0
| 490|0x00000000a2000000, 0x00000000a2100000, 0x00000000a2100000|100%|HC|  |TAMS 0x00000000a2000000| PB 0x00000000a2000000| Complete |  0
| 491|0x00000000a2100000, 0x00000000a2200000, 0x00000000a2200000|100%|HC|  |TAMS 0x00000000a2100000| PB 0x00000000a2100000| Complete |  0
| 492|0x00000000a2200000, 0x00000000a2300000, 0x00000000a2300000|100%|HC|  |TAMS 0x00000000a2200000| PB 0x00000000a2200000| Complete |  0
| 493|0x00000000a2300000, 0x00000000a2400000, 0x00000000a2400000|100%|HC|  |TAMS 0x00000000a2300000| PB 0x00000000a2300000| Complete |  0
| 494|0x00000000a2400000, 0x00000000a2500000, 0x00000000a2500000|100%|HC|  |TAMS 0x00000000a2400000| PB 0x00000000a2400000| Complete |  0
| 495|0x00000000a2500000, 0x00000000a2600000, 0x00000000a2600000|100%|HC|  |TAMS 0x00000000a2500000| PB 0x00000000a2500000| Complete |  0
| 496|0x00000000a2600000, 0x00000000a2700000, 0x00000000a2700000|100%|HC|  |TAMS 0x00000000a2600000| PB 0x00000000a2600000| Complete |  0
| 497|0x00000000a2700000, 0x00000000a2800000, 0x00000000a2800000|100%|HC|  |TAMS 0x00000000a2700000| PB 0x00000000a2700000| Complete |  0
| 498|0x00000000a2800000, 0x00000000a2900000, 0x00000000a2900000|100%|HC|  |TAMS 0x00000000a2800000| PB 0x00000000a2800000| Complete |  0
| 499|0x00000000a2900000, 0x00000000a2a00000, 0x00000000a2a00000|100%|HC|  |TAMS 0x00000000a2900000| PB 0x00000000a2900000| Complete |  0
| 500|0x00000000a2a00000, 0x00000000a2b00000, 0x00000000a2b00000|100%|HC|  |TAMS 0x00000000a2a00000| PB 0x00000000a2a00000| Complete |  0
| 501|0x00000000a2b00000, 0x00000000a2c00000, 0x00000000a2c00000|100%|HC|  |TAMS 0x00000000a2b00000| PB 0x00000000a2b00000| Complete |  0
| 502|0x00000000a2c00000, 0x00000000a2d00000, 0x00000000a2d00000|100%|HC|  |TAMS 0x00000000a2c00000| PB 0x00000000a2c00000| Complete |  0
| 503|0x00000000a2d00000, 0x00000000a2e00000, 0x00000000a2e00000|100%|HC|  |TAMS 0x00000000a2d00000| PB 0x00000000a2d00000| Complete |  0
| 504|0x00000000a2e00000, 0x00000000a2f00000, 0x00000000a2f00000|100%|HC|  |TAMS 0x00000000a2e00000| PB 0x00000000a2e00000| Complete |  0
| 505|0x00000000a2f00000, 0x00000000a3000000, 0x00000000a3000000|100%|HC|  |TAMS 0x00000000a2f00000| PB 0x00000000a2f00000| Complete |  0
| 506|0x00000000a3000000, 0x00000000a3100000, 0x00000000a3100000|100%|HC|  |TAMS 0x00000000a3000000| PB 0x00000000a3000000| Complete |  0
| 507|0x00000000a3100000, 0x00000000a3200000, 0x00000000a3200000|100%|HC|  |TAMS 0x00000000a3100000| PB 0x00000000a3100000| Complete |  0
| 508|0x00000000a3200000, 0x00000000a3300000, 0x00000000a3300000|100%|HC|  |TAMS 0x00000000a3200000| PB 0x00000000a3200000| Complete |  0
| 509|0x00000000a3300000, 0x00000000a3400000, 0x00000000a3400000|100%|HC|  |TAMS 0x00000000a3300000| PB 0x00000000a3300000| Complete |  0
| 510|0x00000000a3400000, 0x00000000a3500000, 0x00000000a3500000|100%|HC|  |TAMS 0x00000000a3400000| PB 0x00000000a3400000| Complete |  0
| 511|0x00000000a3500000, 0x00000000a3600000, 0x00000000a3600000|100%|HC|  |TAMS 0x00000000a3500000| PB 0x00000000a3500000| Complete |  0
| 512|0x00000000a3600000, 0x00000000a3700000, 0x00000000a3700000|100%|HC|  |TAMS 0x00000000a3600000| PB 0x00000000a3600000| Complete |  0
| 513|0x00000000a3700000, 0x00000000a3800000, 0x00000000a3800000|100%|HC|  |TAMS 0x00000000a3700000| PB 0x00000000a3700000| Complete |  0
| 514|0x00000000a3800000, 0x00000000a3900000, 0x00000000a3900000|100%|HC|  |TAMS 0x00000000a3800000| PB 0x00000000a3800000| Complete |  0
| 515|0x00000000a3900000, 0x00000000a3a00000, 0x00000000a3a00000|100%|HC|  |TAMS 0x00000000a3900000| PB 0x00000000a3900000| Complete |  0
| 516|0x00000000a3a00000, 0x00000000a3b00000, 0x00000000a3b00000|100%|HC|  |TAMS 0x00000000a3a00000| PB 0x00000000a3a00000| Complete |  0
| 517|0x00000000a3b00000, 0x00000000a3c00000, 0x00000000a3c00000|100%|HC|  |TAMS 0x00000000a3b00000| PB 0x00000000a3b00000| Complete |  0
| 518|0x00000000a3c00000, 0x00000000a3d00000, 0x00000000a3d00000|100%|HC|  |TAMS 0x00000000a3c00000| PB 0x00000000a3c00000| Complete |  0
| 519|0x00000000a3d00000, 0x00000000a3e00000, 0x00000000a3e00000|100%|HC|  |TAMS 0x00000000a3d00000| PB 0x00000000a3d00000| Complete |  0
| 520|0x00000000a3e00000, 0x00000000a3f00000, 0x00000000a3f00000|100%|HC|  |TAMS 0x00000000a3e00000| PB 0x00000000a3e00000| Complete |  0
| 521|0x00000000a3f00000, 0x00000000a4000000, 0x00000000a4000000|100%|HC|  |TAMS 0x00000000a3f00000| PB 0x00000000a3f00000| Complete |  0
| 522|0x00000000a4000000, 0x00000000a4100000, 0x00000000a4100000|100%|HC|  |TAMS 0x00000000a4000000| PB 0x00000000a4000000| Complete |  0
| 523|0x00000000a4100000, 0x00000000a4200000, 0x00000000a4200000|100%|HC|  |TAMS 0x00000000a4100000| PB 0x00000000a4100000| Complete |  0
| 524|0x00000000a4200000, 0x00000000a4300000, 0x00000000a4300000|100%|HC|  |TAMS 0x00000000a4200000| PB 0x00000000a4200000| Complete |  0
| 525|0x00000000a4300000, 0x00000000a4400000, 0x00000000a4400000|100%|HC|  |TAMS 0x00000000a4300000| PB 0x00000000a4300000| Complete |  0
| 526|0x00000000a4400000, 0x00000000a4500000, 0x00000000a4500000|100%|HC|  |TAMS 0x00000000a4400000| PB 0x00000000a4400000| Complete |  0
| 527|0x00000000a4500000, 0x00000000a4600000, 0x00000000a4600000|100%|HC|  |TAMS 0x00000000a4500000| PB 0x00000000a4500000| Complete |  0
| 528|0x00000000a4600000, 0x00000000a4700000, 0x00000000a4700000|100%|HC|  |TAMS 0x00000000a4600000| PB 0x00000000a4600000| Complete |  0
| 529|0x00000000a4700000, 0x00000000a4800000, 0x00000000a4800000|100%|HC|  |TAMS 0x00000000a4700000| PB 0x00000000a4700000| Complete |  0
| 530|0x00000000a4800000, 0x00000000a4900000, 0x00000000a4900000|100%|HC|  |TAMS 0x00000000a4800000| PB 0x00000000a4800000| Complete |  0
| 531|0x00000000a4900000, 0x00000000a4a00000, 0x00000000a4a00000|100%|HC|  |TAMS 0x00000000a4900000| PB 0x00000000a4900000| Complete |  0
| 532|0x00000000a4a00000, 0x00000000a4b00000, 0x00000000a4b00000|100%|HC|  |TAMS 0x00000000a4a00000| PB 0x00000000a4a00000| Complete |  0
| 533|0x00000000a4b00000, 0x00000000a4c00000, 0x00000000a4c00000|100%|HC|  |TAMS 0x00000000a4b00000| PB 0x00000000a4b00000| Complete |  0
| 534|0x00000000a4c00000, 0x00000000a4d00000, 0x00000000a4d00000|100%|HC|  |TAMS 0x00000000a4c00000| PB 0x00000000a4c00000| Complete |  0
| 535|0x00000000a4d00000, 0x00000000a4e00000, 0x00000000a4e00000|100%|HC|  |TAMS 0x00000000a4d00000| PB 0x00000000a4d00000| Complete |  0
| 536|0x00000000a4e00000, 0x00000000a4f00000, 0x00000000a4f00000|100%|HC|  |TAMS 0x00000000a4e00000| PB 0x00000000a4e00000| Complete |  0
| 537|0x00000000a4f00000, 0x00000000a5000000, 0x00000000a5000000|100%|HC|  |TAMS 0x00000000a4f00000| PB 0x00000000a4f00000| Complete |  0
| 538|0x00000000a5000000, 0x00000000a5100000, 0x00000000a5100000|100%|HC|  |TAMS 0x00000000a5000000| PB 0x00000000a5000000| Complete |  0
| 539|0x00000000a5100000, 0x00000000a5200000, 0x00000000a5200000|100%|HC|  |TAMS 0x00000000a5100000| PB 0x00000000a5100000| Complete |  0
| 540|0x00000000a5200000, 0x00000000a5300000, 0x00000000a5300000|100%|HS|  |TAMS 0x00000000a5200000| PB 0x00000000a5200000| Complete |  0
| 541|0x00000000a5300000, 0x00000000a5400000, 0x00000000a5400000|100%|HC|  |TAMS 0x00000000a5300000| PB 0x00000000a5300000| Complete |  0
| 542|0x00000000a5400000, 0x00000000a5500000, 0x00000000a5500000|100%|HC|  |TAMS 0x00000000a5400000| PB 0x00000000a5400000| Complete |  0
| 543|0x00000000a5500000, 0x00000000a5600000, 0x00000000a5600000|100%|HC|  |TAMS 0x00000000a5500000| PB 0x00000000a5500000| Complete |  0
| 544|0x00000000a5600000, 0x00000000a5700000, 0x00000000a5700000|100%|HC|  |TAMS 0x00000000a5600000| PB 0x00000000a5600000| Complete |  0
| 545|0x00000000a5700000, 0x00000000a5800000, 0x00000000a5800000|100%|HC|  |TAMS 0x00000000a5700000| PB 0x00000000a5700000| Complete |  0
| 546|0x00000000a5800000, 0x00000000a5900000, 0x00000000a5900000|100%|HC|  |TAMS 0x00000000a5800000| PB 0x00000000a5800000| Complete |  0
| 547|0x00000000a5900000, 0x00000000a5a00000, 0x00000000a5a00000|100%|HC|  |TAMS 0x00000000a5900000| PB 0x00000000a5900000| Complete |  0
| 548|0x00000000a5a00000, 0x00000000a5b00000, 0x00000000a5b00000|100%|HC|  |TAMS 0x00000000a5a00000| PB 0x00000000a5a00000| Complete |  0
| 549|0x00000000a5b00000, 0x00000000a5c00000, 0x00000000a5c00000|100%|HC|  |TAMS 0x00000000a5b00000| PB 0x00000000a5b00000| Complete |  0
| 550|0x00000000a5c00000, 0x00000000a5d00000, 0x00000000a5d00000|100%|HC|  |TAMS 0x00000000a5c00000| PB 0x00000000a5c00000| Complete |  0
| 551|0x00000000a5d00000, 0x00000000a5e00000, 0x00000000a5e00000|100%|HC|  |TAMS 0x00000000a5d00000| PB 0x00000000a5d00000| Complete |  0
| 552|0x00000000a5e00000, 0x00000000a5f00000, 0x00000000a5f00000|100%|HC|  |TAMS 0x00000000a5e00000| PB 0x00000000a5e00000| Complete |  0
| 553|0x00000000a5f00000, 0x00000000a6000000, 0x00000000a6000000|100%|HC|  |TAMS 0x00000000a5f00000| PB 0x00000000a5f00000| Complete |  0
| 554|0x00000000a6000000, 0x00000000a6100000, 0x00000000a6100000|100%|HC|  |TAMS 0x00000000a6000000| PB 0x00000000a6000000| Complete |  0
| 555|0x00000000a6100000, 0x00000000a6200000, 0x00000000a6200000|100%|HC|  |TAMS 0x00000000a6100000| PB 0x00000000a6100000| Complete |  0
| 556|0x00000000a6200000, 0x00000000a6300000, 0x00000000a6300000|100%|HC|  |TAMS 0x00000000a6200000| PB 0x00000000a6200000| Complete |  0
| 557|0x00000000a6300000, 0x00000000a6400000, 0x00000000a6400000|100%|HC|  |TAMS 0x00000000a6300000| PB 0x00000000a6300000| Complete |  0
| 558|0x00000000a6400000, 0x00000000a6500000, 0x00000000a6500000|100%|HC|  |TAMS 0x00000000a6400000| PB 0x00000000a6400000| Complete |  0
| 559|0x00000000a6500000, 0x00000000a6600000, 0x00000000a6600000|100%|HC|  |TAMS 0x00000000a6500000| PB 0x00000000a6500000| Complete |  0
| 560|0x00000000a6600000, 0x00000000a6700000, 0x00000000a6700000|100%|HC|  |TAMS 0x00000000a6600000| PB 0x00000000a6600000| Complete |  0
| 561|0x00000000a6700000, 0x00000000a6800000, 0x00000000a6800000|100%|HC|  |TAMS 0x00000000a6700000| PB 0x00000000a6700000| Complete |  0
| 562|0x00000000a6800000, 0x00000000a6900000, 0x00000000a6900000|100%|HC|  |TAMS 0x00000000a6800000| PB 0x00000000a6800000| Complete |  0
| 563|0x00000000a6900000, 0x00000000a6a00000, 0x00000000a6a00000|100%|HC|  |TAMS 0x00000000a6900000| PB 0x00000000a6900000| Complete |  0
| 564|0x00000000a6a00000, 0x00000000a6b00000, 0x00000000a6b00000|100%|HC|  |TAMS 0x00000000a6a00000| PB 0x00000000a6a00000| Complete |  0
| 565|0x00000000a6b00000, 0x00000000a6c00000, 0x00000000a6c00000|100%|HC|  |TAMS 0x00000000a6b00000| PB 0x00000000a6b00000| Complete |  0
| 566|0x00000000a6c00000, 0x00000000a6d00000, 0x00000000a6d00000|100%|HC|  |TAMS 0x00000000a6c00000| PB 0x00000000a6c00000| Complete |  0
| 567|0x00000000a6d00000, 0x00000000a6e00000, 0x00000000a6e00000|100%|HC|  |TAMS 0x00000000a6d00000| PB 0x00000000a6d00000| Complete |  0
| 568|0x00000000a6e00000, 0x00000000a6f00000, 0x00000000a6f00000|100%|HC|  |TAMS 0x00000000a6e00000| PB 0x00000000a6e00000| Complete |  0
| 569|0x00000000a6f00000, 0x00000000a7000000, 0x00000000a7000000|100%|HC|  |TAMS 0x00000000a6f00000| PB 0x00000000a6f00000| Complete |  0
| 570|0x00000000a7000000, 0x00000000a7100000, 0x00000000a7100000|100%|HC|  |TAMS 0x00000000a7000000| PB 0x00000000a7000000| Complete |  0
| 571|0x00000000a7100000, 0x00000000a7200000, 0x00000000a7200000|100%|HC|  |TAMS 0x00000000a7100000| PB 0x00000000a7100000| Complete |  0
| 572|0x00000000a7200000, 0x00000000a7300000, 0x00000000a7300000|100%|HC|  |TAMS 0x00000000a7200000| PB 0x00000000a7200000| Complete |  0
| 573|0x00000000a7300000, 0x00000000a7400000, 0x00000000a7400000|100%|HC|  |TAMS 0x00000000a7300000| PB 0x00000000a7300000| Complete |  0
| 574|0x00000000a7400000, 0x00000000a7500000, 0x00000000a7500000|100%|HC|  |TAMS 0x00000000a7400000| PB 0x00000000a7400000| Complete |  0
| 575|0x00000000a7500000, 0x00000000a7600000, 0x00000000a7600000|100%|HC|  |TAMS 0x00000000a7500000| PB 0x00000000a7500000| Complete |  0
| 576|0x00000000a7600000, 0x00000000a7700000, 0x00000000a7700000|100%|HC|  |TAMS 0x00000000a7600000| PB 0x00000000a7600000| Complete |  0
| 577|0x00000000a7700000, 0x00000000a7800000, 0x00000000a7800000|100%|HC|  |TAMS 0x00000000a7700000| PB 0x00000000a7700000| Complete |  0
| 578|0x00000000a7800000, 0x00000000a7900000, 0x00000000a7900000|100%|HC|  |TAMS 0x00000000a7800000| PB 0x00000000a7800000| Complete |  0
| 579|0x00000000a7900000, 0x00000000a7a00000, 0x00000000a7a00000|100%|HC|  |TAMS 0x00000000a7900000| PB 0x00000000a7900000| Complete |  0
| 580|0x00000000a7a00000, 0x00000000a7b00000, 0x00000000a7b00000|100%|HC|  |TAMS 0x00000000a7a00000| PB 0x00000000a7a00000| Complete |  0
| 581|0x00000000a7b00000, 0x00000000a7c00000, 0x00000000a7c00000|100%|HC|  |TAMS 0x00000000a7b00000| PB 0x00000000a7b00000| Complete |  0
| 582|0x00000000a7c00000, 0x00000000a7d00000, 0x00000000a7d00000|100%|HC|  |TAMS 0x00000000a7c00000| PB 0x00000000a7c00000| Complete |  0
| 583|0x00000000a7d00000, 0x00000000a7e00000, 0x00000000a7e00000|100%|HC|  |TAMS 0x00000000a7d00000| PB 0x00000000a7d00000| Complete |  0
| 584|0x00000000a7e00000, 0x00000000a7f00000, 0x00000000a7f00000|100%|HC|  |TAMS 0x00000000a7e00000| PB 0x00000000a7e00000| Complete |  0
| 585|0x00000000a7f00000, 0x00000000a8000000, 0x00000000a8000000|100%|HC|  |TAMS 0x00000000a7f00000| PB 0x00000000a7f00000| Complete |  0
| 586|0x00000000a8000000, 0x00000000a8100000, 0x00000000a8100000|100%|HC|  |TAMS 0x00000000a8000000| PB 0x00000000a8000000| Complete |  0
| 587|0x00000000a8100000, 0x00000000a8200000, 0x00000000a8200000|100%|HC|  |TAMS 0x00000000a8100000| PB 0x00000000a8100000| Complete |  0
| 588|0x00000000a8200000, 0x00000000a8300000, 0x00000000a8300000|100%|HC|  |TAMS 0x00000000a8200000| PB 0x00000000a8200000| Complete |  0
| 589|0x00000000a8300000, 0x00000000a8400000, 0x00000000a8400000|100%|HC|  |TAMS 0x00000000a8300000| PB 0x00000000a8300000| Complete |  0
| 590|0x00000000a8400000, 0x00000000a8500000, 0x00000000a8500000|100%|HC|  |TAMS 0x00000000a8400000| PB 0x00000000a8400000| Complete |  0
| 591|0x00000000a8500000, 0x00000000a8600000, 0x00000000a8600000|100%|HC|  |TAMS 0x00000000a8500000| PB 0x00000000a8500000| Complete |  0
| 592|0x00000000a8600000, 0x00000000a8700000, 0x00000000a8700000|100%|HC|  |TAMS 0x00000000a8600000| PB 0x00000000a8600000| Complete |  0
| 593|0x00000000a8700000, 0x00000000a8800000, 0x00000000a8800000|100%|HC|  |TAMS 0x00000000a8700000| PB 0x00000000a8700000| Complete |  0
| 594|0x00000000a8800000, 0x00000000a8900000, 0x00000000a8900000|100%|HC|  |TAMS 0x00000000a8800000| PB 0x00000000a8800000| Complete |  0
| 595|0x00000000a8900000, 0x00000000a8a00000, 0x00000000a8a00000|100%|HC|  |TAMS 0x00000000a8900000| PB 0x00000000a8900000| Complete |  0
| 596|0x00000000a8a00000, 0x00000000a8b00000, 0x00000000a8b00000|100%|HC|  |TAMS 0x00000000a8a00000| PB 0x00000000a8a00000| Complete |  0
| 597|0x00000000a8b00000, 0x00000000a8c00000, 0x00000000a8c00000|100%|HC|  |TAMS 0x00000000a8b00000| PB 0x00000000a8b00000| Complete |  0
| 598|0x00000000a8c00000, 0x00000000a8d00000, 0x00000000a8d00000|100%|HC|  |TAMS 0x00000000a8c00000| PB 0x00000000a8c00000| Complete |  0
| 599|0x00000000a8d00000, 0x00000000a8e00000, 0x00000000a8e00000|100%|HC|  |TAMS 0x00000000a8d00000| PB 0x00000000a8d00000| Complete |  0
| 600|0x00000000a8e00000, 0x00000000a8f00000, 0x00000000a8f00000|100%|HC|  |TAMS 0x00000000a8e00000| PB 0x00000000a8e00000| Complete |  0
| 601|0x00000000a8f00000, 0x00000000a9000000, 0x00000000a9000000|100%|HC|  |TAMS 0x00000000a8f00000| PB 0x00000000a8f00000| Complete |  0
| 602|0x00000000a9000000, 0x00000000a9100000, 0x00000000a9100000|100%|HC|  |TAMS 0x00000000a9000000| PB 0x00000000a9000000| Complete |  0
| 603|0x00000000a9100000, 0x00000000a9200000, 0x00000000a9200000|100%|HC|  |TAMS 0x00000000a9100000| PB 0x00000000a9100000| Complete |  0
| 604|0x00000000a9200000, 0x00000000a9300000, 0x00000000a9300000|100%|HC|  |TAMS 0x00000000a9200000| PB 0x00000000a9200000| Complete |  0
| 605|0x00000000a9300000, 0x00000000a9400000, 0x00000000a9400000|100%|HS|  |TAMS 0x00000000a9300000| PB 0x00000000a9300000| Complete |  0
| 606|0x00000000a9400000, 0x00000000a9500000, 0x00000000a9500000|100%|HC|  |TAMS 0x00000000a9400000| PB 0x00000000a9400000| Complete |  0
| 607|0x00000000a9500000, 0x00000000a9600000, 0x00000000a9600000|100%|HC|  |TAMS 0x00000000a9500000| PB 0x00000000a9500000| Complete |  0
| 608|0x00000000a9600000, 0x00000000a9700000, 0x00000000a9700000|100%|HC|  |TAMS 0x00000000a9600000| PB 0x00000000a9600000| Complete |  0
| 609|0x00000000a9700000, 0x00000000a9800000, 0x00000000a9800000|100%|HC|  |TAMS 0x00000000a9700000| PB 0x00000000a9700000| Complete |  0
| 610|0x00000000a9800000, 0x00000000a9900000, 0x00000000a9900000|100%|HC|  |TAMS 0x00000000a9800000| PB 0x00000000a9800000| Complete |  0
| 611|0x00000000a9900000, 0x00000000a9a00000, 0x00000000a9a00000|100%|HC|  |TAMS 0x00000000a9900000| PB 0x00000000a9900000| Complete |  0
| 612|0x00000000a9a00000, 0x00000000a9b00000, 0x00000000a9b00000|100%|HC|  |TAMS 0x00000000a9a00000| PB 0x00000000a9a00000| Complete |  0
| 613|0x00000000a9b00000, 0x00000000a9c00000, 0x00000000a9c00000|100%|HC|  |TAMS 0x00000000a9b00000| PB 0x00000000a9b00000| Complete |  0
| 614|0x00000000a9c00000, 0x00000000a9d00000, 0x00000000a9d00000|100%|HC|  |TAMS 0x00000000a9c00000| PB 0x00000000a9c00000| Complete |  0
| 615|0x00000000a9d00000, 0x00000000a9e00000, 0x00000000a9e00000|100%|HC|  |TAMS 0x00000000a9d00000| PB 0x00000000a9d00000| Complete |  0
| 616|0x00000000a9e00000, 0x00000000a9f00000, 0x00000000a9f00000|100%|HC|  |TAMS 0x00000000a9e00000| PB 0x00000000a9e00000| Complete |  0
| 617|0x00000000a9f00000, 0x00000000aa000000, 0x00000000aa000000|100%|HC|  |TAMS 0x00000000a9f00000| PB 0x00000000a9f00000| Complete |  0
| 618|0x00000000aa000000, 0x00000000aa100000, 0x00000000aa100000|100%|HC|  |TAMS 0x00000000aa000000| PB 0x00000000aa000000| Complete |  0
| 619|0x00000000aa100000, 0x00000000aa200000, 0x00000000aa200000|100%|HC|  |TAMS 0x00000000aa100000| PB 0x00000000aa100000| Complete |  0
| 620|0x00000000aa200000, 0x00000000aa300000, 0x00000000aa300000|100%|HC|  |TAMS 0x00000000aa200000| PB 0x00000000aa200000| Complete |  0
| 621|0x00000000aa300000, 0x00000000aa400000, 0x00000000aa400000|100%|HC|  |TAMS 0x00000000aa300000| PB 0x00000000aa300000| Complete |  0
| 622|0x00000000aa400000, 0x00000000aa500000, 0x00000000aa500000|100%|HC|  |TAMS 0x00000000aa400000| PB 0x00000000aa400000| Complete |  0
| 623|0x00000000aa500000, 0x00000000aa600000, 0x00000000aa600000|100%|HC|  |TAMS 0x00000000aa500000| PB 0x00000000aa500000| Complete |  0
| 624|0x00000000aa600000, 0x00000000aa700000, 0x00000000aa700000|100%|HC|  |TAMS 0x00000000aa600000| PB 0x00000000aa600000| Complete |  0
| 625|0x00000000aa700000, 0x00000000aa800000, 0x00000000aa800000|100%|HC|  |TAMS 0x00000000aa700000| PB 0x00000000aa700000| Complete |  0
| 626|0x00000000aa800000, 0x00000000aa900000, 0x00000000aa900000|100%|HC|  |TAMS 0x00000000aa800000| PB 0x00000000aa800000| Complete |  0
| 627|0x00000000aa900000, 0x00000000aaa00000, 0x00000000aaa00000|100%|HC|  |TAMS 0x00000000aa900000| PB 0x00000000aa900000| Complete |  0
| 628|0x00000000aaa00000, 0x00000000aab00000, 0x00000000aab00000|100%|HC|  |TAMS 0x00000000aaa00000| PB 0x00000000aaa00000| Complete |  0
| 629|0x00000000aab00000, 0x00000000aac00000, 0x00000000aac00000|100%|HC|  |TAMS 0x00000000aab00000| PB 0x00000000aab00000| Complete |  0
| 630|0x00000000aac00000, 0x00000000aad00000, 0x00000000aad00000|100%|HC|  |TAMS 0x00000000aac00000| PB 0x00000000aac00000| Complete |  0
| 631|0x00000000aad00000, 0x00000000aae00000, 0x00000000aae00000|100%|HC|  |TAMS 0x00000000aad00000| PB 0x00000000aad00000| Complete |  0
| 632|0x00000000aae00000, 0x00000000aaf00000, 0x00000000aaf00000|100%|HC|  |TAMS 0x00000000aae00000| PB 0x00000000aae00000| Complete |  0
| 633|0x00000000aaf00000, 0x00000000ab000000, 0x00000000ab000000|100%|HC|  |TAMS 0x00000000aaf00000| PB 0x00000000aaf00000| Complete |  0
| 634|0x00000000ab000000, 0x00000000ab100000, 0x00000000ab100000|100%|HC|  |TAMS 0x00000000ab000000| PB 0x00000000ab000000| Complete |  0
| 635|0x00000000ab100000, 0x00000000ab200000, 0x00000000ab200000|100%|HC|  |TAMS 0x00000000ab100000| PB 0x00000000ab100000| Complete |  0
| 636|0x00000000ab200000, 0x00000000ab300000, 0x00000000ab300000|100%|HC|  |TAMS 0x00000000ab200000| PB 0x00000000ab200000| Complete |  0
| 637|0x00000000ab300000, 0x00000000ab400000, 0x00000000ab400000|100%|HC|  |TAMS 0x00000000ab300000| PB 0x00000000ab300000| Complete |  0
| 638|0x00000000ab400000, 0x00000000ab500000, 0x00000000ab500000|100%|HC|  |TAMS 0x00000000ab400000| PB 0x00000000ab400000| Complete |  0
| 639|0x00000000ab500000, 0x00000000ab600000, 0x00000000ab600000|100%|HC|  |TAMS 0x00000000ab500000| PB 0x00000000ab500000| Complete |  0
| 640|0x00000000ab600000, 0x00000000ab700000, 0x00000000ab700000|100%|HC|  |TAMS 0x00000000ab600000| PB 0x00000000ab600000| Complete |  0
| 641|0x00000000ab700000, 0x00000000ab800000, 0x00000000ab800000|100%|HC|  |TAMS 0x00000000ab700000| PB 0x00000000ab700000| Complete |  0
| 642|0x00000000ab800000, 0x00000000ab900000, 0x00000000ab900000|100%|HC|  |TAMS 0x00000000ab800000| PB 0x00000000ab800000| Complete |  0
| 643|0x00000000ab900000, 0x00000000aba00000, 0x00000000aba00000|100%|HC|  |TAMS 0x00000000ab900000| PB 0x00000000ab900000| Complete |  0
| 644|0x00000000aba00000, 0x00000000abb00000, 0x00000000abb00000|100%|HC|  |TAMS 0x00000000aba00000| PB 0x00000000aba00000| Complete |  0
| 645|0x00000000abb00000, 0x00000000abc00000, 0x00000000abc00000|100%|HC|  |TAMS 0x00000000abb00000| PB 0x00000000abb00000| Complete |  0
| 646|0x00000000abc00000, 0x00000000abd00000, 0x00000000abd00000|100%|HC|  |TAMS 0x00000000abc00000| PB 0x00000000abc00000| Complete |  0
| 647|0x00000000abd00000, 0x00000000abe00000, 0x00000000abe00000|100%|HC|  |TAMS 0x00000000abd00000| PB 0x00000000abd00000| Complete |  0
| 648|0x00000000abe00000, 0x00000000abf00000, 0x00000000abf00000|100%|HC|  |TAMS 0x00000000abe00000| PB 0x00000000abe00000| Complete |  0
| 649|0x00000000abf00000, 0x00000000ac000000, 0x00000000ac000000|100%|HC|  |TAMS 0x00000000abf00000| PB 0x00000000abf00000| Complete |  0
| 650|0x00000000ac000000, 0x00000000ac100000, 0x00000000ac100000|100%|HC|  |TAMS 0x00000000ac000000| PB 0x00000000ac000000| Complete |  0
| 651|0x00000000ac100000, 0x00000000ac200000, 0x00000000ac200000|100%|HC|  |TAMS 0x00000000ac100000| PB 0x00000000ac100000| Complete |  0
| 652|0x00000000ac200000, 0x00000000ac300000, 0x00000000ac300000|100%|HC|  |TAMS 0x00000000ac200000| PB 0x00000000ac200000| Complete |  0
| 653|0x00000000ac300000, 0x00000000ac400000, 0x00000000ac400000|100%|HC|  |TAMS 0x00000000ac300000| PB 0x00000000ac300000| Complete |  0
| 654|0x00000000ac400000, 0x00000000ac500000, 0x00000000ac500000|100%|HC|  |TAMS 0x00000000ac400000| PB 0x00000000ac400000| Complete |  0
| 655|0x00000000ac500000, 0x00000000ac600000, 0x00000000ac600000|100%|HC|  |TAMS 0x00000000ac500000| PB 0x00000000ac500000| Complete |  0
| 656|0x00000000ac600000, 0x00000000ac700000, 0x00000000ac700000|100%|HC|  |TAMS 0x00000000ac600000| PB 0x00000000ac600000| Complete |  0
| 657|0x00000000ac700000, 0x00000000ac800000, 0x00000000ac800000|100%|HC|  |TAMS 0x00000000ac700000| PB 0x00000000ac700000| Complete |  0
| 658|0x00000000ac800000, 0x00000000ac900000, 0x00000000ac900000|100%|HC|  |TAMS 0x00000000ac800000| PB 0x00000000ac800000| Complete |  0
| 659|0x00000000ac900000, 0x00000000aca00000, 0x00000000aca00000|100%|HC|  |TAMS 0x00000000ac900000| PB 0x00000000ac900000| Complete |  0
| 660|0x00000000aca00000, 0x00000000acb00000, 0x00000000acb00000|100%|HC|  |TAMS 0x00000000aca00000| PB 0x00000000aca00000| Complete |  0
| 661|0x00000000acb00000, 0x00000000acc00000, 0x00000000acc00000|100%|HC|  |TAMS 0x00000000acb00000| PB 0x00000000acb00000| Complete |  0
| 662|0x00000000acc00000, 0x00000000acd00000, 0x00000000acd00000|100%|HC|  |TAMS 0x00000000acc00000| PB 0x00000000acc00000| Complete |  0
| 663|0x00000000acd00000, 0x00000000ace00000, 0x00000000ace00000|100%|HC|  |TAMS 0x00000000acd00000| PB 0x00000000acd00000| Complete |  0
| 664|0x00000000ace00000, 0x00000000acf00000, 0x00000000acf00000|100%|HC|  |TAMS 0x00000000ace00000| PB 0x00000000ace00000| Complete |  0
| 665|0x00000000acf00000, 0x00000000ad000000, 0x00000000ad000000|100%|HC|  |TAMS 0x00000000acf00000| PB 0x00000000acf00000| Complete |  0
| 666|0x00000000ad000000, 0x00000000ad100000, 0x00000000ad100000|100%|HC|  |TAMS 0x00000000ad000000| PB 0x00000000ad000000| Complete |  0
| 667|0x00000000ad100000, 0x00000000ad200000, 0x00000000ad200000|100%|HC|  |TAMS 0x00000000ad100000| PB 0x00000000ad100000| Complete |  0
| 668|0x00000000ad200000, 0x00000000ad300000, 0x00000000ad300000|100%|HC|  |TAMS 0x00000000ad200000| PB 0x00000000ad200000| Complete |  0
| 669|0x00000000ad300000, 0x00000000ad400000, 0x00000000ad400000|100%|HC|  |TAMS 0x00000000ad300000| PB 0x00000000ad300000| Complete |  0
| 670|0x00000000ad400000, 0x00000000ad500000, 0x00000000ad500000|100%|HS|  |TAMS 0x00000000ad400000| PB 0x00000000ad400000| Complete |  0
| 671|0x00000000ad500000, 0x00000000ad600000, 0x00000000ad600000|100%|HC|  |TAMS 0x00000000ad500000| PB 0x00000000ad500000| Complete |  0
| 672|0x00000000ad600000, 0x00000000ad700000, 0x00000000ad700000|100%|HC|  |TAMS 0x00000000ad600000| PB 0x00000000ad600000| Complete |  0
| 673|0x00000000ad700000, 0x00000000ad800000, 0x00000000ad800000|100%|HC|  |TAMS 0x00000000ad700000| PB 0x00000000ad700000| Complete |  0
| 674|0x00000000ad800000, 0x00000000ad900000, 0x00000000ad900000|100%|HC|  |TAMS 0x00000000ad800000| PB 0x00000000ad800000| Complete |  0
| 675|0x00000000ad900000, 0x00000000ada00000, 0x00000000ada00000|100%|HC|  |TAMS 0x00000000ad900000| PB 0x00000000ad900000| Complete |  0
| 676|0x00000000ada00000, 0x00000000adb00000, 0x00000000adb00000|100%|HC|  |TAMS 0x00000000ada00000| PB 0x00000000ada00000| Complete |  0
| 677|0x00000000adb00000, 0x00000000adc00000, 0x00000000adc00000|100%|HC|  |TAMS 0x00000000adb00000| PB 0x00000000adb00000| Complete |  0
| 678|0x00000000adc00000, 0x00000000add00000, 0x00000000add00000|100%|HC|  |TAMS 0x00000000adc00000| PB 0x00000000adc00000| Complete |  0
| 679|0x00000000add00000, 0x00000000ade00000, 0x00000000ade00000|100%|HC|  |TAMS 0x00000000add00000| PB 0x00000000add00000| Complete |  0
| 680|0x00000000ade00000, 0x00000000adf00000, 0x00000000adf00000|100%|HC|  |TAMS 0x00000000ade00000| PB 0x00000000ade00000| Complete |  0
| 681|0x00000000adf00000, 0x00000000ae000000, 0x00000000ae000000|100%|HC|  |TAMS 0x00000000adf00000| PB 0x00000000adf00000| Complete |  0
| 682|0x00000000ae000000, 0x00000000ae100000, 0x00000000ae100000|100%|HC|  |TAMS 0x00000000ae000000| PB 0x00000000ae000000| Complete |  0
| 683|0x00000000ae100000, 0x00000000ae200000, 0x00000000ae200000|100%|HC|  |TAMS 0x00000000ae100000| PB 0x00000000ae100000| Complete |  0
| 684|0x00000000ae200000, 0x00000000ae300000, 0x00000000ae300000|100%|HC|  |TAMS 0x00000000ae200000| PB 0x00000000ae200000| Complete |  0
| 685|0x00000000ae300000, 0x00000000ae400000, 0x00000000ae400000|100%|HC|  |TAMS 0x00000000ae300000| PB 0x00000000ae300000| Complete |  0
| 686|0x00000000ae400000, 0x00000000ae500000, 0x00000000ae500000|100%|HC|  |TAMS 0x00000000ae400000| PB 0x00000000ae400000| Complete |  0
| 687|0x00000000ae500000, 0x00000000ae600000, 0x00000000ae600000|100%|HC|  |TAMS 0x00000000ae500000| PB 0x00000000ae500000| Complete |  0
| 688|0x00000000ae600000, 0x00000000ae700000, 0x00000000ae700000|100%|HC|  |TAMS 0x00000000ae600000| PB 0x00000000ae600000| Complete |  0
| 689|0x00000000ae700000, 0x00000000ae800000, 0x00000000ae800000|100%|HC|  |TAMS 0x00000000ae700000| PB 0x00000000ae700000| Complete |  0
| 690|0x00000000ae800000, 0x00000000ae900000, 0x00000000ae900000|100%|HC|  |TAMS 0x00000000ae800000| PB 0x00000000ae800000| Complete |  0
| 691|0x00000000ae900000, 0x00000000aea00000, 0x00000000aea00000|100%|HC|  |TAMS 0x00000000ae900000| PB 0x00000000ae900000| Complete |  0
| 692|0x00000000aea00000, 0x00000000aeb00000, 0x00000000aeb00000|100%|HC|  |TAMS 0x00000000aea00000| PB 0x00000000aea00000| Complete |  0
| 693|0x00000000aeb00000, 0x00000000aec00000, 0x00000000aec00000|100%|HC|  |TAMS 0x00000000aeb00000| PB 0x00000000aeb00000| Complete |  0
| 694|0x00000000aec00000, 0x00000000aed00000, 0x00000000aed00000|100%|HC|  |TAMS 0x00000000aec00000| PB 0x00000000aec00000| Complete |  0
| 695|0x00000000aed00000, 0x00000000aee00000, 0x00000000aee00000|100%|HC|  |TAMS 0x00000000aed00000| PB 0x00000000aed00000| Complete |  0
| 696|0x00000000aee00000, 0x00000000aef00000, 0x00000000aef00000|100%|HC|  |TAMS 0x00000000aee00000| PB 0x00000000aee00000| Complete |  0
| 697|0x00000000aef00000, 0x00000000af000000, 0x00000000af000000|100%|HC|  |TAMS 0x00000000aef00000| PB 0x00000000aef00000| Complete |  0
| 698|0x00000000af000000, 0x00000000af100000, 0x00000000af100000|100%|HC|  |TAMS 0x00000000af000000| PB 0x00000000af000000| Complete |  0
| 699|0x00000000af100000, 0x00000000af200000, 0x00000000af200000|100%|HC|  |TAMS 0x00000000af100000| PB 0x00000000af100000| Complete |  0
| 700|0x00000000af200000, 0x00000000af300000, 0x00000000af300000|100%|HC|  |TAMS 0x00000000af200000| PB 0x00000000af200000| Complete |  0
| 701|0x00000000af300000, 0x00000000af400000, 0x00000000af400000|100%|HC|  |TAMS 0x00000000af300000| PB 0x00000000af300000| Complete |  0
| 702|0x00000000af400000, 0x00000000af500000, 0x00000000af500000|100%|HC|  |TAMS 0x00000000af400000| PB 0x00000000af400000| Complete |  0
| 703|0x00000000af500000, 0x00000000af600000, 0x00000000af600000|100%|HC|  |TAMS 0x00000000af500000| PB 0x00000000af500000| Complete |  0
| 704|0x00000000af600000, 0x00000000af700000, 0x00000000af700000|100%|HC|  |TAMS 0x00000000af600000| PB 0x00000000af600000| Complete |  0
| 705|0x00000000af700000, 0x00000000af800000, 0x00000000af800000|100%|HC|  |TAMS 0x00000000af700000| PB 0x00000000af700000| Complete |  0
| 706|0x00000000af800000, 0x00000000af900000, 0x00000000af900000|100%|HC|  |TAMS 0x00000000af800000| PB 0x00000000af800000| Complete |  0
| 707|0x00000000af900000, 0x00000000afa00000, 0x00000000afa00000|100%|HC|  |TAMS 0x00000000af900000| PB 0x00000000af900000| Complete |  0
| 708|0x00000000afa00000, 0x00000000afb00000, 0x00000000afb00000|100%|HC|  |TAMS 0x00000000afa00000| PB 0x00000000afa00000| Complete |  0
| 709|0x00000000afb00000, 0x00000000afc00000, 0x00000000afc00000|100%|HC|  |TAMS 0x00000000afb00000| PB 0x00000000afb00000| Complete |  0
| 710|0x00000000afc00000, 0x00000000afd00000, 0x00000000afd00000|100%|HC|  |TAMS 0x00000000afc00000| PB 0x00000000afc00000| Complete |  0
| 711|0x00000000afd00000, 0x00000000afe00000, 0x00000000afe00000|100%|HC|  |TAMS 0x00000000afd00000| PB 0x00000000afd00000| Complete |  0
| 712|0x00000000afe00000, 0x00000000aff00000, 0x00000000aff00000|100%|HC|  |TAMS 0x00000000afe00000| PB 0x00000000afe00000| Complete |  0
| 713|0x00000000aff00000, 0x00000000b0000000, 0x00000000b0000000|100%|HC|  |TAMS 0x00000000aff00000| PB 0x00000000aff00000| Complete |  0
| 714|0x00000000b0000000, 0x00000000b0100000, 0x00000000b0100000|100%|HC|  |TAMS 0x00000000b0000000| PB 0x00000000b0000000| Complete |  0
| 715|0x00000000b0100000, 0x00000000b0200000, 0x00000000b0200000|100%|HC|  |TAMS 0x00000000b0100000| PB 0x00000000b0100000| Complete |  0
| 716|0x00000000b0200000, 0x00000000b0300000, 0x00000000b0300000|100%|HC|  |TAMS 0x00000000b0200000| PB 0x00000000b0200000| Complete |  0
| 717|0x00000000b0300000, 0x00000000b0400000, 0x00000000b0400000|100%|HC|  |TAMS 0x00000000b0300000| PB 0x00000000b0300000| Complete |  0
| 718|0x00000000b0400000, 0x00000000b0500000, 0x00000000b0500000|100%|HC|  |TAMS 0x00000000b0400000| PB 0x00000000b0400000| Complete |  0
| 719|0x00000000b0500000, 0x00000000b0600000, 0x00000000b0600000|100%|HC|  |TAMS 0x00000000b0500000| PB 0x00000000b0500000| Complete |  0
| 720|0x00000000b0600000, 0x00000000b0700000, 0x00000000b0700000|100%|HC|  |TAMS 0x00000000b0600000| PB 0x00000000b0600000| Complete |  0
| 721|0x00000000b0700000, 0x00000000b0800000, 0x00000000b0800000|100%|HC|  |TAMS 0x00000000b0700000| PB 0x00000000b0700000| Complete |  0
| 722|0x00000000b0800000, 0x00000000b0900000, 0x00000000b0900000|100%|HC|  |TAMS 0x00000000b0800000| PB 0x00000000b0800000| Complete |  0
| 723|0x00000000b0900000, 0x00000000b0a00000, 0x00000000b0a00000|100%|HC|  |TAMS 0x00000000b0900000| PB 0x00000000b0900000| Complete |  0
| 724|0x00000000b0a00000, 0x00000000b0b00000, 0x00000000b0b00000|100%|HC|  |TAMS 0x00000000b0a00000| PB 0x00000000b0a00000| Complete |  0
| 725|0x00000000b0b00000, 0x00000000b0c00000, 0x00000000b0c00000|100%|HC|  |TAMS 0x00000000b0b00000| PB 0x00000000b0b00000| Complete |  0
| 726|0x00000000b0c00000, 0x00000000b0d00000, 0x00000000b0d00000|100%|HC|  |TAMS 0x00000000b0c00000| PB 0x00000000b0c00000| Complete |  0
| 727|0x00000000b0d00000, 0x00000000b0e00000, 0x00000000b0e00000|100%|HC|  |TAMS 0x00000000b0d00000| PB 0x00000000b0d00000| Complete |  0
| 728|0x00000000b0e00000, 0x00000000b0f00000, 0x00000000b0f00000|100%|HC|  |TAMS 0x00000000b0e00000| PB 0x00000000b0e00000| Complete |  0
| 729|0x00000000b0f00000, 0x00000000b1000000, 0x00000000b1000000|100%|HC|  |TAMS 0x00000000b0f00000| PB 0x00000000b0f00000| Complete |  0
| 730|0x00000000b1000000, 0x00000000b1100000, 0x00000000b1100000|100%|HC|  |TAMS 0x00000000b1000000| PB 0x00000000b1000000| Complete |  0
| 731|0x00000000b1100000, 0x00000000b1200000, 0x00000000b1200000|100%|HC|  |TAMS 0x00000000b1100000| PB 0x00000000b1100000| Complete |  0
| 732|0x00000000b1200000, 0x00000000b1300000, 0x00000000b1300000|100%|HC|  |TAMS 0x00000000b1200000| PB 0x00000000b1200000| Complete |  0
| 733|0x00000000b1300000, 0x00000000b1400000, 0x00000000b1400000|100%|HC|  |TAMS 0x00000000b1300000| PB 0x00000000b1300000| Complete |  0
| 734|0x00000000b1400000, 0x00000000b1500000, 0x00000000b1500000|100%|HC|  |TAMS 0x00000000b1400000| PB 0x00000000b1400000| Complete |  0
| 735|0x00000000b1500000, 0x00000000b1600000, 0x00000000b1600000|100%|HS|  |TAMS 0x00000000b1500000| PB 0x00000000b1500000| Complete |  0
| 736|0x00000000b1600000, 0x00000000b1700000, 0x00000000b1700000|100%|HC|  |TAMS 0x00000000b1600000| PB 0x00000000b1600000| Complete |  0
| 737|0x00000000b1700000, 0x00000000b1800000, 0x00000000b1800000|100%|HC|  |TAMS 0x00000000b1700000| PB 0x00000000b1700000| Complete |  0
| 738|0x00000000b1800000, 0x00000000b1900000, 0x00000000b1900000|100%|HC|  |TAMS 0x00000000b1800000| PB 0x00000000b1800000| Complete |  0
| 739|0x00000000b1900000, 0x00000000b1a00000, 0x00000000b1a00000|100%|HC|  |TAMS 0x00000000b1900000| PB 0x00000000b1900000| Complete |  0
| 740|0x00000000b1a00000, 0x00000000b1b00000, 0x00000000b1b00000|100%|HC|  |TAMS 0x00000000b1a00000| PB 0x00000000b1a00000| Complete |  0
| 741|0x00000000b1b00000, 0x00000000b1c00000, 0x00000000b1c00000|100%|HC|  |TAMS 0x00000000b1b00000| PB 0x00000000b1b00000| Complete |  0
| 742|0x00000000b1c00000, 0x00000000b1d00000, 0x00000000b1d00000|100%|HC|  |TAMS 0x00000000b1c00000| PB 0x00000000b1c00000| Complete |  0
| 743|0x00000000b1d00000, 0x00000000b1e00000, 0x00000000b1e00000|100%|HC|  |TAMS 0x00000000b1d00000| PB 0x00000000b1d00000| Complete |  0
| 744|0x00000000b1e00000, 0x00000000b1f00000, 0x00000000b1f00000|100%|HC|  |TAMS 0x00000000b1e00000| PB 0x00000000b1e00000| Complete |  0
| 745|0x00000000b1f00000, 0x00000000b2000000, 0x00000000b2000000|100%|HC|  |TAMS 0x00000000b1f00000| PB 0x00000000b1f00000| Complete |  0
| 746|0x00000000b2000000, 0x00000000b2100000, 0x00000000b2100000|100%|HC|  |TAMS 0x00000000b2000000| PB 0x00000000b2000000| Complete |  0
| 747|0x00000000b2100000, 0x00000000b2200000, 0x00000000b2200000|100%|HC|  |TAMS 0x00000000b2100000| PB 0x00000000b2100000| Complete |  0
| 748|0x00000000b2200000, 0x00000000b2300000, 0x00000000b2300000|100%|HC|  |TAMS 0x00000000b2200000| PB 0x00000000b2200000| Complete |  0
| 749|0x00000000b2300000, 0x00000000b2400000, 0x00000000b2400000|100%|HC|  |TAMS 0x00000000b2300000| PB 0x00000000b2300000| Complete |  0
| 750|0x00000000b2400000, 0x00000000b2500000, 0x00000000b2500000|100%|HC|  |TAMS 0x00000000b2400000| PB 0x00000000b2400000| Complete |  0
| 751|0x00000000b2500000, 0x00000000b2600000, 0x00000000b2600000|100%|HC|  |TAMS 0x00000000b2500000| PB 0x00000000b2500000| Complete |  0
| 752|0x00000000b2600000, 0x00000000b2700000, 0x00000000b2700000|100%|HC|  |TAMS 0x00000000b2600000| PB 0x00000000b2600000| Complete |  0
| 753|0x00000000b2700000, 0x00000000b2800000, 0x00000000b2800000|100%|HC|  |TAMS 0x00000000b2700000| PB 0x00000000b2700000| Complete |  0
| 754|0x00000000b2800000, 0x00000000b2900000, 0x00000000b2900000|100%|HC|  |TAMS 0x00000000b2800000| PB 0x00000000b2800000| Complete |  0
| 755|0x00000000b2900000, 0x00000000b2a00000, 0x00000000b2a00000|100%|HC|  |TAMS 0x00000000b2900000| PB 0x00000000b2900000| Complete |  0
| 756|0x00000000b2a00000, 0x00000000b2b00000, 0x00000000b2b00000|100%|HC|  |TAMS 0x00000000b2a00000| PB 0x00000000b2a00000| Complete |  0
| 757|0x00000000b2b00000, 0x00000000b2c00000, 0x00000000b2c00000|100%|HC|  |TAMS 0x00000000b2b00000| PB 0x00000000b2b00000| Complete |  0
| 758|0x00000000b2c00000, 0x00000000b2d00000, 0x00000000b2d00000|100%|HC|  |TAMS 0x00000000b2c00000| PB 0x00000000b2c00000| Complete |  0
| 759|0x00000000b2d00000, 0x00000000b2e00000, 0x00000000b2e00000|100%|HC|  |TAMS 0x00000000b2d00000| PB 0x00000000b2d00000| Complete |  0
| 760|0x00000000b2e00000, 0x00000000b2f00000, 0x00000000b2f00000|100%|HC|  |TAMS 0x00000000b2e00000| PB 0x00000000b2e00000| Complete |  0
| 761|0x00000000b2f00000, 0x00000000b3000000, 0x00000000b3000000|100%|HC|  |TAMS 0x00000000b2f00000| PB 0x00000000b2f00000| Complete |  0
| 762|0x00000000b3000000, 0x00000000b3100000, 0x00000000b3100000|100%|HC|  |TAMS 0x00000000b3000000| PB 0x00000000b3000000| Complete |  0
| 763|0x00000000b3100000, 0x00000000b3200000, 0x00000000b3200000|100%|HC|  |TAMS 0x00000000b3100000| PB 0x00000000b3100000| Complete |  0
| 764|0x00000000b3200000, 0x00000000b3300000, 0x00000000b3300000|100%|HC|  |TAMS 0x00000000b3200000| PB 0x00000000b3200000| Complete |  0
| 765|0x00000000b3300000, 0x00000000b3400000, 0x00000000b3400000|100%|HC|  |TAMS 0x00000000b3300000| PB 0x00000000b3300000| Complete |  0
| 766|0x00000000b3400000, 0x00000000b3500000, 0x00000000b3500000|100%|HC|  |TAMS 0x00000000b3400000| PB 0x00000000b3400000| Complete |  0
| 767|0x00000000b3500000, 0x00000000b3600000, 0x00000000b3600000|100%|HC|  |TAMS 0x00000000b3500000| PB 0x00000000b3500000| Complete |  0
| 768|0x00000000b3600000, 0x00000000b3700000, 0x00000000b3700000|100%|HC|  |TAMS 0x00000000b3600000| PB 0x00000000b3600000| Complete |  0
| 769|0x00000000b3700000, 0x00000000b3800000, 0x00000000b3800000|100%|HC|  |TAMS 0x00000000b3700000| PB 0x00000000b3700000| Complete |  0
| 770|0x00000000b3800000, 0x00000000b3900000, 0x00000000b3900000|100%|HC|  |TAMS 0x00000000b3800000| PB 0x00000000b3800000| Complete |  0
| 771|0x00000000b3900000, 0x00000000b3a00000, 0x00000000b3a00000|100%|HC|  |TAMS 0x00000000b3900000| PB 0x00000000b3900000| Complete |  0
| 772|0x00000000b3a00000, 0x00000000b3b00000, 0x00000000b3b00000|100%|HC|  |TAMS 0x00000000b3a00000| PB 0x00000000b3a00000| Complete |  0
| 773|0x00000000b3b00000, 0x00000000b3c00000, 0x00000000b3c00000|100%|HC|  |TAMS 0x00000000b3b00000| PB 0x00000000b3b00000| Complete |  0
| 774|0x00000000b3c00000, 0x00000000b3d00000, 0x00000000b3d00000|100%|HC|  |TAMS 0x00000000b3c00000| PB 0x00000000b3c00000| Complete |  0
| 775|0x00000000b3d00000, 0x00000000b3e00000, 0x00000000b3e00000|100%|HC|  |TAMS 0x00000000b3d00000| PB 0x00000000b3d00000| Complete |  0
| 776|0x00000000b3e00000, 0x00000000b3f00000, 0x00000000b3f00000|100%|HC|  |TAMS 0x00000000b3e00000| PB 0x00000000b3e00000| Complete |  0
| 777|0x00000000b3f00000, 0x00000000b4000000, 0x00000000b4000000|100%|HC|  |TAMS 0x00000000b3f00000| PB 0x00000000b3f00000| Complete |  0
| 778|0x00000000b4000000, 0x00000000b4100000, 0x00000000b4100000|100%|HC|  |TAMS 0x00000000b4000000| PB 0x00000000b4000000| Complete |  0
| 779|0x00000000b4100000, 0x00000000b4200000, 0x00000000b4200000|100%|HC|  |TAMS 0x00000000b4100000| PB 0x00000000b4100000| Complete |  0
| 780|0x00000000b4200000, 0x00000000b4300000, 0x00000000b4300000|100%|HC|  |TAMS 0x00000000b4200000| PB 0x00000000b4200000| Complete |  0
| 781|0x00000000b4300000, 0x00000000b4400000, 0x00000000b4400000|100%|HC|  |TAMS 0x00000000b4300000| PB 0x00000000b4300000| Complete |  0
| 782|0x00000000b4400000, 0x00000000b4500000, 0x00000000b4500000|100%|HC|  |TAMS 0x00000000b4400000| PB 0x00000000b4400000| Complete |  0
| 783|0x00000000b4500000, 0x00000000b4600000, 0x00000000b4600000|100%|HC|  |TAMS 0x00000000b4500000| PB 0x00000000b4500000| Complete |  0
| 784|0x00000000b4600000, 0x00000000b4700000, 0x00000000b4700000|100%|HC|  |TAMS 0x00000000b4600000| PB 0x00000000b4600000| Complete |  0
| 785|0x00000000b4700000, 0x00000000b4800000, 0x00000000b4800000|100%|HC|  |TAMS 0x00000000b4700000| PB 0x00000000b4700000| Complete |  0
| 786|0x00000000b4800000, 0x00000000b4900000, 0x00000000b4900000|100%|HC|  |TAMS 0x00000000b4800000| PB 0x00000000b4800000| Complete |  0
| 787|0x00000000b4900000, 0x00000000b4a00000, 0x00000000b4a00000|100%|HC|  |TAMS 0x00000000b4900000| PB 0x00000000b4900000| Complete |  0
| 788|0x00000000b4a00000, 0x00000000b4b00000, 0x00000000b4b00000|100%|HC|  |TAMS 0x00000000b4a00000| PB 0x00000000b4a00000| Complete |  0
| 789|0x00000000b4b00000, 0x00000000b4c00000, 0x00000000b4c00000|100%|HC|  |TAMS 0x00000000b4b00000| PB 0x00000000b4b00000| Complete |  0
| 790|0x00000000b4c00000, 0x00000000b4d00000, 0x00000000b4d00000|100%|HC|  |TAMS 0x00000000b4c00000| PB 0x00000000b4c00000| Complete |  0
| 791|0x00000000b4d00000, 0x00000000b4e00000, 0x00000000b4e00000|100%|HC|  |TAMS 0x00000000b4d00000| PB 0x00000000b4d00000| Complete |  0
| 792|0x00000000b4e00000, 0x00000000b4f00000, 0x00000000b4f00000|100%|HC|  |TAMS 0x00000000b4e00000| PB 0x00000000b4e00000| Complete |  0
| 793|0x00000000b4f00000, 0x00000000b5000000, 0x00000000b5000000|100%|HC|  |TAMS 0x00000000b4f00000| PB 0x00000000b4f00000| Complete |  0
| 794|0x00000000b5000000, 0x00000000b5100000, 0x00000000b5100000|100%|HC|  |TAMS 0x00000000b5000000| PB 0x00000000b5000000| Complete |  0
| 795|0x00000000b5100000, 0x00000000b5200000, 0x00000000b5200000|100%|HC|  |TAMS 0x00000000b5100000| PB 0x00000000b5100000| Complete |  0
| 796|0x00000000b5200000, 0x00000000b5300000, 0x00000000b5300000|100%|HC|  |TAMS 0x00000000b5200000| PB 0x00000000b5200000| Complete |  0
| 797|0x00000000b5300000, 0x00000000b5400000, 0x00000000b5400000|100%|HC|  |TAMS 0x00000000b5300000| PB 0x00000000b5300000| Complete |  0
| 798|0x00000000b5400000, 0x00000000b5500000, 0x00000000b5500000|100%|HC|  |TAMS 0x00000000b5400000| PB 0x00000000b5400000| Complete |  0
| 799|0x00000000b5500000, 0x00000000b5600000, 0x00000000b5600000|100%|HC|  |TAMS 0x00000000b5500000| PB 0x00000000b5500000| Complete |  0
| 800|0x00000000b5600000, 0x00000000b5700000, 0x00000000b5700000|100%|HS|  |TAMS 0x00000000b5600000| PB 0x00000000b5600000| Complete |  0
| 801|0x00000000b5700000, 0x00000000b5800000, 0x00000000b5800000|100%|HC|  |TAMS 0x00000000b5700000| PB 0x00000000b5700000| Complete |  0
| 802|0x00000000b5800000, 0x00000000b5900000, 0x00000000b5900000|100%|HC|  |TAMS 0x00000000b5800000| PB 0x00000000b5800000| Complete |  0
| 803|0x00000000b5900000, 0x00000000b5a00000, 0x00000000b5a00000|100%|HC|  |TAMS 0x00000000b5900000| PB 0x00000000b5900000| Complete |  0
| 804|0x00000000b5a00000, 0x00000000b5b00000, 0x00000000b5b00000|100%|HC|  |TAMS 0x00000000b5a00000| PB 0x00000000b5a00000| Complete |  0
| 805|0x00000000b5b00000, 0x00000000b5c00000, 0x00000000b5c00000|100%|HC|  |TAMS 0x00000000b5b00000| PB 0x00000000b5b00000| Complete |  0
| 806|0x00000000b5c00000, 0x00000000b5d00000, 0x00000000b5d00000|100%|HC|  |TAMS 0x00000000b5c00000| PB 0x00000000b5c00000| Complete |  0
| 807|0x00000000b5d00000, 0x00000000b5e00000, 0x00000000b5e00000|100%|HC|  |TAMS 0x00000000b5d00000| PB 0x00000000b5d00000| Complete |  0
| 808|0x00000000b5e00000, 0x00000000b5f00000, 0x00000000b5f00000|100%|HC|  |TAMS 0x00000000b5e00000| PB 0x00000000b5e00000| Complete |  0
| 809|0x00000000b5f00000, 0x00000000b6000000, 0x00000000b6000000|100%|HC|  |TAMS 0x00000000b5f00000| PB 0x00000000b5f00000| Complete |  0
| 810|0x00000000b6000000, 0x00000000b6100000, 0x00000000b6100000|100%|HC|  |TAMS 0x00000000b6000000| PB 0x00000000b6000000| Complete |  0
| 811|0x00000000b6100000, 0x00000000b6200000, 0x00000000b6200000|100%|HC|  |TAMS 0x00000000b6100000| PB 0x00000000b6100000| Complete |  0
| 812|0x00000000b6200000, 0x00000000b6300000, 0x00000000b6300000|100%|HC|  |TAMS 0x00000000b6200000| PB 0x00000000b6200000| Complete |  0
| 813|0x00000000b6300000, 0x00000000b6400000, 0x00000000b6400000|100%|HC|  |TAMS 0x00000000b6300000| PB 0x00000000b6300000| Complete |  0
| 814|0x00000000b6400000, 0x00000000b6500000, 0x00000000b6500000|100%|HC|  |TAMS 0x00000000b6400000| PB 0x00000000b6400000| Complete |  0
| 815|0x00000000b6500000, 0x00000000b6600000, 0x00000000b6600000|100%|HC|  |TAMS 0x00000000b6500000| PB 0x00000000b6500000| Complete |  0
| 816|0x00000000b6600000, 0x00000000b6700000, 0x00000000b6700000|100%|HC|  |TAMS 0x00000000b6600000| PB 0x00000000b6600000| Complete |  0
| 817|0x00000000b6700000, 0x00000000b6800000, 0x00000000b6800000|100%|HC|  |TAMS 0x00000000b6700000| PB 0x00000000b6700000| Complete |  0
| 818|0x00000000b6800000, 0x00000000b6900000, 0x00000000b6900000|100%|HC|  |TAMS 0x00000000b6800000| PB 0x00000000b6800000| Complete |  0
| 819|0x00000000b6900000, 0x00000000b6a00000, 0x00000000b6a00000|100%|HC|  |TAMS 0x00000000b6900000| PB 0x00000000b6900000| Complete |  0
| 820|0x00000000b6a00000, 0x00000000b6b00000, 0x00000000b6b00000|100%|HC|  |TAMS 0x00000000b6a00000| PB 0x00000000b6a00000| Complete |  0
| 821|0x00000000b6b00000, 0x00000000b6c00000, 0x00000000b6c00000|100%|HC|  |TAMS 0x00000000b6b00000| PB 0x00000000b6b00000| Complete |  0
| 822|0x00000000b6c00000, 0x00000000b6d00000, 0x00000000b6d00000|100%|HC|  |TAMS 0x00000000b6c00000| PB 0x00000000b6c00000| Complete |  0
| 823|0x00000000b6d00000, 0x00000000b6e00000, 0x00000000b6e00000|100%|HC|  |TAMS 0x00000000b6d00000| PB 0x00000000b6d00000| Complete |  0
| 824|0x00000000b6e00000, 0x00000000b6f00000, 0x00000000b6f00000|100%|HC|  |TAMS 0x00000000b6e00000| PB 0x00000000b6e00000| Complete |  0
| 825|0x00000000b6f00000, 0x00000000b7000000, 0x00000000b7000000|100%|HC|  |TAMS 0x00000000b6f00000| PB 0x00000000b6f00000| Complete |  0
| 826|0x00000000b7000000, 0x00000000b7100000, 0x00000000b7100000|100%|HC|  |TAMS 0x00000000b7000000| PB 0x00000000b7000000| Complete |  0
| 827|0x00000000b7100000, 0x00000000b7200000, 0x00000000b7200000|100%|HC|  |TAMS 0x00000000b7100000| PB 0x00000000b7100000| Complete |  0
| 828|0x00000000b7200000, 0x00000000b7300000, 0x00000000b7300000|100%|HC|  |TAMS 0x00000000b7200000| PB 0x00000000b7200000| Complete |  0
| 829|0x00000000b7300000, 0x00000000b7400000, 0x00000000b7400000|100%|HC|  |TAMS 0x00000000b7300000| PB 0x00000000b7300000| Complete |  0
| 830|0x00000000b7400000, 0x00000000b7500000, 0x00000000b7500000|100%|HC|  |TAMS 0x00000000b7400000| PB 0x00000000b7400000| Complete |  0
| 831|0x00000000b7500000, 0x00000000b7600000, 0x00000000b7600000|100%|HC|  |TAMS 0x00000000b7500000| PB 0x00000000b7500000| Complete |  0
| 832|0x00000000b7600000, 0x00000000b7700000, 0x00000000b7700000|100%|HC|  |TAMS 0x00000000b7600000| PB 0x00000000b7600000| Complete |  0
| 833|0x00000000b7700000, 0x00000000b7800000, 0x00000000b7800000|100%|HC|  |TAMS 0x00000000b7700000| PB 0x00000000b7700000| Complete |  0
| 834|0x00000000b7800000, 0x00000000b7900000, 0x00000000b7900000|100%|HC|  |TAMS 0x00000000b7800000| PB 0x00000000b7800000| Complete |  0
| 835|0x00000000b7900000, 0x00000000b7a00000, 0x00000000b7a00000|100%|HC|  |TAMS 0x00000000b7900000| PB 0x00000000b7900000| Complete |  0
| 836|0x00000000b7a00000, 0x00000000b7b00000, 0x00000000b7b00000|100%|HC|  |TAMS 0x00000000b7a00000| PB 0x00000000b7a00000| Complete |  0
| 837|0x00000000b7b00000, 0x00000000b7c00000, 0x00000000b7c00000|100%|HC|  |TAMS 0x00000000b7b00000| PB 0x00000000b7b00000| Complete |  0
| 838|0x00000000b7c00000, 0x00000000b7d00000, 0x00000000b7d00000|100%|HC|  |TAMS 0x00000000b7c00000| PB 0x00000000b7c00000| Complete |  0
| 839|0x00000000b7d00000, 0x00000000b7e00000, 0x00000000b7e00000|100%|HC|  |TAMS 0x00000000b7d00000| PB 0x00000000b7d00000| Complete |  0
| 840|0x00000000b7e00000, 0x00000000b7f00000, 0x00000000b7f00000|100%|HC|  |TAMS 0x00000000b7e00000| PB 0x00000000b7e00000| Complete |  0
| 841|0x00000000b7f00000, 0x00000000b8000000, 0x00000000b8000000|100%|HC|  |TAMS 0x00000000b7f00000| PB 0x00000000b7f00000| Complete |  0
| 842|0x00000000b8000000, 0x00000000b8100000, 0x00000000b8100000|100%|HC|  |TAMS 0x00000000b8000000| PB 0x00000000b8000000| Complete |  0
| 843|0x00000000b8100000, 0x00000000b8200000, 0x00000000b8200000|100%|HC|  |TAMS 0x00000000b8100000| PB 0x00000000b8100000| Complete |  0
| 844|0x00000000b8200000, 0x00000000b8300000, 0x00000000b8300000|100%|HC|  |TAMS 0x00000000b8200000| PB 0x00000000b8200000| Complete |  0
| 845|0x00000000b8300000, 0x00000000b8400000, 0x00000000b8400000|100%|HC|  |TAMS 0x00000000b8300000| PB 0x00000000b8300000| Complete |  0
| 846|0x00000000b8400000, 0x00000000b8500000, 0x00000000b8500000|100%|HC|  |TAMS 0x00000000b8400000| PB 0x00000000b8400000| Complete |  0
| 847|0x00000000b8500000, 0x00000000b8600000, 0x00000000b8600000|100%|HC|  |TAMS 0x00000000b8500000| PB 0x00000000b8500000| Complete |  0
| 848|0x00000000b8600000, 0x00000000b8700000, 0x00000000b8700000|100%|HC|  |TAMS 0x00000000b8600000| PB 0x00000000b8600000| Complete |  0
| 849|0x00000000b8700000, 0x00000000b8800000, 0x00000000b8800000|100%|HC|  |TAMS 0x00000000b8700000| PB 0x00000000b8700000| Complete |  0
| 850|0x00000000b8800000, 0x00000000b8900000, 0x00000000b8900000|100%|HC|  |TAMS 0x00000000b8800000| PB 0x00000000b8800000| Complete |  0
| 851|0x00000000b8900000, 0x00000000b8a00000, 0x00000000b8a00000|100%|HC|  |TAMS 0x00000000b8900000| PB 0x00000000b8900000| Complete |  0
| 852|0x00000000b8a00000, 0x00000000b8b00000, 0x00000000b8b00000|100%|HC|  |TAMS 0x00000000b8a00000| PB 0x00000000b8a00000| Complete |  0
| 853|0x00000000b8b00000, 0x00000000b8c00000, 0x00000000b8c00000|100%|HC|  |TAMS 0x00000000b8b00000| PB 0x00000000b8b00000| Complete |  0
| 854|0x00000000b8c00000, 0x00000000b8d00000, 0x00000000b8d00000|100%|HC|  |TAMS 0x00000000b8c00000| PB 0x00000000b8c00000| Complete |  0
| 855|0x00000000b8d00000, 0x00000000b8e00000, 0x00000000b8e00000|100%|HC|  |TAMS 0x00000000b8d00000| PB 0x00000000b8d00000| Complete |  0
| 856|0x00000000b8e00000, 0x00000000b8f00000, 0x00000000b8f00000|100%|HC|  |TAMS 0x00000000b8e00000| PB 0x00000000b8e00000| Complete |  0
| 857|0x00000000b8f00000, 0x00000000b9000000, 0x00000000b9000000|100%|HC|  |TAMS 0x00000000b8f00000| PB 0x00000000b8f00000| Complete |  0
| 858|0x00000000b9000000, 0x00000000b9100000, 0x00000000b9100000|100%|HC|  |TAMS 0x00000000b9000000| PB 0x00000000b9000000| Complete |  0
| 859|0x00000000b9100000, 0x00000000b9200000, 0x00000000b9200000|100%|HC|  |TAMS 0x00000000b9100000| PB 0x00000000b9100000| Complete |  0
| 860|0x00000000b9200000, 0x00000000b9300000, 0x00000000b9300000|100%|HC|  |TAMS 0x00000000b9200000| PB 0x00000000b9200000| Complete |  0
| 861|0x00000000b9300000, 0x00000000b9400000, 0x00000000b9400000|100%|HC|  |TAMS 0x00000000b9300000| PB 0x00000000b9300000| Complete |  0
| 862|0x00000000b9400000, 0x00000000b9500000, 0x00000000b9500000|100%|HC|  |TAMS 0x00000000b9400000| PB 0x00000000b9400000| Complete |  0
| 863|0x00000000b9500000, 0x00000000b9600000, 0x00000000b9600000|100%|HC|  |TAMS 0x00000000b9500000| PB 0x00000000b9500000| Complete |  0
| 864|0x00000000b9600000, 0x00000000b9700000, 0x00000000b9700000|100%|HC|  |TAMS 0x00000000b9600000| PB 0x00000000b9600000| Complete |  0
| 865|0x00000000b9700000, 0x00000000b9800000, 0x00000000b9800000|100%|HS|  |TAMS 0x00000000b9700000| PB 0x00000000b9700000| Complete |  0
| 866|0x00000000b9800000, 0x00000000b9900000, 0x00000000b9900000|100%|HC|  |TAMS 0x00000000b9800000| PB 0x00000000b9800000| Complete |  0
| 867|0x00000000b9900000, 0x00000000b9a00000, 0x00000000b9a00000|100%|HC|  |TAMS 0x00000000b9900000| PB 0x00000000b9900000| Complete |  0
| 868|0x00000000b9a00000, 0x00000000b9b00000, 0x00000000b9b00000|100%|HC|  |TAMS 0x00000000b9a00000| PB 0x00000000b9a00000| Complete |  0
| 869|0x00000000b9b00000, 0x00000000b9c00000, 0x00000000b9c00000|100%|HC|  |TAMS 0x00000000b9b00000| PB 0x00000000b9b00000| Complete |  0
| 870|0x00000000b9c00000, 0x00000000b9d00000, 0x00000000b9d00000|100%|HC|  |TAMS 0x00000000b9c00000| PB 0x00000000b9c00000| Complete |  0
| 871|0x00000000b9d00000, 0x00000000b9e00000, 0x00000000b9e00000|100%|HC|  |TAMS 0x00000000b9d00000| PB 0x00000000b9d00000| Complete |  0
| 872|0x00000000b9e00000, 0x00000000b9f00000, 0x00000000b9f00000|100%|HC|  |TAMS 0x00000000b9e00000| PB 0x00000000b9e00000| Complete |  0
| 873|0x00000000b9f00000, 0x00000000ba000000, 0x00000000ba000000|100%|HC|  |TAMS 0x00000000b9f00000| PB 0x00000000b9f00000| Complete |  0
| 874|0x00000000ba000000, 0x00000000ba100000, 0x00000000ba100000|100%|HC|  |TAMS 0x00000000ba000000| PB 0x00000000ba000000| Complete |  0
| 875|0x00000000ba100000, 0x00000000ba200000, 0x00000000ba200000|100%|HC|  |TAMS 0x00000000ba100000| PB 0x00000000ba100000| Complete |  0
| 876|0x00000000ba200000, 0x00000000ba300000, 0x00000000ba300000|100%|HC|  |TAMS 0x00000000ba200000| PB 0x00000000ba200000| Complete |  0
| 877|0x00000000ba300000, 0x00000000ba400000, 0x00000000ba400000|100%|HC|  |TAMS 0x00000000ba300000| PB 0x00000000ba300000| Complete |  0
| 878|0x00000000ba400000, 0x00000000ba500000, 0x00000000ba500000|100%|HC|  |TAMS 0x00000000ba400000| PB 0x00000000ba400000| Complete |  0
| 879|0x00000000ba500000, 0x00000000ba600000, 0x00000000ba600000|100%|HC|  |TAMS 0x00000000ba500000| PB 0x00000000ba500000| Complete |  0
| 880|0x00000000ba600000, 0x00000000ba700000, 0x00000000ba700000|100%|HC|  |TAMS 0x00000000ba600000| PB 0x00000000ba600000| Complete |  0
| 881|0x00000000ba700000, 0x00000000ba800000, 0x00000000ba800000|100%|HC|  |TAMS 0x00000000ba700000| PB 0x00000000ba700000| Complete |  0
| 882|0x00000000ba800000, 0x00000000ba900000, 0x00000000ba900000|100%|HC|  |TAMS 0x00000000ba800000| PB 0x00000000ba800000| Complete |  0
| 883|0x00000000ba900000, 0x00000000baa00000, 0x00000000baa00000|100%|HC|  |TAMS 0x00000000ba900000| PB 0x00000000ba900000| Complete |  0
| 884|0x00000000baa00000, 0x00000000bab00000, 0x00000000bab00000|100%|HC|  |TAMS 0x00000000baa00000| PB 0x00000000baa00000| Complete |  0
| 885|0x00000000bab00000, 0x00000000bac00000, 0x00000000bac00000|100%|HC|  |TAMS 0x00000000bab00000| PB 0x00000000bab00000| Complete |  0
| 886|0x00000000bac00000, 0x00000000bad00000, 0x00000000bad00000|100%|HC|  |TAMS 0x00000000bac00000| PB 0x00000000bac00000| Complete |  0
| 887|0x00000000bad00000, 0x00000000bae00000, 0x00000000bae00000|100%|HC|  |TAMS 0x00000000bad00000| PB 0x00000000bad00000| Complete |  0
| 888|0x00000000bae00000, 0x00000000baf00000, 0x00000000baf00000|100%|HC|  |TAMS 0x00000000bae00000| PB 0x00000000bae00000| Complete |  0
| 889|0x00000000baf00000, 0x00000000bb000000, 0x00000000bb000000|100%|HC|  |TAMS 0x00000000baf00000| PB 0x00000000baf00000| Complete |  0
| 890|0x00000000bb000000, 0x00000000bb100000, 0x00000000bb100000|100%|HC|  |TAMS 0x00000000bb000000| PB 0x00000000bb000000| Complete |  0
| 891|0x00000000bb100000, 0x00000000bb200000, 0x00000000bb200000|100%|HC|  |TAMS 0x00000000bb100000| PB 0x00000000bb100000| Complete |  0
| 892|0x00000000bb200000, 0x00000000bb300000, 0x00000000bb300000|100%|HC|  |TAMS 0x00000000bb200000| PB 0x00000000bb200000| Complete |  0
| 893|0x00000000bb300000, 0x00000000bb400000, 0x00000000bb400000|100%|HC|  |TAMS 0x00000000bb300000| PB 0x00000000bb300000| Complete |  0
| 894|0x00000000bb400000, 0x00000000bb500000, 0x00000000bb500000|100%|HC|  |TAMS 0x00000000bb400000| PB 0x00000000bb400000| Complete |  0
| 895|0x00000000bb500000, 0x00000000bb600000, 0x00000000bb600000|100%|HC|  |TAMS 0x00000000bb500000| PB 0x00000000bb500000| Complete |  0
| 896|0x00000000bb600000, 0x00000000bb700000, 0x00000000bb700000|100%|HC|  |TAMS 0x00000000bb600000| PB 0x00000000bb600000| Complete |  0
| 897|0x00000000bb700000, 0x00000000bb800000, 0x00000000bb800000|100%|HC|  |TAMS 0x00000000bb700000| PB 0x00000000bb700000| Complete |  0
| 898|0x00000000bb800000, 0x00000000bb900000, 0x00000000bb900000|100%|HC|  |TAMS 0x00000000bb800000| PB 0x00000000bb800000| Complete |  0
| 899|0x00000000bb900000, 0x00000000bba00000, 0x00000000bba00000|100%|HC|  |TAMS 0x00000000bb900000| PB 0x00000000bb900000| Complete |  0
| 900|0x00000000bba00000, 0x00000000bbb00000, 0x00000000bbb00000|100%|HC|  |TAMS 0x00000000bba00000| PB 0x00000000bba00000| Complete |  0
| 901|0x00000000bbb00000, 0x00000000bbc00000, 0x00000000bbc00000|100%|HC|  |TAMS 0x00000000bbb00000| PB 0x00000000bbb00000| Complete |  0
| 902|0x00000000bbc00000, 0x00000000bbd00000, 0x00000000bbd00000|100%|HC|  |TAMS 0x00000000bbc00000| PB 0x00000000bbc00000| Complete |  0
| 903|0x00000000bbd00000, 0x00000000bbe00000, 0x00000000bbe00000|100%|HC|  |TAMS 0x00000000bbd00000| PB 0x00000000bbd00000| Complete |  0
| 904|0x00000000bbe00000, 0x00000000bbf00000, 0x00000000bbf00000|100%|HC|  |TAMS 0x00000000bbe00000| PB 0x00000000bbe00000| Complete |  0
| 905|0x00000000bbf00000, 0x00000000bc000000, 0x00000000bc000000|100%|HC|  |TAMS 0x00000000bbf00000| PB 0x00000000bbf00000| Complete |  0
| 906|0x00000000bc000000, 0x00000000bc100000, 0x00000000bc100000|100%|HC|  |TAMS 0x00000000bc000000| PB 0x00000000bc000000| Complete |  0
| 907|0x00000000bc100000, 0x00000000bc200000, 0x00000000bc200000|100%|HC|  |TAMS 0x00000000bc100000| PB 0x00000000bc100000| Complete |  0
| 908|0x00000000bc200000, 0x00000000bc300000, 0x00000000bc300000|100%|HC|  |TAMS 0x00000000bc200000| PB 0x00000000bc200000| Complete |  0
| 909|0x00000000bc300000, 0x00000000bc400000, 0x00000000bc400000|100%|HC|  |TAMS 0x00000000bc300000| PB 0x00000000bc300000| Complete |  0
| 910|0x00000000bc400000, 0x00000000bc500000, 0x00000000bc500000|100%|HC|  |TAMS 0x00000000bc400000| PB 0x00000000bc400000| Complete |  0
| 911|0x00000000bc500000, 0x00000000bc600000, 0x00000000bc600000|100%|HC|  |TAMS 0x00000000bc500000| PB 0x00000000bc500000| Complete |  0
| 912|0x00000000bc600000, 0x00000000bc700000, 0x00000000bc700000|100%|HC|  |TAMS 0x00000000bc600000| PB 0x00000000bc600000| Complete |  0
| 913|0x00000000bc700000, 0x00000000bc800000, 0x00000000bc800000|100%|HC|  |TAMS 0x00000000bc700000| PB 0x00000000bc700000| Complete |  0
| 914|0x00000000bc800000, 0x00000000bc900000, 0x00000000bc900000|100%|HC|  |TAMS 0x00000000bc800000| PB 0x00000000bc800000| Complete |  0
| 915|0x00000000bc900000, 0x00000000bca00000, 0x00000000bca00000|100%|HC|  |TAMS 0x00000000bc900000| PB 0x00000000bc900000| Complete |  0
| 916|0x00000000bca00000, 0x00000000bcb00000, 0x00000000bcb00000|100%|HC|  |TAMS 0x00000000bca00000| PB 0x00000000bca00000| Complete |  0
| 917|0x00000000bcb00000, 0x00000000bcc00000, 0x00000000bcc00000|100%|HC|  |TAMS 0x00000000bcb00000| PB 0x00000000bcb00000| Complete |  0
| 918|0x00000000bcc00000, 0x00000000bcd00000, 0x00000000bcd00000|100%|HC|  |TAMS 0x00000000bcc00000| PB 0x00000000bcc00000| Complete |  0
| 919|0x00000000bcd00000, 0x00000000bce00000, 0x00000000bce00000|100%|HC|  |TAMS 0x00000000bcd00000| PB 0x00000000bcd00000| Complete |  0
| 920|0x00000000bce00000, 0x00000000bcf00000, 0x00000000bcf00000|100%|HC|  |TAMS 0x00000000bce00000| PB 0x00000000bce00000| Complete |  0
| 921|0x00000000bcf00000, 0x00000000bd000000, 0x00000000bd000000|100%|HC|  |TAMS 0x00000000bcf00000| PB 0x00000000bcf00000| Complete |  0
| 922|0x00000000bd000000, 0x00000000bd100000, 0x00000000bd100000|100%|HC|  |TAMS 0x00000000bd000000| PB 0x00000000bd000000| Complete |  0
| 923|0x00000000bd100000, 0x00000000bd200000, 0x00000000bd200000|100%|HC|  |TAMS 0x00000000bd100000| PB 0x00000000bd100000| Complete |  0
| 924|0x00000000bd200000, 0x00000000bd300000, 0x00000000bd300000|100%|HC|  |TAMS 0x00000000bd200000| PB 0x00000000bd200000| Complete |  0
| 925|0x00000000bd300000, 0x00000000bd400000, 0x00000000bd400000|100%|HC|  |TAMS 0x00000000bd300000| PB 0x00000000bd300000| Complete |  0
| 926|0x00000000bd400000, 0x00000000bd500000, 0x00000000bd500000|100%|HC|  |TAMS 0x00000000bd400000| PB 0x00000000bd400000| Complete |  0
| 927|0x00000000bd500000, 0x00000000bd600000, 0x00000000bd600000|100%|HC|  |TAMS 0x00000000bd500000| PB 0x00000000bd500000| Complete |  0
| 928|0x00000000bd600000, 0x00000000bd700000, 0x00000000bd700000|100%|HC|  |TAMS 0x00000000bd600000| PB 0x00000000bd600000| Complete |  0
| 929|0x00000000bd700000, 0x00000000bd800000, 0x00000000bd800000|100%|HC|  |TAMS 0x00000000bd700000| PB 0x00000000bd700000| Complete |  0
| 930|0x00000000bd800000, 0x00000000bd900000, 0x00000000bd900000|100%|HS|  |TAMS 0x00000000bd800000| PB 0x00000000bd800000| Complete |  0
| 931|0x00000000bd900000, 0x00000000bda00000, 0x00000000bda00000|100%|HC|  |TAMS 0x00000000bd900000| PB 0x00000000bd900000| Complete |  0
| 932|0x00000000bda00000, 0x00000000bdb00000, 0x00000000bdb00000|100%|HC|  |TAMS 0x00000000bda00000| PB 0x00000000bda00000| Complete |  0
| 933|0x00000000bdb00000, 0x00000000bdc00000, 0x00000000bdc00000|100%|HC|  |TAMS 0x00000000bdb00000| PB 0x00000000bdb00000| Complete |  0
| 934|0x00000000bdc00000, 0x00000000bdd00000, 0x00000000bdd00000|100%|HC|  |TAMS 0x00000000bdc00000| PB 0x00000000bdc00000| Complete |  0
| 935|0x00000000bdd00000, 0x00000000bde00000, 0x00000000bde00000|100%|HC|  |TAMS 0x00000000bdd00000| PB 0x00000000bdd00000| Complete |  0
| 936|0x00000000bde00000, 0x00000000bdf00000, 0x00000000bdf00000|100%|HC|  |TAMS 0x00000000bde00000| PB 0x00000000bde00000| Complete |  0
| 937|0x00000000bdf00000, 0x00000000be000000, 0x00000000be000000|100%|HC|  |TAMS 0x00000000bdf00000| PB 0x00000000bdf00000| Complete |  0
| 938|0x00000000be000000, 0x00000000be100000, 0x00000000be100000|100%|HC|  |TAMS 0x00000000be000000| PB 0x00000000be000000| Complete |  0
| 939|0x00000000be100000, 0x00000000be200000, 0x00000000be200000|100%|HC|  |TAMS 0x00000000be100000| PB 0x00000000be100000| Complete |  0
| 940|0x00000000be200000, 0x00000000be300000, 0x00000000be300000|100%|HC|  |TAMS 0x00000000be200000| PB 0x00000000be200000| Complete |  0
| 941|0x00000000be300000, 0x00000000be400000, 0x00000000be400000|100%|HC|  |TAMS 0x00000000be300000| PB 0x00000000be300000| Complete |  0
| 942|0x00000000be400000, 0x00000000be500000, 0x00000000be500000|100%|HC|  |TAMS 0x00000000be400000| PB 0x00000000be400000| Complete |  0
| 943|0x00000000be500000, 0x00000000be600000, 0x00000000be600000|100%|HC|  |TAMS 0x00000000be500000| PB 0x00000000be500000| Complete |  0
| 944|0x00000000be600000, 0x00000000be700000, 0x00000000be700000|100%|HC|  |TAMS 0x00000000be600000| PB 0x00000000be600000| Complete |  0
| 945|0x00000000be700000, 0x00000000be800000, 0x00000000be800000|100%|HC|  |TAMS 0x00000000be700000| PB 0x00000000be700000| Complete |  0
| 946|0x00000000be800000, 0x00000000be900000, 0x00000000be900000|100%|HC|  |TAMS 0x00000000be800000| PB 0x00000000be800000| Complete |  0
| 947|0x00000000be900000, 0x00000000bea00000, 0x00000000bea00000|100%|HC|  |TAMS 0x00000000be900000| PB 0x00000000be900000| Complete |  0
| 948|0x00000000bea00000, 0x00000000beb00000, 0x00000000beb00000|100%|HC|  |TAMS 0x00000000bea00000| PB 0x00000000bea00000| Complete |  0
| 949|0x00000000beb00000, 0x00000000bec00000, 0x00000000bec00000|100%|HC|  |TAMS 0x00000000beb00000| PB 0x00000000beb00000| Complete |  0
| 950|0x00000000bec00000, 0x00000000bed00000, 0x00000000bed00000|100%|HC|  |TAMS 0x00000000bec00000| PB 0x00000000bec00000| Complete |  0
| 951|0x00000000bed00000, 0x00000000bee00000, 0x00000000bee00000|100%|HC|  |TAMS 0x00000000bed00000| PB 0x00000000bed00000| Complete |  0
| 952|0x00000000bee00000, 0x00000000bef00000, 0x00000000bef00000|100%|HC|  |TAMS 0x00000000bee00000| PB 0x00000000bee00000| Complete |  0
| 953|0x00000000bef00000, 0x00000000bf000000, 0x00000000bf000000|100%|HC|  |TAMS 0x00000000bef00000| PB 0x00000000bef00000| Complete |  0
| 954|0x00000000bf000000, 0x00000000bf100000, 0x00000000bf100000|100%|HC|  |TAMS 0x00000000bf000000| PB 0x00000000bf000000| Complete |  0
| 955|0x00000000bf100000, 0x00000000bf200000, 0x00000000bf200000|100%|HC|  |TAMS 0x00000000bf100000| PB 0x00000000bf100000| Complete |  0
| 956|0x00000000bf200000, 0x00000000bf300000, 0x00000000bf300000|100%|HC|  |TAMS 0x00000000bf200000| PB 0x00000000bf200000| Complete |  0
| 957|0x00000000bf300000, 0x00000000bf400000, 0x00000000bf400000|100%|HC|  |TAMS 0x00000000bf300000| PB 0x00000000bf300000| Complete |  0
| 958|0x00000000bf400000, 0x00000000bf500000, 0x00000000bf500000|100%|HC|  |TAMS 0x00000000bf400000| PB 0x00000000bf400000| Complete |  0
| 959|0x00000000bf500000, 0x00000000bf600000, 0x00000000bf600000|100%|HC|  |TAMS 0x00000000bf500000| PB 0x00000000bf500000| Complete |  0
| 960|0x00000000bf600000, 0x00000000bf700000, 0x00000000bf700000|100%|HC|  |TAMS 0x00000000bf600000| PB 0x00000000bf600000| Complete |  0
| 961|0x00000000bf700000, 0x00000000bf800000, 0x00000000bf800000|100%|HC|  |TAMS 0x00000000bf700000| PB 0x00000000bf700000| Complete |  0
| 962|0x00000000bf800000, 0x00000000bf900000, 0x00000000bf900000|100%|HC|  |TAMS 0x00000000bf800000| PB 0x00000000bf800000| Complete |  0
| 963|0x00000000bf900000, 0x00000000bfa00000, 0x00000000bfa00000|100%|HC|  |TAMS 0x00000000bf900000| PB 0x00000000bf900000| Complete |  0
| 964|0x00000000bfa00000, 0x00000000bfb00000, 0x00000000bfb00000|100%|HC|  |TAMS 0x00000000bfa00000| PB 0x00000000bfa00000| Complete |  0
| 965|0x00000000bfb00000, 0x00000000bfc00000, 0x00000000bfc00000|100%|HC|  |TAMS 0x00000000bfb00000| PB 0x00000000bfb00000| Complete |  0
| 966|0x00000000bfc00000, 0x00000000bfd00000, 0x00000000bfd00000|100%|HC|  |TAMS 0x00000000bfc00000| PB 0x00000000bfc00000| Complete |  0
| 967|0x00000000bfd00000, 0x00000000bfe00000, 0x00000000bfe00000|100%|HC|  |TAMS 0x00000000bfd00000| PB 0x00000000bfd00000| Complete |  0
| 968|0x00000000bfe00000, 0x00000000bff00000, 0x00000000bff00000|100%|HC|  |TAMS 0x00000000bfe00000| PB 0x00000000bfe00000| Complete |  0
| 969|0x00000000bff00000, 0x00000000c0000000, 0x00000000c0000000|100%|HC|  |TAMS 0x00000000bff00000| PB 0x00000000bff00000| Complete |  0
| 970|0x00000000c0000000, 0x00000000c0100000, 0x00000000c0100000|100%|HC|  |TAMS 0x00000000c0000000| PB 0x00000000c0000000| Complete |  0
| 971|0x00000000c0100000, 0x00000000c0200000, 0x00000000c0200000|100%|HC|  |TAMS 0x00000000c0100000| PB 0x00000000c0100000| Complete |  0
| 972|0x00000000c0200000, 0x00000000c0300000, 0x00000000c0300000|100%|HC|  |TAMS 0x00000000c0200000| PB 0x00000000c0200000| Complete |  0
| 973|0x00000000c0300000, 0x00000000c0400000, 0x00000000c0400000|100%|HC|  |TAMS 0x00000000c0300000| PB 0x00000000c0300000| Complete |  0
| 974|0x00000000c0400000, 0x00000000c0500000, 0x00000000c0500000|100%|HC|  |TAMS 0x00000000c0400000| PB 0x00000000c0400000| Complete |  0
| 975|0x00000000c0500000, 0x00000000c0600000, 0x00000000c0600000|100%|HC|  |TAMS 0x00000000c0500000| PB 0x00000000c0500000| Complete |  0
| 976|0x00000000c0600000, 0x00000000c0700000, 0x00000000c0700000|100%|HC|  |TAMS 0x00000000c0600000| PB 0x00000000c0600000| Complete |  0
| 977|0x00000000c0700000, 0x00000000c0800000, 0x00000000c0800000|100%|HC|  |TAMS 0x00000000c0700000| PB 0x00000000c0700000| Complete |  0
| 978|0x00000000c0800000, 0x00000000c0900000, 0x00000000c0900000|100%|HC|  |TAMS 0x00000000c0800000| PB 0x00000000c0800000| Complete |  0
| 979|0x00000000c0900000, 0x00000000c0a00000, 0x00000000c0a00000|100%|HC|  |TAMS 0x00000000c0900000| PB 0x00000000c0900000| Complete |  0
| 980|0x00000000c0a00000, 0x00000000c0b00000, 0x00000000c0b00000|100%|HC|  |TAMS 0x00000000c0a00000| PB 0x00000000c0a00000| Complete |  0
| 981|0x00000000c0b00000, 0x00000000c0c00000, 0x00000000c0c00000|100%|HC|  |TAMS 0x00000000c0b00000| PB 0x00000000c0b00000| Complete |  0
| 982|0x00000000c0c00000, 0x00000000c0d00000, 0x00000000c0d00000|100%|HC|  |TAMS 0x00000000c0c00000| PB 0x00000000c0c00000| Complete |  0
| 983|0x00000000c0d00000, 0x00000000c0e00000, 0x00000000c0e00000|100%|HC|  |TAMS 0x00000000c0d00000| PB 0x00000000c0d00000| Complete |  0
| 984|0x00000000c0e00000, 0x00000000c0f00000, 0x00000000c0f00000|100%|HC|  |TAMS 0x00000000c0e00000| PB 0x00000000c0e00000| Complete |  0
| 985|0x00000000c0f00000, 0x00000000c1000000, 0x00000000c1000000|100%|HC|  |TAMS 0x00000000c0f00000| PB 0x00000000c0f00000| Complete |  0
| 986|0x00000000c1000000, 0x00000000c1100000, 0x00000000c1100000|100%|HC|  |TAMS 0x00000000c1000000| PB 0x00000000c1000000| Complete |  0
| 987|0x00000000c1100000, 0x00000000c1200000, 0x00000000c1200000|100%|HC|  |TAMS 0x00000000c1100000| PB 0x00000000c1100000| Complete |  0
| 988|0x00000000c1200000, 0x00000000c1300000, 0x00000000c1300000|100%|HC|  |TAMS 0x00000000c1200000| PB 0x00000000c1200000| Complete |  0
| 989|0x00000000c1300000, 0x00000000c1400000, 0x00000000c1400000|100%|HC|  |TAMS 0x00000000c1300000| PB 0x00000000c1300000| Complete |  0
| 990|0x00000000c1400000, 0x00000000c1500000, 0x00000000c1500000|100%|HC|  |TAMS 0x00000000c1400000| PB 0x00000000c1400000| Complete |  0
| 991|0x00000000c1500000, 0x00000000c1600000, 0x00000000c1600000|100%|HC|  |TAMS 0x00000000c1500000| PB 0x00000000c1500000| Complete |  0
| 992|0x00000000c1600000, 0x00000000c1700000, 0x00000000c1700000|100%|HC|  |TAMS 0x00000000c1600000| PB 0x00000000c1600000| Complete |  0
| 993|0x00000000c1700000, 0x00000000c1800000, 0x00000000c1800000|100%|HC|  |TAMS 0x00000000c1700000| PB 0x00000000c1700000| Complete |  0
| 994|0x00000000c1800000, 0x00000000c1900000, 0x00000000c1900000|100%|HC|  |TAMS 0x00000000c1800000| PB 0x00000000c1800000| Complete |  0
| 995|0x00000000c1900000, 0x00000000c1a00000, 0x00000000c1a00000|100%|HS|  |TAMS 0x00000000c1900000| PB 0x00000000c1900000| Complete |  0
| 996|0x00000000c1a00000, 0x00000000c1b00000, 0x00000000c1b00000|100%|HC|  |TAMS 0x00000000c1a00000| PB 0x00000000c1a00000| Complete |  0
| 997|0x00000000c1b00000, 0x00000000c1c00000, 0x00000000c1c00000|100%|HC|  |TAMS 0x00000000c1b00000| PB 0x00000000c1b00000| Complete |  0
| 998|0x00000000c1c00000, 0x00000000c1d00000, 0x00000000c1d00000|100%|HC|  |TAMS 0x00000000c1c00000| PB 0x00000000c1c00000| Complete |  0
| 999|0x00000000c1d00000, 0x00000000c1e00000, 0x00000000c1e00000|100%|HC|  |TAMS 0x00000000c1d00000| PB 0x00000000c1d00000| Complete |  0
|1000|0x00000000c1e00000, 0x00000000c1f00000, 0x00000000c1f00000|100%|HC|  |TAMS 0x00000000c1e00000| PB 0x00000000c1e00000| Complete |  0
|1001|0x00000000c1f00000, 0x00000000c2000000, 0x00000000c2000000|100%|HC|  |TAMS 0x00000000c1f00000| PB 0x00000000c1f00000| Complete |  0
|1002|0x00000000c2000000, 0x00000000c2100000, 0x00000000c2100000|100%|HC|  |TAMS 0x00000000c2000000| PB 0x00000000c2000000| Complete |  0
|1003|0x00000000c2100000, 0x00000000c2200000, 0x00000000c2200000|100%|HC|  |TAMS 0x00000000c2100000| PB 0x00000000c2100000| Complete |  0
|1004|0x00000000c2200000, 0x00000000c2300000, 0x00000000c2300000|100%|HC|  |TAMS 0x00000000c2200000| PB 0x00000000c2200000| Complete |  0
|1005|0x00000000c2300000, 0x00000000c2400000, 0x00000000c2400000|100%|HC|  |TAMS 0x00000000c2300000| PB 0x00000000c2300000| Complete |  0
|1006|0x00000000c2400000, 0x00000000c2500000, 0x00000000c2500000|100%|HC|  |TAMS 0x00000000c2400000| PB 0x00000000c2400000| Complete |  0
|1007|0x00000000c2500000, 0x00000000c2600000, 0x00000000c2600000|100%|HC|  |TAMS 0x00000000c2500000| PB 0x00000000c2500000| Complete |  0
|1008|0x00000000c2600000, 0x00000000c2700000, 0x00000000c2700000|100%|HC|  |TAMS 0x00000000c2600000| PB 0x00000000c2600000| Complete |  0
|1009|0x00000000c2700000, 0x00000000c2800000, 0x00000000c2800000|100%|HC|  |TAMS 0x00000000c2700000| PB 0x00000000c2700000| Complete |  0
|1010|0x00000000c2800000, 0x00000000c2900000, 0x00000000c2900000|100%|HC|  |TAMS 0x00000000c2800000| PB 0x00000000c2800000| Complete |  0
|1011|0x00000000c2900000, 0x00000000c2a00000, 0x00000000c2a00000|100%|HC|  |TAMS 0x00000000c2900000| PB 0x00000000c2900000| Complete |  0
|1012|0x00000000c2a00000, 0x00000000c2b00000, 0x00000000c2b00000|100%|HC|  |TAMS 0x00000000c2a00000| PB 0x00000000c2a00000| Complete |  0
|1013|0x00000000c2b00000, 0x00000000c2c00000, 0x00000000c2c00000|100%|HC|  |TAMS 0x00000000c2b00000| PB 0x00000000c2b00000| Complete |  0
|1014|0x00000000c2c00000, 0x00000000c2d00000, 0x00000000c2d00000|100%|HC|  |TAMS 0x00000000c2c00000| PB 0x00000000c2c00000| Complete |  0
|1015|0x00000000c2d00000, 0x00000000c2e00000, 0x00000000c2e00000|100%|HC|  |TAMS 0x00000000c2d00000| PB 0x00000000c2d00000| Complete |  0
|1016|0x00000000c2e00000, 0x00000000c2f00000, 0x00000000c2f00000|100%|HC|  |TAMS 0x00000000c2e00000| PB 0x00000000c2e00000| Complete |  0
|1017|0x00000000c2f00000, 0x00000000c3000000, 0x00000000c3000000|100%|HC|  |TAMS 0x00000000c2f00000| PB 0x00000000c2f00000| Complete |  0
|1018|0x00000000c3000000, 0x00000000c3100000, 0x00000000c3100000|100%|HC|  |TAMS 0x00000000c3000000| PB 0x00000000c3000000| Complete |  0
|1019|0x00000000c3100000, 0x00000000c3200000, 0x00000000c3200000|100%|HC|  |TAMS 0x00000000c3100000| PB 0x00000000c3100000| Complete |  0
|1020|0x00000000c3200000, 0x00000000c3300000, 0x00000000c3300000|100%|HC|  |TAMS 0x00000000c3200000| PB 0x00000000c3200000| Complete |  0
|1021|0x00000000c3300000, 0x00000000c3400000, 0x00000000c3400000|100%|HC|  |TAMS 0x00000000c3300000| PB 0x00000000c3300000| Complete |  0
|1022|0x00000000c3400000, 0x00000000c3500000, 0x00000000c3500000|100%|HC|  |TAMS 0x00000000c3400000| PB 0x00000000c3400000| Complete |  0
|1023|0x00000000c3500000, 0x00000000c3600000, 0x00000000c3600000|100%|HC|  |TAMS 0x00000000c3500000| PB 0x00000000c3500000| Complete |  0
|1024|0x00000000c3600000, 0x00000000c3700000, 0x00000000c3700000|100%|HC|  |TAMS 0x00000000c3600000| PB 0x00000000c3600000| Complete |  0
|1025|0x00000000c3700000, 0x00000000c3800000, 0x00000000c3800000|100%|HC|  |TAMS 0x00000000c3700000| PB 0x00000000c3700000| Complete |  0
|1026|0x00000000c3800000, 0x00000000c3900000, 0x00000000c3900000|100%|HC|  |TAMS 0x00000000c3800000| PB 0x00000000c3800000| Complete |  0
|1027|0x00000000c3900000, 0x00000000c3a00000, 0x00000000c3a00000|100%|HC|  |TAMS 0x00000000c3900000| PB 0x00000000c3900000| Complete |  0
|1028|0x00000000c3a00000, 0x00000000c3b00000, 0x00000000c3b00000|100%|HC|  |TAMS 0x00000000c3a00000| PB 0x00000000c3a00000| Complete |  0
|1029|0x00000000c3b00000, 0x00000000c3c00000, 0x00000000c3c00000|100%|HC|  |TAMS 0x00000000c3b00000| PB 0x00000000c3b00000| Complete |  0
|1030|0x00000000c3c00000, 0x00000000c3d00000, 0x00000000c3d00000|100%|HC|  |TAMS 0x00000000c3c00000| PB 0x00000000c3c00000| Complete |  0
|1031|0x00000000c3d00000, 0x00000000c3e00000, 0x00000000c3e00000|100%|HC|  |TAMS 0x00000000c3d00000| PB 0x00000000c3d00000| Complete |  0
|1032|0x00000000c3e00000, 0x00000000c3f00000, 0x00000000c3f00000|100%|HC|  |TAMS 0x00000000c3e00000| PB 0x00000000c3e00000| Complete |  0
|1033|0x00000000c3f00000, 0x00000000c4000000, 0x00000000c4000000|100%|HC|  |TAMS 0x00000000c3f00000| PB 0x00000000c3f00000| Complete |  0
|1034|0x00000000c4000000, 0x00000000c4100000, 0x00000000c4100000|100%|HC|  |TAMS 0x00000000c4000000| PB 0x00000000c4000000| Complete |  0
|1035|0x00000000c4100000, 0x00000000c4200000, 0x00000000c4200000|100%|HC|  |TAMS 0x00000000c4100000| PB 0x00000000c4100000| Complete |  0
|1036|0x00000000c4200000, 0x00000000c4300000, 0x00000000c4300000|100%|HC|  |TAMS 0x00000000c4200000| PB 0x00000000c4200000| Complete |  0
|1037|0x00000000c4300000, 0x00000000c4400000, 0x00000000c4400000|100%|HC|  |TAMS 0x00000000c4300000| PB 0x00000000c4300000| Complete |  0
|1038|0x00000000c4400000, 0x00000000c4500000, 0x00000000c4500000|100%|HC|  |TAMS 0x00000000c4400000| PB 0x00000000c4400000| Complete |  0
|1039|0x00000000c4500000, 0x00000000c4600000, 0x00000000c4600000|100%|HC|  |TAMS 0x00000000c4500000| PB 0x00000000c4500000| Complete |  0
|1040|0x00000000c4600000, 0x00000000c4700000, 0x00000000c4700000|100%|HC|  |TAMS 0x00000000c4600000| PB 0x00000000c4600000| Complete |  0
|1041|0x00000000c4700000, 0x00000000c4800000, 0x00000000c4800000|100%|HC|  |TAMS 0x00000000c4700000| PB 0x00000000c4700000| Complete |  0
|1042|0x00000000c4800000, 0x00000000c4900000, 0x00000000c4900000|100%|HC|  |TAMS 0x00000000c4800000| PB 0x00000000c4800000| Complete |  0
|1043|0x00000000c4900000, 0x00000000c4a00000, 0x00000000c4a00000|100%|HC|  |TAMS 0x00000000c4900000| PB 0x00000000c4900000| Complete |  0
|1044|0x00000000c4a00000, 0x00000000c4b00000, 0x00000000c4b00000|100%|HC|  |TAMS 0x00000000c4a00000| PB 0x00000000c4a00000| Complete |  0
|1045|0x00000000c4b00000, 0x00000000c4c00000, 0x00000000c4c00000|100%|HC|  |TAMS 0x00000000c4b00000| PB 0x00000000c4b00000| Complete |  0
|1046|0x00000000c4c00000, 0x00000000c4d00000, 0x00000000c4d00000|100%|HC|  |TAMS 0x00000000c4c00000| PB 0x00000000c4c00000| Complete |  0
|1047|0x00000000c4d00000, 0x00000000c4e00000, 0x00000000c4e00000|100%|HC|  |TAMS 0x00000000c4d00000| PB 0x00000000c4d00000| Complete |  0
|1048|0x00000000c4e00000, 0x00000000c4f00000, 0x00000000c4f00000|100%|HC|  |TAMS 0x00000000c4e00000| PB 0x00000000c4e00000| Complete |  0
|1049|0x00000000c4f00000, 0x00000000c5000000, 0x00000000c5000000|100%|HC|  |TAMS 0x00000000c4f00000| PB 0x00000000c4f00000| Complete |  0
|1050|0x00000000c5000000, 0x00000000c5100000, 0x00000000c5100000|100%|HC|  |TAMS 0x00000000c5000000| PB 0x00000000c5000000| Complete |  0
|1051|0x00000000c5100000, 0x00000000c5200000, 0x00000000c5200000|100%|HC|  |TAMS 0x00000000c5100000| PB 0x00000000c5100000| Complete |  0
|1052|0x00000000c5200000, 0x00000000c5300000, 0x00000000c5300000|100%|HC|  |TAMS 0x00000000c5200000| PB 0x00000000c5200000| Complete |  0
|1053|0x00000000c5300000, 0x00000000c5400000, 0x00000000c5400000|100%|HC|  |TAMS 0x00000000c5300000| PB 0x00000000c5300000| Complete |  0
|1054|0x00000000c5400000, 0x00000000c5500000, 0x00000000c5500000|100%|HC|  |TAMS 0x00000000c5400000| PB 0x00000000c5400000| Complete |  0
|1055|0x00000000c5500000, 0x00000000c5600000, 0x00000000c5600000|100%|HC|  |TAMS 0x00000000c5500000| PB 0x00000000c5500000| Complete |  0
|1056|0x00000000c5600000, 0x00000000c5700000, 0x00000000c5700000|100%|HC|  |TAMS 0x00000000c5600000| PB 0x00000000c5600000| Complete |  0
|1057|0x00000000c5700000, 0x00000000c5800000, 0x00000000c5800000|100%|HC|  |TAMS 0x00000000c5700000| PB 0x00000000c5700000| Complete |  0
|1058|0x00000000c5800000, 0x00000000c5900000, 0x00000000c5900000|100%|HC|  |TAMS 0x00000000c5800000| PB 0x00000000c5800000| Complete |  0
|1059|0x00000000c5900000, 0x00000000c5a00000, 0x00000000c5a00000|100%|HC|  |TAMS 0x00000000c5900000| PB 0x00000000c5900000| Complete |  0
|1060|0x00000000c5a00000, 0x00000000c5b00000, 0x00000000c5b00000|100%|HS|  |TAMS 0x00000000c5a00000| PB 0x00000000c5a00000| Complete |  0
|1061|0x00000000c5b00000, 0x00000000c5c00000, 0x00000000c5c00000|100%|HC|  |TAMS 0x00000000c5b00000| PB 0x00000000c5b00000| Complete |  0
|1062|0x00000000c5c00000, 0x00000000c5d00000, 0x00000000c5d00000|100%|HC|  |TAMS 0x00000000c5c00000| PB 0x00000000c5c00000| Complete |  0
|1063|0x00000000c5d00000, 0x00000000c5e00000, 0x00000000c5e00000|100%|HC|  |TAMS 0x00000000c5d00000| PB 0x00000000c5d00000| Complete |  0
|1064|0x00000000c5e00000, 0x00000000c5f00000, 0x00000000c5f00000|100%|HC|  |TAMS 0x00000000c5e00000| PB 0x00000000c5e00000| Complete |  0
|1065|0x00000000c5f00000, 0x00000000c6000000, 0x00000000c6000000|100%|HC|  |TAMS 0x00000000c5f00000| PB 0x00000000c5f00000| Complete |  0
|1066|0x00000000c6000000, 0x00000000c6100000, 0x00000000c6100000|100%|HC|  |TAMS 0x00000000c6000000| PB 0x00000000c6000000| Complete |  0
|1067|0x00000000c6100000, 0x00000000c6200000, 0x00000000c6200000|100%|HC|  |TAMS 0x00000000c6100000| PB 0x00000000c6100000| Complete |  0
|1068|0x00000000c6200000, 0x00000000c6300000, 0x00000000c6300000|100%|HC|  |TAMS 0x00000000c6200000| PB 0x00000000c6200000| Complete |  0
|1069|0x00000000c6300000, 0x00000000c6400000, 0x00000000c6400000|100%|HC|  |TAMS 0x00000000c6300000| PB 0x00000000c6300000| Complete |  0
|1070|0x00000000c6400000, 0x00000000c6500000, 0x00000000c6500000|100%|HC|  |TAMS 0x00000000c6400000| PB 0x00000000c6400000| Complete |  0
|1071|0x00000000c6500000, 0x00000000c6600000, 0x00000000c6600000|100%|HC|  |TAMS 0x00000000c6500000| PB 0x00000000c6500000| Complete |  0
|1072|0x00000000c6600000, 0x00000000c6700000, 0x00000000c6700000|100%|HC|  |TAMS 0x00000000c6600000| PB 0x00000000c6600000| Complete |  0
|1073|0x00000000c6700000, 0x00000000c6800000, 0x00000000c6800000|100%|HC|  |TAMS 0x00000000c6700000| PB 0x00000000c6700000| Complete |  0
|1074|0x00000000c6800000, 0x00000000c6900000, 0x00000000c6900000|100%|HC|  |TAMS 0x00000000c6800000| PB 0x00000000c6800000| Complete |  0
|1075|0x00000000c6900000, 0x00000000c6a00000, 0x00000000c6a00000|100%|HC|  |TAMS 0x00000000c6900000| PB 0x00000000c6900000| Complete |  0
|1076|0x00000000c6a00000, 0x00000000c6b00000, 0x00000000c6b00000|100%|HC|  |TAMS 0x00000000c6a00000| PB 0x00000000c6a00000| Complete |  0
|1077|0x00000000c6b00000, 0x00000000c6c00000, 0x00000000c6c00000|100%|HC|  |TAMS 0x00000000c6b00000| PB 0x00000000c6b00000| Complete |  0
|1078|0x00000000c6c00000, 0x00000000c6d00000, 0x00000000c6d00000|100%|HC|  |TAMS 0x00000000c6c00000| PB 0x00000000c6c00000| Complete |  0
|1079|0x00000000c6d00000, 0x00000000c6e00000, 0x00000000c6e00000|100%|HC|  |TAMS 0x00000000c6d00000| PB 0x00000000c6d00000| Complete |  0
|1080|0x00000000c6e00000, 0x00000000c6f00000, 0x00000000c6f00000|100%|HC|  |TAMS 0x00000000c6e00000| PB 0x00000000c6e00000| Complete |  0
|1081|0x00000000c6f00000, 0x00000000c7000000, 0x00000000c7000000|100%|HC|  |TAMS 0x00000000c6f00000| PB 0x00000000c6f00000| Complete |  0
|1082|0x00000000c7000000, 0x00000000c7100000, 0x00000000c7100000|100%|HC|  |TAMS 0x00000000c7000000| PB 0x00000000c7000000| Complete |  0
|1083|0x00000000c7100000, 0x00000000c7200000, 0x00000000c7200000|100%|HC|  |TAMS 0x00000000c7100000| PB 0x00000000c7100000| Complete |  0
|1084|0x00000000c7200000, 0x00000000c7300000, 0x00000000c7300000|100%|HC|  |TAMS 0x00000000c7200000| PB 0x00000000c7200000| Complete |  0
|1085|0x00000000c7300000, 0x00000000c7400000, 0x00000000c7400000|100%|HC|  |TAMS 0x00000000c7300000| PB 0x00000000c7300000| Complete |  0
|1086|0x00000000c7400000, 0x00000000c7500000, 0x00000000c7500000|100%|HC|  |TAMS 0x00000000c7400000| PB 0x00000000c7400000| Complete |  0
|1087|0x00000000c7500000, 0x00000000c7600000, 0x00000000c7600000|100%|HC|  |TAMS 0x00000000c7500000| PB 0x00000000c7500000| Complete |  0
|1088|0x00000000c7600000, 0x00000000c7700000, 0x00000000c7700000|100%|HC|  |TAMS 0x00000000c7600000| PB 0x00000000c7600000| Complete |  0
|1089|0x00000000c7700000, 0x00000000c7800000, 0x00000000c7800000|100%|HC|  |TAMS 0x00000000c7700000| PB 0x00000000c7700000| Complete |  0
|1090|0x00000000c7800000, 0x00000000c7900000, 0x00000000c7900000|100%|HC|  |TAMS 0x00000000c7800000| PB 0x00000000c7800000| Complete |  0
|1091|0x00000000c7900000, 0x00000000c7a00000, 0x00000000c7a00000|100%|HC|  |TAMS 0x00000000c7900000| PB 0x00000000c7900000| Complete |  0
|1092|0x00000000c7a00000, 0x00000000c7b00000, 0x00000000c7b00000|100%|HC|  |TAMS 0x00000000c7a00000| PB 0x00000000c7a00000| Complete |  0
|1093|0x00000000c7b00000, 0x00000000c7c00000, 0x00000000c7c00000|100%|HC|  |TAMS 0x00000000c7b00000| PB 0x00000000c7b00000| Complete |  0
|1094|0x00000000c7c00000, 0x00000000c7d00000, 0x00000000c7d00000|100%|HC|  |TAMS 0x00000000c7c00000| PB 0x00000000c7c00000| Complete |  0
|1095|0x00000000c7d00000, 0x00000000c7e00000, 0x00000000c7e00000|100%|HC|  |TAMS 0x00000000c7d00000| PB 0x00000000c7d00000| Complete |  0
|1096|0x00000000c7e00000, 0x00000000c7f00000, 0x00000000c7f00000|100%|HC|  |TAMS 0x00000000c7e00000| PB 0x00000000c7e00000| Complete |  0
|1097|0x00000000c7f00000, 0x00000000c8000000, 0x00000000c8000000|100%|HC|  |TAMS 0x00000000c7f00000| PB 0x00000000c7f00000| Complete |  0
|1098|0x00000000c8000000, 0x00000000c8100000, 0x00000000c8100000|100%|HC|  |TAMS 0x00000000c8000000| PB 0x00000000c8000000| Complete |  0
|1099|0x00000000c8100000, 0x00000000c8200000, 0x00000000c8200000|100%|HC|  |TAMS 0x00000000c8100000| PB 0x00000000c8100000| Complete |  0
|1100|0x00000000c8200000, 0x00000000c8300000, 0x00000000c8300000|100%|HC|  |TAMS 0x00000000c8200000| PB 0x00000000c8200000| Complete |  0
|1101|0x00000000c8300000, 0x00000000c8400000, 0x00000000c8400000|100%|HC|  |TAMS 0x00000000c8300000| PB 0x00000000c8300000| Complete |  0
|1102|0x00000000c8400000, 0x00000000c8500000, 0x00000000c8500000|100%|HC|  |TAMS 0x00000000c8400000| PB 0x00000000c8400000| Complete |  0
|1103|0x00000000c8500000, 0x00000000c8600000, 0x00000000c8600000|100%|HC|  |TAMS 0x00000000c8500000| PB 0x00000000c8500000| Complete |  0
|1104|0x00000000c8600000, 0x00000000c8700000, 0x00000000c8700000|100%|HC|  |TAMS 0x00000000c8600000| PB 0x00000000c8600000| Complete |  0
|1105|0x00000000c8700000, 0x00000000c8800000, 0x00000000c8800000|100%|HC|  |TAMS 0x00000000c8700000| PB 0x00000000c8700000| Complete |  0
|1106|0x00000000c8800000, 0x00000000c8900000, 0x00000000c8900000|100%|HC|  |TAMS 0x00000000c8800000| PB 0x00000000c8800000| Complete |  0
|1107|0x00000000c8900000, 0x00000000c8a00000, 0x00000000c8a00000|100%|HC|  |TAMS 0x00000000c8900000| PB 0x00000000c8900000| Complete |  0
|1108|0x00000000c8a00000, 0x00000000c8b00000, 0x00000000c8b00000|100%|HC|  |TAMS 0x00000000c8a00000| PB 0x00000000c8a00000| Complete |  0
|1109|0x00000000c8b00000, 0x00000000c8c00000, 0x00000000c8c00000|100%|HC|  |TAMS 0x00000000c8b00000| PB 0x00000000c8b00000| Complete |  0
|1110|0x00000000c8c00000, 0x00000000c8d00000, 0x00000000c8d00000|100%|HC|  |TAMS 0x00000000c8c00000| PB 0x00000000c8c00000| Complete |  0
|1111|0x00000000c8d00000, 0x00000000c8e00000, 0x00000000c8e00000|100%|HC|  |TAMS 0x00000000c8d00000| PB 0x00000000c8d00000| Complete |  0
|1112|0x00000000c8e00000, 0x00000000c8f00000, 0x00000000c8f00000|100%|HC|  |TAMS 0x00000000c8e00000| PB 0x00000000c8e00000| Complete |  0
|1113|0x00000000c8f00000, 0x00000000c9000000, 0x00000000c9000000|100%|HC|  |TAMS 0x00000000c8f00000| PB 0x00000000c8f00000| Complete |  0
|1114|0x00000000c9000000, 0x00000000c9100000, 0x00000000c9100000|100%|HC|  |TAMS 0x00000000c9000000| PB 0x00000000c9000000| Complete |  0
|1115|0x00000000c9100000, 0x00000000c9200000, 0x00000000c9200000|100%|HC|  |TAMS 0x00000000c9100000| PB 0x00000000c9100000| Complete |  0
|1116|0x00000000c9200000, 0x00000000c9300000, 0x00000000c9300000|100%|HC|  |TAMS 0x00000000c9200000| PB 0x00000000c9200000| Complete |  0
|1117|0x00000000c9300000, 0x00000000c9400000, 0x00000000c9400000|100%|HC|  |TAMS 0x00000000c9300000| PB 0x00000000c9300000| Complete |  0
|1118|0x00000000c9400000, 0x00000000c9500000, 0x00000000c9500000|100%|HC|  |TAMS 0x00000000c9400000| PB 0x00000000c9400000| Complete |  0
|1119|0x00000000c9500000, 0x00000000c9600000, 0x00000000c9600000|100%|HC|  |TAMS 0x00000000c9500000| PB 0x00000000c9500000| Complete |  0
|1120|0x00000000c9600000, 0x00000000c9700000, 0x00000000c9700000|100%|HC|  |TAMS 0x00000000c9600000| PB 0x00000000c9600000| Complete |  0
|1121|0x00000000c9700000, 0x00000000c9800000, 0x00000000c9800000|100%|HC|  |TAMS 0x00000000c9700000| PB 0x00000000c9700000| Complete |  0
|1122|0x00000000c9800000, 0x00000000c9900000, 0x00000000c9900000|100%|HC|  |TAMS 0x00000000c9800000| PB 0x00000000c9800000| Complete |  0
|1123|0x00000000c9900000, 0x00000000c9a00000, 0x00000000c9a00000|100%|HC|  |TAMS 0x00000000c9900000| PB 0x00000000c9900000| Complete |  0
|1124|0x00000000c9a00000, 0x00000000c9b00000, 0x00000000c9b00000|100%|HC|  |TAMS 0x00000000c9a00000| PB 0x00000000c9a00000| Complete |  0
|1125|0x00000000c9b00000, 0x00000000c9c00000, 0x00000000c9c00000|100%|HS|  |TAMS 0x00000000c9b00000| PB 0x00000000c9b00000| Complete |  0
|1126|0x00000000c9c00000, 0x00000000c9d00000, 0x00000000c9d00000|100%|HC|  |TAMS 0x00000000c9c00000| PB 0x00000000c9c00000| Complete |  0
|1127|0x00000000c9d00000, 0x00000000c9e00000, 0x00000000c9e00000|100%|HC|  |TAMS 0x00000000c9d00000| PB 0x00000000c9d00000| Complete |  0
|1128|0x00000000c9e00000, 0x00000000c9f00000, 0x00000000c9f00000|100%|HC|  |TAMS 0x00000000c9e00000| PB 0x00000000c9e00000| Complete |  0
|1129|0x00000000c9f00000, 0x00000000ca000000, 0x00000000ca000000|100%|HC|  |TAMS 0x00000000c9f00000| PB 0x00000000c9f00000| Complete |  0
|1130|0x00000000ca000000, 0x00000000ca100000, 0x00000000ca100000|100%|HC|  |TAMS 0x00000000ca000000| PB 0x00000000ca000000| Complete |  0
|1131|0x00000000ca100000, 0x00000000ca200000, 0x00000000ca200000|100%|HC|  |TAMS 0x00000000ca100000| PB 0x00000000ca100000| Complete |  0
|1132|0x00000000ca200000, 0x00000000ca300000, 0x00000000ca300000|100%|HC|  |TAMS 0x00000000ca200000| PB 0x00000000ca200000| Complete |  0
|1133|0x00000000ca300000, 0x00000000ca400000, 0x00000000ca400000|100%|HC|  |TAMS 0x00000000ca300000| PB 0x00000000ca300000| Complete |  0
|1134|0x00000000ca400000, 0x00000000ca500000, 0x00000000ca500000|100%|HC|  |TAMS 0x00000000ca400000| PB 0x00000000ca400000| Complete |  0
|1135|0x00000000ca500000, 0x00000000ca600000, 0x00000000ca600000|100%|HC|  |TAMS 0x00000000ca500000| PB 0x00000000ca500000| Complete |  0
|1136|0x00000000ca600000, 0x00000000ca700000, 0x00000000ca700000|100%|HC|  |TAMS 0x00000000ca600000| PB 0x00000000ca600000| Complete |  0
|1137|0x00000000ca700000, 0x00000000ca800000, 0x00000000ca800000|100%|HC|  |TAMS 0x00000000ca700000| PB 0x00000000ca700000| Complete |  0
|1138|0x00000000ca800000, 0x00000000ca900000, 0x00000000ca900000|100%|HC|  |TAMS 0x00000000ca800000| PB 0x00000000ca800000| Complete |  0
|1139|0x00000000ca900000, 0x00000000caa00000, 0x00000000caa00000|100%|HC|  |TAMS 0x00000000ca900000| PB 0x00000000ca900000| Complete |  0
|1140|0x00000000caa00000, 0x00000000cab00000, 0x00000000cab00000|100%|HC|  |TAMS 0x00000000caa00000| PB 0x00000000caa00000| Complete |  0
|1141|0x00000000cab00000, 0x00000000cac00000, 0x00000000cac00000|100%|HC|  |TAMS 0x00000000cab00000| PB 0x00000000cab00000| Complete |  0
|1142|0x00000000cac00000, 0x00000000cad00000, 0x00000000cad00000|100%|HC|  |TAMS 0x00000000cac00000| PB 0x00000000cac00000| Complete |  0
|1143|0x00000000cad00000, 0x00000000cae00000, 0x00000000cae00000|100%|HC|  |TAMS 0x00000000cad00000| PB 0x00000000cad00000| Complete |  0
|1144|0x00000000cae00000, 0x00000000caf00000, 0x00000000caf00000|100%|HC|  |TAMS 0x00000000cae00000| PB 0x00000000cae00000| Complete |  0
|1145|0x00000000caf00000, 0x00000000cb000000, 0x00000000cb000000|100%|HC|  |TAMS 0x00000000caf00000| PB 0x00000000caf00000| Complete |  0
|1146|0x00000000cb000000, 0x00000000cb100000, 0x00000000cb100000|100%|HC|  |TAMS 0x00000000cb000000| PB 0x00000000cb000000| Complete |  0
|1147|0x00000000cb100000, 0x00000000cb200000, 0x00000000cb200000|100%|HC|  |TAMS 0x00000000cb100000| PB 0x00000000cb100000| Complete |  0
|1148|0x00000000cb200000, 0x00000000cb300000, 0x00000000cb300000|100%|HC|  |TAMS 0x00000000cb200000| PB 0x00000000cb200000| Complete |  0
|1149|0x00000000cb300000, 0x00000000cb400000, 0x00000000cb400000|100%|HC|  |TAMS 0x00000000cb300000| PB 0x00000000cb300000| Complete |  0
|1150|0x00000000cb400000, 0x00000000cb500000, 0x00000000cb500000|100%|HC|  |TAMS 0x00000000cb400000| PB 0x00000000cb400000| Complete |  0
|1151|0x00000000cb500000, 0x00000000cb600000, 0x00000000cb600000|100%|HC|  |TAMS 0x00000000cb500000| PB 0x00000000cb500000| Complete |  0
|1152|0x00000000cb600000, 0x00000000cb700000, 0x00000000cb700000|100%|HC|  |TAMS 0x00000000cb600000| PB 0x00000000cb600000| Complete |  0
|1153|0x00000000cb700000, 0x00000000cb800000, 0x00000000cb800000|100%|HC|  |TAMS 0x00000000cb700000| PB 0x00000000cb700000| Complete |  0
|1154|0x00000000cb800000, 0x00000000cb900000, 0x00000000cb900000|100%|HC|  |TAMS 0x00000000cb800000| PB 0x00000000cb800000| Complete |  0
|1155|0x00000000cb900000, 0x00000000cba00000, 0x00000000cba00000|100%|HC|  |TAMS 0x00000000cb900000| PB 0x00000000cb900000| Complete |  0
|1156|0x00000000cba00000, 0x00000000cbb00000, 0x00000000cbb00000|100%|HC|  |TAMS 0x00000000cba00000| PB 0x00000000cba00000| Complete |  0
|1157|0x00000000cbb00000, 0x00000000cbc00000, 0x00000000cbc00000|100%|HC|  |TAMS 0x00000000cbb00000| PB 0x00000000cbb00000| Complete |  0
|1158|0x00000000cbc00000, 0x00000000cbd00000, 0x00000000cbd00000|100%|HC|  |TAMS 0x00000000cbc00000| PB 0x00000000cbc00000| Complete |  0
|1159|0x00000000cbd00000, 0x00000000cbe00000, 0x00000000cbe00000|100%|HC|  |TAMS 0x00000000cbd00000| PB 0x00000000cbd00000| Complete |  0
|1160|0x00000000cbe00000, 0x00000000cbf00000, 0x00000000cbf00000|100%|HC|  |TAMS 0x00000000cbe00000| PB 0x00000000cbe00000| Complete |  0
|1161|0x00000000cbf00000, 0x00000000cc000000, 0x00000000cc000000|100%|HC|  |TAMS 0x00000000cbf00000| PB 0x00000000cbf00000| Complete |  0
|1162|0x00000000cc000000, 0x00000000cc100000, 0x00000000cc100000|100%|HC|  |TAMS 0x00000000cc000000| PB 0x00000000cc000000| Complete |  0
|1163|0x00000000cc100000, 0x00000000cc200000, 0x00000000cc200000|100%|HC|  |TAMS 0x00000000cc100000| PB 0x00000000cc100000| Complete |  0
|1164|0x00000000cc200000, 0x00000000cc300000, 0x00000000cc300000|100%|HC|  |TAMS 0x00000000cc200000| PB 0x00000000cc200000| Complete |  0
|1165|0x00000000cc300000, 0x00000000cc400000, 0x00000000cc400000|100%|HC|  |TAMS 0x00000000cc300000| PB 0x00000000cc300000| Complete |  0
|1166|0x00000000cc400000, 0x00000000cc500000, 0x00000000cc500000|100%|HC|  |TAMS 0x00000000cc400000| PB 0x00000000cc400000| Complete |  0
|1167|0x00000000cc500000, 0x00000000cc600000, 0x00000000cc600000|100%|HC|  |TAMS 0x00000000cc500000| PB 0x00000000cc500000| Complete |  0
|1168|0x00000000cc600000, 0x00000000cc700000, 0x00000000cc700000|100%|HC|  |TAMS 0x00000000cc600000| PB 0x00000000cc600000| Complete |  0
|1169|0x00000000cc700000, 0x00000000cc800000, 0x00000000cc800000|100%|HC|  |TAMS 0x00000000cc700000| PB 0x00000000cc700000| Complete |  0
|1170|0x00000000cc800000, 0x00000000cc900000, 0x00000000cc900000|100%|HC|  |TAMS 0x00000000cc800000| PB 0x00000000cc800000| Complete |  0
|1171|0x00000000cc900000, 0x00000000cca00000, 0x00000000cca00000|100%|HC|  |TAMS 0x00000000cc900000| PB 0x00000000cc900000| Complete |  0
|1172|0x00000000cca00000, 0x00000000ccb00000, 0x00000000ccb00000|100%|HC|  |TAMS 0x00000000cca00000| PB 0x00000000cca00000| Complete |  0
|1173|0x00000000ccb00000, 0x00000000ccc00000, 0x00000000ccc00000|100%|HC|  |TAMS 0x00000000ccb00000| PB 0x00000000ccb00000| Complete |  0
|1174|0x00000000ccc00000, 0x00000000ccd00000, 0x00000000ccd00000|100%|HC|  |TAMS 0x00000000ccc00000| PB 0x00000000ccc00000| Complete |  0
|1175|0x00000000ccd00000, 0x00000000cce00000, 0x00000000cce00000|100%|HC|  |TAMS 0x00000000ccd00000| PB 0x00000000ccd00000| Complete |  0
|1176|0x00000000cce00000, 0x00000000ccf00000, 0x00000000ccf00000|100%|HC|  |TAMS 0x00000000cce00000| PB 0x00000000cce00000| Complete |  0
|1177|0x00000000ccf00000, 0x00000000cd000000, 0x00000000cd000000|100%|HC|  |TAMS 0x00000000ccf00000| PB 0x00000000ccf00000| Complete |  0
|1178|0x00000000cd000000, 0x00000000cd100000, 0x00000000cd100000|100%|HC|  |TAMS 0x00000000cd000000| PB 0x00000000cd000000| Complete |  0
|1179|0x00000000cd100000, 0x00000000cd200000, 0x00000000cd200000|100%|HC|  |TAMS 0x00000000cd100000| PB 0x00000000cd100000| Complete |  0
|1180|0x00000000cd200000, 0x00000000cd300000, 0x00000000cd300000|100%|HC|  |TAMS 0x00000000cd200000| PB 0x00000000cd200000| Complete |  0
|1181|0x00000000cd300000, 0x00000000cd400000, 0x00000000cd400000|100%|HC|  |TAMS 0x00000000cd300000| PB 0x00000000cd300000| Complete |  0
|1182|0x00000000cd400000, 0x00000000cd500000, 0x00000000cd500000|100%|HC|  |TAMS 0x00000000cd400000| PB 0x00000000cd400000| Complete |  0
|1183|0x00000000cd500000, 0x00000000cd600000, 0x00000000cd600000|100%|HC|  |TAMS 0x00000000cd500000| PB 0x00000000cd500000| Complete |  0
|1184|0x00000000cd600000, 0x00000000cd700000, 0x00000000cd700000|100%|HC|  |TAMS 0x00000000cd600000| PB 0x00000000cd600000| Complete |  0
|1185|0x00000000cd700000, 0x00000000cd800000, 0x00000000cd800000|100%|HC|  |TAMS 0x00000000cd700000| PB 0x00000000cd700000| Complete |  0
|1186|0x00000000cd800000, 0x00000000cd900000, 0x00000000cd900000|100%|HC|  |TAMS 0x00000000cd800000| PB 0x00000000cd800000| Complete |  0
|1187|0x00000000cd900000, 0x00000000cda00000, 0x00000000cda00000|100%|HC|  |TAMS 0x00000000cd900000| PB 0x00000000cd900000| Complete |  0
|1188|0x00000000cda00000, 0x00000000cdb00000, 0x00000000cdb00000|100%|HC|  |TAMS 0x00000000cda00000| PB 0x00000000cda00000| Complete |  0
|1189|0x00000000cdb00000, 0x00000000cdc00000, 0x00000000cdc00000|100%|HC|  |TAMS 0x00000000cdb00000| PB 0x00000000cdb00000| Complete |  0
|1190|0x00000000cdc00000, 0x00000000cdd00000, 0x00000000cdd00000|100%|HS|  |TAMS 0x00000000cdc00000| PB 0x00000000cdc00000| Complete |  0
|1191|0x00000000cdd00000, 0x00000000cde00000, 0x00000000cde00000|100%|HC|  |TAMS 0x00000000cdd00000| PB 0x00000000cdd00000| Complete |  0
|1192|0x00000000cde00000, 0x00000000cdf00000, 0x00000000cdf00000|100%|HC|  |TAMS 0x00000000cde00000| PB 0x00000000cde00000| Complete |  0
|1193|0x00000000cdf00000, 0x00000000ce000000, 0x00000000ce000000|100%|HC|  |TAMS 0x00000000cdf00000| PB 0x00000000cdf00000| Complete |  0
|1194|0x00000000ce000000, 0x00000000ce100000, 0x00000000ce100000|100%|HC|  |TAMS 0x00000000ce000000| PB 0x00000000ce000000| Complete |  0
|1195|0x00000000ce100000, 0x00000000ce200000, 0x00000000ce200000|100%|HC|  |TAMS 0x00000000ce100000| PB 0x00000000ce100000| Complete |  0
|1196|0x00000000ce200000, 0x00000000ce300000, 0x00000000ce300000|100%|HC|  |TAMS 0x00000000ce200000| PB 0x00000000ce200000| Complete |  0
|1197|0x00000000ce300000, 0x00000000ce400000, 0x00000000ce400000|100%|HC|  |TAMS 0x00000000ce300000| PB 0x00000000ce300000| Complete |  0
|1198|0x00000000ce400000, 0x00000000ce500000, 0x00000000ce500000|100%|HC|  |TAMS 0x00000000ce400000| PB 0x00000000ce400000| Complete |  0
|1199|0x00000000ce500000, 0x00000000ce600000, 0x00000000ce600000|100%|HC|  |TAMS 0x00000000ce500000| PB 0x00000000ce500000| Complete |  0
|1200|0x00000000ce600000, 0x00000000ce700000, 0x00000000ce700000|100%|HC|  |TAMS 0x00000000ce600000| PB 0x00000000ce600000| Complete |  0
|1201|0x00000000ce700000, 0x00000000ce800000, 0x00000000ce800000|100%|HC|  |TAMS 0x00000000ce700000| PB 0x00000000ce700000| Complete |  0
|1202|0x00000000ce800000, 0x00000000ce900000, 0x00000000ce900000|100%|HC|  |TAMS 0x00000000ce800000| PB 0x00000000ce800000| Complete |  0
|1203|0x00000000ce900000, 0x00000000cea00000, 0x00000000cea00000|100%|HC|  |TAMS 0x00000000ce900000| PB 0x00000000ce900000| Complete |  0
|1204|0x00000000cea00000, 0x00000000ceb00000, 0x00000000ceb00000|100%|HC|  |TAMS 0x00000000cea00000| PB 0x00000000cea00000| Complete |  0
|1205|0x00000000ceb00000, 0x00000000cec00000, 0x00000000cec00000|100%|HC|  |TAMS 0x00000000ceb00000| PB 0x00000000ceb00000| Complete |  0
|1206|0x00000000cec00000, 0x00000000ced00000, 0x00000000ced00000|100%|HC|  |TAMS 0x00000000cec00000| PB 0x00000000cec00000| Complete |  0
|1207|0x00000000ced00000, 0x00000000cee00000, 0x00000000cee00000|100%|HC|  |TAMS 0x00000000ced00000| PB 0x00000000ced00000| Complete |  0
|1208|0x00000000cee00000, 0x00000000cef00000, 0x00000000cef00000|100%|HC|  |TAMS 0x00000000cee00000| PB 0x00000000cee00000| Complete |  0
|1209|0x00000000cef00000, 0x00000000cf000000, 0x00000000cf000000|100%|HC|  |TAMS 0x00000000cef00000| PB 0x00000000cef00000| Complete |  0
|1210|0x00000000cf000000, 0x00000000cf100000, 0x00000000cf100000|100%|HC|  |TAMS 0x00000000cf000000| PB 0x00000000cf000000| Complete |  0
|1211|0x00000000cf100000, 0x00000000cf200000, 0x00000000cf200000|100%|HC|  |TAMS 0x00000000cf100000| PB 0x00000000cf100000| Complete |  0
|1212|0x00000000cf200000, 0x00000000cf300000, 0x00000000cf300000|100%|HC|  |TAMS 0x00000000cf200000| PB 0x00000000cf200000| Complete |  0
|1213|0x00000000cf300000, 0x00000000cf400000, 0x00000000cf400000|100%|HC|  |TAMS 0x00000000cf300000| PB 0x00000000cf300000| Complete |  0
|1214|0x00000000cf400000, 0x00000000cf500000, 0x00000000cf500000|100%|HC|  |TAMS 0x00000000cf400000| PB 0x00000000cf400000| Complete |  0
|1215|0x00000000cf500000, 0x00000000cf600000, 0x00000000cf600000|100%|HC|  |TAMS 0x00000000cf500000| PB 0x00000000cf500000| Complete |  0
|1216|0x00000000cf600000, 0x00000000cf700000, 0x00000000cf700000|100%|HC|  |TAMS 0x00000000cf600000| PB 0x00000000cf600000| Complete |  0
|1217|0x00000000cf700000, 0x00000000cf800000, 0x00000000cf800000|100%|HC|  |TAMS 0x00000000cf700000| PB 0x00000000cf700000| Complete |  0
|1218|0x00000000cf800000, 0x00000000cf900000, 0x00000000cf900000|100%|HC|  |TAMS 0x00000000cf800000| PB 0x00000000cf800000| Complete |  0
|1219|0x00000000cf900000, 0x00000000cfa00000, 0x00000000cfa00000|100%|HC|  |TAMS 0x00000000cf900000| PB 0x00000000cf900000| Complete |  0
|1220|0x00000000cfa00000, 0x00000000cfb00000, 0x00000000cfb00000|100%|HC|  |TAMS 0x00000000cfa00000| PB 0x00000000cfa00000| Complete |  0
|1221|0x00000000cfb00000, 0x00000000cfc00000, 0x00000000cfc00000|100%|HC|  |TAMS 0x00000000cfb00000| PB 0x00000000cfb00000| Complete |  0
|1222|0x00000000cfc00000, 0x00000000cfd00000, 0x00000000cfd00000|100%|HC|  |TAMS 0x00000000cfc00000| PB 0x00000000cfc00000| Complete |  0
|1223|0x00000000cfd00000, 0x00000000cfe00000, 0x00000000cfe00000|100%|HC|  |TAMS 0x00000000cfd00000| PB 0x00000000cfd00000| Complete |  0
|1224|0x00000000cfe00000, 0x00000000cff00000, 0x00000000cff00000|100%|HC|  |TAMS 0x00000000cfe00000| PB 0x00000000cfe00000| Complete |  0
|1225|0x00000000cff00000, 0x00000000d0000000, 0x00000000d0000000|100%|HC|  |TAMS 0x00000000cff00000| PB 0x00000000cff00000| Complete |  0
|1226|0x00000000d0000000, 0x00000000d0100000, 0x00000000d0100000|100%|HC|  |TAMS 0x00000000d0000000| PB 0x00000000d0000000| Complete |  0
|1227|0x00000000d0100000, 0x00000000d0200000, 0x00000000d0200000|100%|HC|  |TAMS 0x00000000d0100000| PB 0x00000000d0100000| Complete |  0
|1228|0x00000000d0200000, 0x00000000d0300000, 0x00000000d0300000|100%|HC|  |TAMS 0x00000000d0200000| PB 0x00000000d0200000| Complete |  0
|1229|0x00000000d0300000, 0x00000000d0400000, 0x00000000d0400000|100%|HC|  |TAMS 0x00000000d0300000| PB 0x00000000d0300000| Complete |  0
|1230|0x00000000d0400000, 0x00000000d0500000, 0x00000000d0500000|100%|HC|  |TAMS 0x00000000d0400000| PB 0x00000000d0400000| Complete |  0
|1231|0x00000000d0500000, 0x00000000d0600000, 0x00000000d0600000|100%|HC|  |TAMS 0x00000000d0500000| PB 0x00000000d0500000| Complete |  0
|1232|0x00000000d0600000, 0x00000000d0700000, 0x00000000d0700000|100%|HC|  |TAMS 0x00000000d0600000| PB 0x00000000d0600000| Complete |  0
|1233|0x00000000d0700000, 0x00000000d0800000, 0x00000000d0800000|100%|HC|  |TAMS 0x00000000d0700000| PB 0x00000000d0700000| Complete |  0
|1234|0x00000000d0800000, 0x00000000d0900000, 0x00000000d0900000|100%|HC|  |TAMS 0x00000000d0800000| PB 0x00000000d0800000| Complete |  0
|1235|0x00000000d0900000, 0x00000000d0a00000, 0x00000000d0a00000|100%|HC|  |TAMS 0x00000000d0900000| PB 0x00000000d0900000| Complete |  0
|1236|0x00000000d0a00000, 0x00000000d0b00000, 0x00000000d0b00000|100%|HC|  |TAMS 0x00000000d0a00000| PB 0x00000000d0a00000| Complete |  0
|1237|0x00000000d0b00000, 0x00000000d0c00000, 0x00000000d0c00000|100%|HC|  |TAMS 0x00000000d0b00000| PB 0x00000000d0b00000| Complete |  0
|1238|0x00000000d0c00000, 0x00000000d0d00000, 0x00000000d0d00000|100%|HC|  |TAMS 0x00000000d0c00000| PB 0x00000000d0c00000| Complete |  0
|1239|0x00000000d0d00000, 0x00000000d0e00000, 0x00000000d0e00000|100%|HC|  |TAMS 0x00000000d0d00000| PB 0x00000000d0d00000| Complete |  0
|1240|0x00000000d0e00000, 0x00000000d0f00000, 0x00000000d0f00000|100%|HC|  |TAMS 0x00000000d0e00000| PB 0x00000000d0e00000| Complete |  0
|1241|0x00000000d0f00000, 0x00000000d1000000, 0x00000000d1000000|100%|HC|  |TAMS 0x00000000d0f00000| PB 0x00000000d0f00000| Complete |  0
|1242|0x00000000d1000000, 0x00000000d1100000, 0x00000000d1100000|100%|HC|  |TAMS 0x00000000d1000000| PB 0x00000000d1000000| Complete |  0
|1243|0x00000000d1100000, 0x00000000d1200000, 0x00000000d1200000|100%|HC|  |TAMS 0x00000000d1100000| PB 0x00000000d1100000| Complete |  0
|1244|0x00000000d1200000, 0x00000000d1300000, 0x00000000d1300000|100%|HC|  |TAMS 0x00000000d1200000| PB 0x00000000d1200000| Complete |  0
|1245|0x00000000d1300000, 0x00000000d1400000, 0x00000000d1400000|100%|HC|  |TAMS 0x00000000d1300000| PB 0x00000000d1300000| Complete |  0
|1246|0x00000000d1400000, 0x00000000d1500000, 0x00000000d1500000|100%|HC|  |TAMS 0x00000000d1400000| PB 0x00000000d1400000| Complete |  0
|1247|0x00000000d1500000, 0x00000000d1600000, 0x00000000d1600000|100%|HC|  |TAMS 0x00000000d1500000| PB 0x00000000d1500000| Complete |  0
|1248|0x00000000d1600000, 0x00000000d1700000, 0x00000000d1700000|100%|HC|  |TAMS 0x00000000d1600000| PB 0x00000000d1600000| Complete |  0
|1249|0x00000000d1700000, 0x00000000d1800000, 0x00000000d1800000|100%|HC|  |TAMS 0x00000000d1700000| PB 0x00000000d1700000| Complete |  0
|1250|0x00000000d1800000, 0x00000000d1900000, 0x00000000d1900000|100%|HC|  |TAMS 0x00000000d1800000| PB 0x00000000d1800000| Complete |  0
|1251|0x00000000d1900000, 0x00000000d1a00000, 0x00000000d1a00000|100%|HC|  |TAMS 0x00000000d1900000| PB 0x00000000d1900000| Complete |  0
|1252|0x00000000d1a00000, 0x00000000d1b00000, 0x00000000d1b00000|100%|HC|  |TAMS 0x00000000d1a00000| PB 0x00000000d1a00000| Complete |  0
|1253|0x00000000d1b00000, 0x00000000d1c00000, 0x00000000d1c00000|100%|HC|  |TAMS 0x00000000d1b00000| PB 0x00000000d1b00000| Complete |  0
|1254|0x00000000d1c00000, 0x00000000d1d00000, 0x00000000d1d00000|100%|HC|  |TAMS 0x00000000d1c00000| PB 0x00000000d1c00000| Complete |  0
|1255|0x00000000d1d00000, 0x00000000d1e00000, 0x00000000d1e00000|100%|HS|  |TAMS 0x00000000d1d00000| PB 0x00000000d1d00000| Complete |  0
|1256|0x00000000d1e00000, 0x00000000d1f00000, 0x00000000d1f00000|100%|HC|  |TAMS 0x00000000d1e00000| PB 0x00000000d1e00000| Complete |  0
|1257|0x00000000d1f00000, 0x00000000d2000000, 0x00000000d2000000|100%|HC|  |TAMS 0x00000000d1f00000| PB 0x00000000d1f00000| Complete |  0
|1258|0x00000000d2000000, 0x00000000d2100000, 0x00000000d2100000|100%|HC|  |TAMS 0x00000000d2000000| PB 0x00000000d2000000| Complete |  0
|1259|0x00000000d2100000, 0x00000000d2200000, 0x00000000d2200000|100%|HC|  |TAMS 0x00000000d2100000| PB 0x00000000d2100000| Complete |  0
|1260|0x00000000d2200000, 0x00000000d2300000, 0x00000000d2300000|100%|HC|  |TAMS 0x00000000d2200000| PB 0x00000000d2200000| Complete |  0
|1261|0x00000000d2300000, 0x00000000d2400000, 0x00000000d2400000|100%|HC|  |TAMS 0x00000000d2300000| PB 0x00000000d2300000| Complete |  0
|1262|0x00000000d2400000, 0x00000000d2500000, 0x00000000d2500000|100%|HC|  |TAMS 0x00000000d2400000| PB 0x00000000d2400000| Complete |  0
|1263|0x00000000d2500000, 0x00000000d2600000, 0x00000000d2600000|100%|HC|  |TAMS 0x00000000d2500000| PB 0x00000000d2500000| Complete |  0
|1264|0x00000000d2600000, 0x00000000d2700000, 0x00000000d2700000|100%|HC|  |TAMS 0x00000000d2600000| PB 0x00000000d2600000| Complete |  0
|1265|0x00000000d2700000, 0x00000000d2800000, 0x00000000d2800000|100%|HC|  |TAMS 0x00000000d2700000| PB 0x00000000d2700000| Complete |  0
|1266|0x00000000d2800000, 0x00000000d2900000, 0x00000000d2900000|100%|HC|  |TAMS 0x00000000d2800000| PB 0x00000000d2800000| Complete |  0
|1267|0x00000000d2900000, 0x00000000d2a00000, 0x00000000d2a00000|100%|HC|  |TAMS 0x00000000d2900000| PB 0x00000000d2900000| Complete |  0
|1268|0x00000000d2a00000, 0x00000000d2b00000, 0x00000000d2b00000|100%|HC|  |TAMS 0x00000000d2a00000| PB 0x00000000d2a00000| Complete |  0
|1269|0x00000000d2b00000, 0x00000000d2c00000, 0x00000000d2c00000|100%|HC|  |TAMS 0x00000000d2b00000| PB 0x00000000d2b00000| Complete |  0
|1270|0x00000000d2c00000, 0x00000000d2d00000, 0x00000000d2d00000|100%|HC|  |TAMS 0x00000000d2c00000| PB 0x00000000d2c00000| Complete |  0
|1271|0x00000000d2d00000, 0x00000000d2e00000, 0x00000000d2e00000|100%|HC|  |TAMS 0x00000000d2d00000| PB 0x00000000d2d00000| Complete |  0
|1272|0x00000000d2e00000, 0x00000000d2f00000, 0x00000000d2f00000|100%|HC|  |TAMS 0x00000000d2e00000| PB 0x00000000d2e00000| Complete |  0
|1273|0x00000000d2f00000, 0x00000000d3000000, 0x00000000d3000000|100%|HC|  |TAMS 0x00000000d2f00000| PB 0x00000000d2f00000| Complete |  0
|1274|0x00000000d3000000, 0x00000000d3100000, 0x00000000d3100000|100%|HC|  |TAMS 0x00000000d3000000| PB 0x00000000d3000000| Complete |  0
|1275|0x00000000d3100000, 0x00000000d3200000, 0x00000000d3200000|100%|HC|  |TAMS 0x00000000d3100000| PB 0x00000000d3100000| Complete |  0
|1276|0x00000000d3200000, 0x00000000d3300000, 0x00000000d3300000|100%|HC|  |TAMS 0x00000000d3200000| PB 0x00000000d3200000| Complete |  0
|1277|0x00000000d3300000, 0x00000000d3400000, 0x00000000d3400000|100%|HC|  |TAMS 0x00000000d3300000| PB 0x00000000d3300000| Complete |  0
|1278|0x00000000d3400000, 0x00000000d3500000, 0x00000000d3500000|100%|HC|  |TAMS 0x00000000d3400000| PB 0x00000000d3400000| Complete |  0
|1279|0x00000000d3500000, 0x00000000d3600000, 0x00000000d3600000|100%|HC|  |TAMS 0x00000000d3500000| PB 0x00000000d3500000| Complete |  0
|1280|0x00000000d3600000, 0x00000000d3700000, 0x00000000d3700000|100%|HC|  |TAMS 0x00000000d3600000| PB 0x00000000d3600000| Complete |  0
|1281|0x00000000d3700000, 0x00000000d3800000, 0x00000000d3800000|100%|HC|  |TAMS 0x00000000d3700000| PB 0x00000000d3700000| Complete |  0
|1282|0x00000000d3800000, 0x00000000d3900000, 0x00000000d3900000|100%|HC|  |TAMS 0x00000000d3800000| PB 0x00000000d3800000| Complete |  0
|1283|0x00000000d3900000, 0x00000000d3a00000, 0x00000000d3a00000|100%|HC|  |TAMS 0x00000000d3900000| PB 0x00000000d3900000| Complete |  0
|1284|0x00000000d3a00000, 0x00000000d3b00000, 0x00000000d3b00000|100%|HC|  |TAMS 0x00000000d3a00000| PB 0x00000000d3a00000| Complete |  0
|1285|0x00000000d3b00000, 0x00000000d3c00000, 0x00000000d3c00000|100%|HC|  |TAMS 0x00000000d3b00000| PB 0x00000000d3b00000| Complete |  0
|1286|0x00000000d3c00000, 0x00000000d3d00000, 0x00000000d3d00000|100%|HC|  |TAMS 0x00000000d3c00000| PB 0x00000000d3c00000| Complete |  0
|1287|0x00000000d3d00000, 0x00000000d3e00000, 0x00000000d3e00000|100%|HC|  |TAMS 0x00000000d3d00000| PB 0x00000000d3d00000| Complete |  0
|1288|0x00000000d3e00000, 0x00000000d3f00000, 0x00000000d3f00000|100%|HC|  |TAMS 0x00000000d3e00000| PB 0x00000000d3e00000| Complete |  0
|1289|0x00000000d3f00000, 0x00000000d4000000, 0x00000000d4000000|100%|HC|  |TAMS 0x00000000d3f00000| PB 0x00000000d3f00000| Complete |  0
|1290|0x00000000d4000000, 0x00000000d4100000, 0x00000000d4100000|100%|HC|  |TAMS 0x00000000d4000000| PB 0x00000000d4000000| Complete |  0
|1291|0x00000000d4100000, 0x00000000d4200000, 0x00000000d4200000|100%|HC|  |TAMS 0x00000000d4100000| PB 0x00000000d4100000| Complete |  0
|1292|0x00000000d4200000, 0x00000000d4300000, 0x00000000d4300000|100%|HC|  |TAMS 0x00000000d4200000| PB 0x00000000d4200000| Complete |  0
|1293|0x00000000d4300000, 0x00000000d4400000, 0x00000000d4400000|100%|HC|  |TAMS 0x00000000d4300000| PB 0x00000000d4300000| Complete |  0
|1294|0x00000000d4400000, 0x00000000d4500000, 0x00000000d4500000|100%|HC|  |TAMS 0x00000000d4400000| PB 0x00000000d4400000| Complete |  0
|1295|0x00000000d4500000, 0x00000000d4600000, 0x00000000d4600000|100%|HC|  |TAMS 0x00000000d4500000| PB 0x00000000d4500000| Complete |  0
|1296|0x00000000d4600000, 0x00000000d4700000, 0x00000000d4700000|100%|HC|  |TAMS 0x00000000d4600000| PB 0x00000000d4600000| Complete |  0
|1297|0x00000000d4700000, 0x00000000d4800000, 0x00000000d4800000|100%|HC|  |TAMS 0x00000000d4700000| PB 0x00000000d4700000| Complete |  0
|1298|0x00000000d4800000, 0x00000000d4900000, 0x00000000d4900000|100%|HC|  |TAMS 0x00000000d4800000| PB 0x00000000d4800000| Complete |  0
|1299|0x00000000d4900000, 0x00000000d4a00000, 0x00000000d4a00000|100%|HC|  |TAMS 0x00000000d4900000| PB 0x00000000d4900000| Complete |  0
|1300|0x00000000d4a00000, 0x00000000d4b00000, 0x00000000d4b00000|100%|HC|  |TAMS 0x00000000d4a00000| PB 0x00000000d4a00000| Complete |  0
|1301|0x00000000d4b00000, 0x00000000d4c00000, 0x00000000d4c00000|100%|HC|  |TAMS 0x00000000d4b00000| PB 0x00000000d4b00000| Complete |  0
|1302|0x00000000d4c00000, 0x00000000d4d00000, 0x00000000d4d00000|100%|HC|  |TAMS 0x00000000d4c00000| PB 0x00000000d4c00000| Complete |  0
|1303|0x00000000d4d00000, 0x00000000d4e00000, 0x00000000d4e00000|100%|HC|  |TAMS 0x00000000d4d00000| PB 0x00000000d4d00000| Complete |  0
|1304|0x00000000d4e00000, 0x00000000d4f00000, 0x00000000d4f00000|100%|HC|  |TAMS 0x00000000d4e00000| PB 0x00000000d4e00000| Complete |  0
|1305|0x00000000d4f00000, 0x00000000d5000000, 0x00000000d5000000|100%|HC|  |TAMS 0x00000000d4f00000| PB 0x00000000d4f00000| Complete |  0
|1306|0x00000000d5000000, 0x00000000d5100000, 0x00000000d5100000|100%|HC|  |TAMS 0x00000000d5000000| PB 0x00000000d5000000| Complete |  0
|1307|0x00000000d5100000, 0x00000000d5200000, 0x00000000d5200000|100%|HC|  |TAMS 0x00000000d5100000| PB 0x00000000d5100000| Complete |  0
|1308|0x00000000d5200000, 0x00000000d5300000, 0x00000000d5300000|100%|HC|  |TAMS 0x00000000d5200000| PB 0x00000000d5200000| Complete |  0
|1309|0x00000000d5300000, 0x00000000d5400000, 0x00000000d5400000|100%|HC|  |TAMS 0x00000000d5300000| PB 0x00000000d5300000| Complete |  0
|1310|0x00000000d5400000, 0x00000000d5500000, 0x00000000d5500000|100%|HC|  |TAMS 0x00000000d5400000| PB 0x00000000d5400000| Complete |  0
|1311|0x00000000d5500000, 0x00000000d5600000, 0x00000000d5600000|100%|HC|  |TAMS 0x00000000d5500000| PB 0x00000000d5500000| Complete |  0
|1312|0x00000000d5600000, 0x00000000d5700000, 0x00000000d5700000|100%|HC|  |TAMS 0x00000000d5600000| PB 0x00000000d5600000| Complete |  0
|1313|0x00000000d5700000, 0x00000000d5800000, 0x00000000d5800000|100%|HC|  |TAMS 0x00000000d5700000| PB 0x00000000d5700000| Complete |  0
|1314|0x00000000d5800000, 0x00000000d5900000, 0x00000000d5900000|100%|HC|  |TAMS 0x00000000d5800000| PB 0x00000000d5800000| Complete |  0
|1315|0x00000000d5900000, 0x00000000d5a00000, 0x00000000d5a00000|100%|HC|  |TAMS 0x00000000d5900000| PB 0x00000000d5900000| Complete |  0
|1316|0x00000000d5a00000, 0x00000000d5b00000, 0x00000000d5b00000|100%|HC|  |TAMS 0x00000000d5a00000| PB 0x00000000d5a00000| Complete |  0
|1317|0x00000000d5b00000, 0x00000000d5c00000, 0x00000000d5c00000|100%|HC|  |TAMS 0x00000000d5b00000| PB 0x00000000d5b00000| Complete |  0
|1318|0x00000000d5c00000, 0x00000000d5d00000, 0x00000000d5d00000|100%|HC|  |TAMS 0x00000000d5c00000| PB 0x00000000d5c00000| Complete |  0
|1319|0x00000000d5d00000, 0x00000000d5e00000, 0x00000000d5e00000|100%|HC|  |TAMS 0x00000000d5d00000| PB 0x00000000d5d00000| Complete |  0
|1320|0x00000000d5e00000, 0x00000000d5f00000, 0x00000000d5f00000|100%|HS|  |TAMS 0x00000000d5e00000| PB 0x00000000d5e00000| Complete |  0
|1321|0x00000000d5f00000, 0x00000000d6000000, 0x00000000d6000000|100%|HC|  |TAMS 0x00000000d5f00000| PB 0x00000000d5f00000| Complete |  0
|1322|0x00000000d6000000, 0x00000000d6100000, 0x00000000d6100000|100%|HC|  |TAMS 0x00000000d6000000| PB 0x00000000d6000000| Complete |  0
|1323|0x00000000d6100000, 0x00000000d6200000, 0x00000000d6200000|100%|HC|  |TAMS 0x00000000d6100000| PB 0x00000000d6100000| Complete |  0
|1324|0x00000000d6200000, 0x00000000d6300000, 0x00000000d6300000|100%|HC|  |TAMS 0x00000000d6200000| PB 0x00000000d6200000| Complete |  0
|1325|0x00000000d6300000, 0x00000000d6400000, 0x00000000d6400000|100%|HC|  |TAMS 0x00000000d6300000| PB 0x00000000d6300000| Complete |  0
|1326|0x00000000d6400000, 0x00000000d6500000, 0x00000000d6500000|100%|HC|  |TAMS 0x00000000d6400000| PB 0x00000000d6400000| Complete |  0
|1327|0x00000000d6500000, 0x00000000d6600000, 0x00000000d6600000|100%|HC|  |TAMS 0x00000000d6500000| PB 0x00000000d6500000| Complete |  0
|1328|0x00000000d6600000, 0x00000000d6700000, 0x00000000d6700000|100%|HC|  |TAMS 0x00000000d6600000| PB 0x00000000d6600000| Complete |  0
|1329|0x00000000d6700000, 0x00000000d6800000, 0x00000000d6800000|100%|HC|  |TAMS 0x00000000d6700000| PB 0x00000000d6700000| Complete |  0
|1330|0x00000000d6800000, 0x00000000d6900000, 0x00000000d6900000|100%|HC|  |TAMS 0x00000000d6800000| PB 0x00000000d6800000| Complete |  0
|1331|0x00000000d6900000, 0x00000000d6a00000, 0x00000000d6a00000|100%|HC|  |TAMS 0x00000000d6900000| PB 0x00000000d6900000| Complete |  0
|1332|0x00000000d6a00000, 0x00000000d6b00000, 0x00000000d6b00000|100%|HC|  |TAMS 0x00000000d6a00000| PB 0x00000000d6a00000| Complete |  0
|1333|0x00000000d6b00000, 0x00000000d6c00000, 0x00000000d6c00000|100%|HC|  |TAMS 0x00000000d6b00000| PB 0x00000000d6b00000| Complete |  0
|1334|0x00000000d6c00000, 0x00000000d6d00000, 0x00000000d6d00000|100%|HC|  |TAMS 0x00000000d6c00000| PB 0x00000000d6c00000| Complete |  0
|1335|0x00000000d6d00000, 0x00000000d6e00000, 0x00000000d6e00000|100%|HC|  |TAMS 0x00000000d6d00000| PB 0x00000000d6d00000| Complete |  0
|1336|0x00000000d6e00000, 0x00000000d6f00000, 0x00000000d6f00000|100%|HC|  |TAMS 0x00000000d6e00000| PB 0x00000000d6e00000| Complete |  0
|1337|0x00000000d6f00000, 0x00000000d7000000, 0x00000000d7000000|100%|HC|  |TAMS 0x00000000d6f00000| PB 0x00000000d6f00000| Complete |  0
|1338|0x00000000d7000000, 0x00000000d7100000, 0x00000000d7100000|100%|HC|  |TAMS 0x00000000d7000000| PB 0x00000000d7000000| Complete |  0
|1339|0x00000000d7100000, 0x00000000d7200000, 0x00000000d7200000|100%|HC|  |TAMS 0x00000000d7100000| PB 0x00000000d7100000| Complete |  0
|1340|0x00000000d7200000, 0x00000000d7300000, 0x00000000d7300000|100%|HC|  |TAMS 0x00000000d7200000| PB 0x00000000d7200000| Complete |  0
|1341|0x00000000d7300000, 0x00000000d7400000, 0x00000000d7400000|100%|HC|  |TAMS 0x00000000d7300000| PB 0x00000000d7300000| Complete |  0
|1342|0x00000000d7400000, 0x00000000d7500000, 0x00000000d7500000|100%|HC|  |TAMS 0x00000000d7400000| PB 0x00000000d7400000| Complete |  0
|1343|0x00000000d7500000, 0x00000000d7600000, 0x00000000d7600000|100%|HC|  |TAMS 0x00000000d7500000| PB 0x00000000d7500000| Complete |  0
|1344|0x00000000d7600000, 0x00000000d7700000, 0x00000000d7700000|100%|HC|  |TAMS 0x00000000d7600000| PB 0x00000000d7600000| Complete |  0
|1345|0x00000000d7700000, 0x00000000d7800000, 0x00000000d7800000|100%|HC|  |TAMS 0x00000000d7700000| PB 0x00000000d7700000| Complete |  0
|1346|0x00000000d7800000, 0x00000000d7900000, 0x00000000d7900000|100%|HC|  |TAMS 0x00000000d7800000| PB 0x00000000d7800000| Complete |  0
|1347|0x00000000d7900000, 0x00000000d7a00000, 0x00000000d7a00000|100%|HC|  |TAMS 0x00000000d7900000| PB 0x00000000d7900000| Complete |  0
|1348|0x00000000d7a00000, 0x00000000d7b00000, 0x00000000d7b00000|100%|HC|  |TAMS 0x00000000d7a00000| PB 0x00000000d7a00000| Complete |  0
|1349|0x00000000d7b00000, 0x00000000d7c00000, 0x00000000d7c00000|100%|HC|  |TAMS 0x00000000d7b00000| PB 0x00000000d7b00000| Complete |  0
|1350|0x00000000d7c00000, 0x00000000d7d00000, 0x00000000d7d00000|100%|HC|  |TAMS 0x00000000d7c00000| PB 0x00000000d7c00000| Complete |  0
|1351|0x00000000d7d00000, 0x00000000d7e00000, 0x00000000d7e00000|100%|HC|  |TAMS 0x00000000d7d00000| PB 0x00000000d7d00000| Complete |  0
|1352|0x00000000d7e00000, 0x00000000d7f00000, 0x00000000d7f00000|100%|HC|  |TAMS 0x00000000d7e00000| PB 0x00000000d7e00000| Complete |  0
|1353|0x00000000d7f00000, 0x00000000d8000000, 0x00000000d8000000|100%|HC|  |TAMS 0x00000000d7f00000| PB 0x00000000d7f00000| Complete |  0
|1354|0x00000000d8000000, 0x00000000d8100000, 0x00000000d8100000|100%|HC|  |TAMS 0x00000000d8000000| PB 0x00000000d8000000| Complete |  0
|1355|0x00000000d8100000, 0x00000000d8200000, 0x00000000d8200000|100%|HC|  |TAMS 0x00000000d8100000| PB 0x00000000d8100000| Complete |  0
|1356|0x00000000d8200000, 0x00000000d8300000, 0x00000000d8300000|100%|HC|  |TAMS 0x00000000d8200000| PB 0x00000000d8200000| Complete |  0
|1357|0x00000000d8300000, 0x00000000d8400000, 0x00000000d8400000|100%|HC|  |TAMS 0x00000000d8300000| PB 0x00000000d8300000| Complete |  0
|1358|0x00000000d8400000, 0x00000000d8500000, 0x00000000d8500000|100%|HC|  |TAMS 0x00000000d8400000| PB 0x00000000d8400000| Complete |  0
|1359|0x00000000d8500000, 0x00000000d8600000, 0x00000000d8600000|100%|HC|  |TAMS 0x00000000d8500000| PB 0x00000000d8500000| Complete |  0
|1360|0x00000000d8600000, 0x00000000d8700000, 0x00000000d8700000|100%|HC|  |TAMS 0x00000000d8600000| PB 0x00000000d8600000| Complete |  0
|1361|0x00000000d8700000, 0x00000000d8800000, 0x00000000d8800000|100%|HC|  |TAMS 0x00000000d8700000| PB 0x00000000d8700000| Complete |  0
|1362|0x00000000d8800000, 0x00000000d8900000, 0x00000000d8900000|100%|HC|  |TAMS 0x00000000d8800000| PB 0x00000000d8800000| Complete |  0
|1363|0x00000000d8900000, 0x00000000d8a00000, 0x00000000d8a00000|100%|HC|  |TAMS 0x00000000d8900000| PB 0x00000000d8900000| Complete |  0
|1364|0x00000000d8a00000, 0x00000000d8b00000, 0x00000000d8b00000|100%|HC|  |TAMS 0x00000000d8a00000| PB 0x00000000d8a00000| Complete |  0
|1365|0x00000000d8b00000, 0x00000000d8c00000, 0x00000000d8c00000|100%|HC|  |TAMS 0x00000000d8b00000| PB 0x00000000d8b00000| Complete |  0
|1366|0x00000000d8c00000, 0x00000000d8d00000, 0x00000000d8d00000|100%|HC|  |TAMS 0x00000000d8c00000| PB 0x00000000d8c00000| Complete |  0
|1367|0x00000000d8d00000, 0x00000000d8e00000, 0x00000000d8e00000|100%|HC|  |TAMS 0x00000000d8d00000| PB 0x00000000d8d00000| Complete |  0
|1368|0x00000000d8e00000, 0x00000000d8f00000, 0x00000000d8f00000|100%|HC|  |TAMS 0x00000000d8e00000| PB 0x00000000d8e00000| Complete |  0
|1369|0x00000000d8f00000, 0x00000000d9000000, 0x00000000d9000000|100%|HC|  |TAMS 0x00000000d8f00000| PB 0x00000000d8f00000| Complete |  0
|1370|0x00000000d9000000, 0x00000000d9100000, 0x00000000d9100000|100%|HC|  |TAMS 0x00000000d9000000| PB 0x00000000d9000000| Complete |  0
|1371|0x00000000d9100000, 0x00000000d9200000, 0x00000000d9200000|100%|HC|  |TAMS 0x00000000d9100000| PB 0x00000000d9100000| Complete |  0
|1372|0x00000000d9200000, 0x00000000d9300000, 0x00000000d9300000|100%|HC|  |TAMS 0x00000000d9200000| PB 0x00000000d9200000| Complete |  0
|1373|0x00000000d9300000, 0x00000000d9400000, 0x00000000d9400000|100%|HC|  |TAMS 0x00000000d9300000| PB 0x00000000d9300000| Complete |  0
|1374|0x00000000d9400000, 0x00000000d9500000, 0x00000000d9500000|100%|HC|  |TAMS 0x00000000d9400000| PB 0x00000000d9400000| Complete |  0
|1375|0x00000000d9500000, 0x00000000d9600000, 0x00000000d9600000|100%|HC|  |TAMS 0x00000000d9500000| PB 0x00000000d9500000| Complete |  0
|1376|0x00000000d9600000, 0x00000000d9700000, 0x00000000d9700000|100%|HC|  |TAMS 0x00000000d9600000| PB 0x00000000d9600000| Complete |  0
|1377|0x00000000d9700000, 0x00000000d9800000, 0x00000000d9800000|100%|HC|  |TAMS 0x00000000d9700000| PB 0x00000000d9700000| Complete |  0
|1378|0x00000000d9800000, 0x00000000d9900000, 0x00000000d9900000|100%|HC|  |TAMS 0x00000000d9800000| PB 0x00000000d9800000| Complete |  0
|1379|0x00000000d9900000, 0x00000000d9a00000, 0x00000000d9a00000|100%|HC|  |TAMS 0x00000000d9900000| PB 0x00000000d9900000| Complete |  0
|1380|0x00000000d9a00000, 0x00000000d9b00000, 0x00000000d9b00000|100%|HC|  |TAMS 0x00000000d9a00000| PB 0x00000000d9a00000| Complete |  0
|1381|0x00000000d9b00000, 0x00000000d9c00000, 0x00000000d9c00000|100%|HC|  |TAMS 0x00000000d9b00000| PB 0x00000000d9b00000| Complete |  0
|1382|0x00000000d9c00000, 0x00000000d9d00000, 0x00000000d9d00000|100%|HC|  |TAMS 0x00000000d9c00000| PB 0x00000000d9c00000| Complete |  0
|1383|0x00000000d9d00000, 0x00000000d9e00000, 0x00000000d9e00000|100%|HC|  |TAMS 0x00000000d9d00000| PB 0x00000000d9d00000| Complete |  0
|1384|0x00000000d9e00000, 0x00000000d9f00000, 0x00000000d9f00000|100%|HC|  |TAMS 0x00000000d9e00000| PB 0x00000000d9e00000| Complete |  0
|1385|0x00000000d9f00000, 0x00000000d9f00000, 0x00000000da000000|  0%| F|  |TAMS 0x00000000d9f00000| PB 0x00000000d9f00000| Untracked |  0
|1386|0x00000000da000000, 0x00000000da000000, 0x00000000da100000|  0%| F|  |TAMS 0x00000000da000000| PB 0x00000000da000000| Untracked |  0
|1387|0x00000000da100000, 0x00000000da100000, 0x00000000da200000|  0%| F|  |TAMS 0x00000000da100000| PB 0x00000000da100000| Untracked |  0
|1388|0x00000000da200000, 0x00000000da200000, 0x00000000da300000|  0%| F|  |TAMS 0x00000000da200000| PB 0x00000000da200000| Untracked |  0
|1389|0x00000000da300000, 0x00000000da300000, 0x00000000da400000|  0%| F|  |TAMS 0x00000000da300000| PB 0x00000000da300000| Untracked |  0
|1390|0x00000000da400000, 0x00000000da400000, 0x00000000da500000|  0%| F|  |TAMS 0x00000000da400000| PB 0x00000000da400000| Untracked |  0
|1391|0x00000000da500000, 0x00000000da500000, 0x00000000da600000|  0%| F|  |TAMS 0x00000000da500000| PB 0x00000000da500000| Untracked |  0
|1392|0x00000000da600000, 0x00000000da600000, 0x00000000da700000|  0%| F|  |TAMS 0x00000000da600000| PB 0x00000000da600000| Untracked |  0
|1393|0x00000000da700000, 0x00000000da700000, 0x00000000da800000|  0%| F|  |TAMS 0x00000000da700000| PB 0x00000000da700000| Untracked |  0
|1394|0x00000000da800000, 0x00000000da800000, 0x00000000da900000|  0%| F|  |TAMS 0x00000000da800000| PB 0x00000000da800000| Untracked |  0
|1395|0x00000000da900000, 0x00000000da900000, 0x00000000daa00000|  0%| F|  |TAMS 0x00000000da900000| PB 0x00000000da900000| Untracked |  0
|1396|0x00000000daa00000, 0x00000000daa00000, 0x00000000dab00000|  0%| F|  |TAMS 0x00000000daa00000| PB 0x00000000daa00000| Untracked |  0
|1397|0x00000000dab00000, 0x00000000dab00000, 0x00000000dac00000|  0%| F|  |TAMS 0x00000000dab00000| PB 0x00000000dab00000| Untracked |  0
|1398|0x00000000dac00000, 0x00000000dac00000, 0x00000000dad00000|  0%| F|  |TAMS 0x00000000dac00000| PB 0x00000000dac00000| Untracked |  0
|1399|0x00000000dad00000, 0x00000000dad00000, 0x00000000dae00000|  0%| F|  |TAMS 0x00000000dad00000| PB 0x00000000dad00000| Untracked |  0
|1400|0x00000000dae00000, 0x00000000dae00000, 0x00000000daf00000|  0%| F|  |TAMS 0x00000000dae00000| PB 0x00000000dae00000| Untracked |  0
|1401|0x00000000daf00000, 0x00000000daf00000, 0x00000000db000000|  0%| F|  |TAMS 0x00000000daf00000| PB 0x00000000daf00000| Untracked |  0
|1402|0x00000000db000000, 0x00000000db000000, 0x00000000db100000|  0%| F|  |TAMS 0x00000000db000000| PB 0x00000000db000000| Untracked |  0
|1403|0x00000000db100000, 0x00000000db100000, 0x00000000db200000|  0%| F|  |TAMS 0x00000000db100000| PB 0x00000000db100000| Untracked |  0
|1404|0x00000000db200000, 0x00000000db200000, 0x00000000db300000|  0%| F|  |TAMS 0x00000000db200000| PB 0x00000000db200000| Untracked |  0
|1405|0x00000000db300000, 0x00000000db300000, 0x00000000db400000|  0%| F|  |TAMS 0x00000000db300000| PB 0x00000000db300000| Untracked |  0
|1406|0x00000000db400000, 0x00000000db400000, 0x00000000db500000|  0%| F|  |TAMS 0x00000000db400000| PB 0x00000000db400000| Untracked |  0
|1407|0x00000000db500000, 0x00000000db500000, 0x00000000db600000|  0%| F|  |TAMS 0x00000000db500000| PB 0x00000000db500000| Untracked |  0
|1408|0x00000000db600000, 0x00000000db600000, 0x00000000db700000|  0%| F|  |TAMS 0x00000000db600000| PB 0x00000000db600000| Untracked |  0
|1409|0x00000000db700000, 0x00000000db700000, 0x00000000db800000|  0%| F|  |TAMS 0x00000000db700000| PB 0x00000000db700000| Untracked |  0
|1410|0x00000000db800000, 0x00000000db800000, 0x00000000db900000|  0%| F|  |TAMS 0x00000000db800000| PB 0x00000000db800000| Untracked |  0
|1411|0x00000000db900000, 0x00000000db900000, 0x00000000dba00000|  0%| F|  |TAMS 0x00000000db900000| PB 0x00000000db900000| Untracked |  0
|1412|0x00000000dba00000, 0x00000000dba00000, 0x00000000dbb00000|  0%| F|  |TAMS 0x00000000dba00000| PB 0x00000000dba00000| Untracked |  0
|1413|0x00000000dbb00000, 0x00000000dbb00000, 0x00000000dbc00000|  0%| F|  |TAMS 0x00000000dbb00000| PB 0x00000000dbb00000| Untracked |  0
|1414|0x00000000dbc00000, 0x00000000dbc00000, 0x00000000dbd00000|  0%| F|  |TAMS 0x00000000dbc00000| PB 0x00000000dbc00000| Untracked |  0
|1415|0x00000000dbd00000, 0x00000000dbd00000, 0x00000000dbe00000|  0%| F|  |TAMS 0x00000000dbd00000| PB 0x00000000dbd00000| Untracked |  0
|1416|0x00000000dbe00000, 0x00000000dbe00000, 0x00000000dbf00000|  0%| F|  |TAMS 0x00000000dbe00000| PB 0x00000000dbe00000| Untracked |  0
|1417|0x00000000dbf00000, 0x00000000dbf00000, 0x00000000dc000000|  0%| F|  |TAMS 0x00000000dbf00000| PB 0x00000000dbf00000| Untracked |  0
|1418|0x00000000dc000000, 0x00000000dc000000, 0x00000000dc100000|  0%| F|  |TAMS 0x00000000dc000000| PB 0x00000000dc000000| Untracked |  0
|1419|0x00000000dc100000, 0x00000000dc100000, 0x00000000dc200000|  0%| F|  |TAMS 0x00000000dc100000| PB 0x00000000dc100000| Untracked |  0
|1420|0x00000000dc200000, 0x00000000dc200000, 0x00000000dc300000|  0%| F|  |TAMS 0x00000000dc200000| PB 0x00000000dc200000| Untracked |  0
|1421|0x00000000dc300000, 0x00000000dc300000, 0x00000000dc400000|  0%| F|  |TAMS 0x00000000dc300000| PB 0x00000000dc300000| Untracked |  0
|1422|0x00000000dc400000, 0x00000000dc400000, 0x00000000dc500000|  0%| F|  |TAMS 0x00000000dc400000| PB 0x00000000dc400000| Untracked |  0
|1423|0x00000000dc500000, 0x00000000dc500000, 0x00000000dc600000|  0%| F|  |TAMS 0x00000000dc500000| PB 0x00000000dc500000| Untracked |  0
|1424|0x00000000dc600000, 0x00000000dc600000, 0x00000000dc700000|  0%| F|  |TAMS 0x00000000dc600000| PB 0x00000000dc600000| Untracked |  0
|1425|0x00000000dc700000, 0x00000000dc700000, 0x00000000dc800000|  0%| F|  |TAMS 0x00000000dc700000| PB 0x00000000dc700000| Untracked |  0
|1426|0x00000000dc800000, 0x00000000dc800000, 0x00000000dc900000|  0%| F|  |TAMS 0x00000000dc800000| PB 0x00000000dc800000| Untracked |  0
|1427|0x00000000dc900000, 0x00000000dc900000, 0x00000000dca00000|  0%| F|  |TAMS 0x00000000dc900000| PB 0x00000000dc900000| Untracked |  0
|1428|0x00000000dca00000, 0x00000000dca00000, 0x00000000dcb00000|  0%| F|  |TAMS 0x00000000dca00000| PB 0x00000000dca00000| Untracked |  0
|1429|0x00000000dcb00000, 0x00000000dcb00000, 0x00000000dcc00000|  0%| F|  |TAMS 0x00000000dcb00000| PB 0x00000000dcb00000| Untracked |  0
|1430|0x00000000dcc00000, 0x00000000dcc00000, 0x00000000dcd00000|  0%| F|  |TAMS 0x00000000dcc00000| PB 0x00000000dcc00000| Untracked |  0
|1431|0x00000000dcd00000, 0x00000000dcd00000, 0x00000000dce00000|  0%| F|  |TAMS 0x00000000dcd00000| PB 0x00000000dcd00000| Untracked |  0
|1432|0x00000000dce00000, 0x00000000dce00000, 0x00000000dcf00000|  0%| F|  |TAMS 0x00000000dce00000| PB 0x00000000dce00000| Untracked |  0
|1433|0x00000000dcf00000, 0x00000000dcf00000, 0x00000000dd000000|  0%| F|  |TAMS 0x00000000dcf00000| PB 0x00000000dcf00000| Untracked |  0
|1434|0x00000000dd000000, 0x00000000dd000000, 0x00000000dd100000|  0%| F|  |TAMS 0x00000000dd000000| PB 0x00000000dd000000| Untracked |  0
|1435|0x00000000dd100000, 0x00000000dd100000, 0x00000000dd200000|  0%| F|  |TAMS 0x00000000dd100000| PB 0x00000000dd100000| Untracked |  0
|1436|0x00000000dd200000, 0x00000000dd200000, 0x00000000dd300000|  0%| F|  |TAMS 0x00000000dd200000| PB 0x00000000dd200000| Untracked |  0
|1437|0x00000000dd300000, 0x00000000dd300000, 0x00000000dd400000|  0%| F|  |TAMS 0x00000000dd300000| PB 0x00000000dd300000| Untracked |  0
|1438|0x00000000dd400000, 0x00000000dd400000, 0x00000000dd500000|  0%| F|  |TAMS 0x00000000dd400000| PB 0x00000000dd400000| Untracked |  0
|1992|0x00000000ffe00000, 0x00000000fff00000, 0x00000000fff00000|100%| O|  |TAMS 0x00000000ffe00000| PB 0x00000000ffe00000| Untracked |  0
|1993|0x00000000fff00000, 0x00000000fff256a0, 0x0000000100000000| 14%| O|Cm|TAMS 0x00000000fff00000| PB 0x00000000fff00000| Complete |  0

Card table byte_map: [0x0000019b9e9f0000,0x0000019b9ede0000] _byte_map_base: 0x0000019b9e5d5000

Marking Bits: (CMBitMap*) 0x0000019b86dda390
 Bits: [0x0000019b9ede0000, 0x0000019ba0d08000)

Polling page: 0x0000019b85000000

Metaspace:
Metaspace        used 25984K, committed 26304K, reserved 1114112K
 class space     used 2721K, committed 2880K, reserved 1048576K

Usage:
  Non-class:     22.72 MB used.
      Class:      2.66 MB used.
       Both:     25.38 MB used.

Virtual space:
  Non-class space:       64.00 MB reserved,      22.88 MB ( 36%) committed,  1 nodes.
      Class space:        1.00 GB reserved,       2.81 MB ( <1%) committed,  1 nodes.
             Both:        1.06 GB reserved,      25.69 MB (  2%) committed. 

Chunk freelists:
   Non-Class:  8.59 MB
       Class:  13.10 MB
        Both:  21.69 MB

MaxMetaspaceSize: unlimited
CompressedClassSpaceSize: 1.00 GB
Initial GC threshold: 21.00 MB
Current GC threshold: 35.12 MB
CDS: on
 - commit_granule_bytes: 65536.
 - commit_granule_words: 8192.
 - virtual_space_node_default_size: 8388608.
 - enlarge_chunks_in_place: 1.
UseCompressedClassPointers 1, UseCompactObjectHeaders 0
Narrow klass pointer bits 32, Max shift 3
Narrow klass base: 0x0000000036000000, Narrow klass shift: 0
Encoding Range: [0x0000000036000000 - 0x0000000136000000), (4294967296 bytes)
Klass Range:    [0x0000000036010000 - 0x0000000077000000), (1090453504 bytes)
Klass ID Range:  [65536 - 1090519033) (1090453497)
Protection zone: [0x0000000036000000 - 0x0000000036010000), (65536 bytes)


Internal statistics:

num_allocs_failed_limit: 3.
num_arena_births: 368.
num_arena_deaths: 0.
num_vsnodes_births: 2.
num_vsnodes_deaths: 0.
num_space_committed: 411.
num_space_uncommitted: 0.
num_chunks_returned_to_freelist: 3.
num_chunks_taken_from_freelist: 1111.
num_chunk_merges: 0.
num_chunk_splits: 773.
num_chunks_enlarged: 590.
num_inconsistent_stats: 0.

CodeHeap 'non-profiled nmethods': size=120064Kb used=1635Kb max_used=1635Kb free=118428Kb
 bounds [0x0000019b970c0000, 0x0000019b97330000, 0x0000019b9e600000]
CodeHeap 'profiled nmethods': size=120000Kb used=8431Kb max_used=8431Kb free=111568Kb
 bounds [0x0000019b8f600000, 0x0000019b8fe40000, 0x0000019b96b30000]
CodeHeap 'non-nmethods': size=5696Kb used=1678Kb max_used=1796Kb free=4017Kb
 bounds [0x0000019b96b30000, 0x0000019b96da0000, 0x0000019b970c0000]
CodeCache: size=245760Kb, used=11744Kb, max_used=11862Kb, free=234013Kb
 total_blobs=5765, nmethods=5120, adapters=546, full_count=0
Compilation: enabled, stopped_count=0, restarted_count=0

Compilation events (20 events):
Event: 7.280 Thread 0x0000019ba31cb1f0 5124       3       org.apache.maven.surefire.booter.stream.EventEncoder::getCharset (4 bytes)
Event: 7.280 Thread 0x0000019ba31cb1f0 nmethod 5124 0x0000019b8fe39408 code [0x0000019b8fe39500, 0x0000019b8fe39610]
Event: 7.284 Thread 0x0000019ba31cb1f0 5125       3       org.junit.jupiter.engine.execution.LauncherStoreFacade::getStoreAdapter (21 bytes)
Event: 7.286 Thread 0x0000019ba31cb1f0 nmethod 5125 0x0000019b8fe39708 code [0x0000019b8fe39800, 0x0000019b8fe3a9f0]
Event: 7.288 Thread 0x0000019ba31cb1f0 5126       3       jdk.internal.reflect.ReflectionFactory::copyField (11 bytes)
Event: 7.288 Thread 0x0000019ba31cb1f0 nmethod 5126 0x0000019b8fe3aa88 code [0x0000019b8fe3ab80, 0x0000019b8fe3ade8]
Event: 7.288 Thread 0x0000019ba31cb1f0 5127       3       java.lang.reflect.Field::<init> (50 bytes)
Event: 7.288 Thread 0x0000019ba31cb1f0 nmethod 5127 0x0000019b8fe3ae08 code [0x0000019b8fe3af00, 0x0000019b8fe3b2b8]
Event: 7.572 Thread 0x0000019ba31c0ab0 5128       4       java.lang.invoke.LambdaForm::uncustomize (57 bytes)
Event: 7.573 Thread 0x0000019ba31c0ab0 nmethod 5128 0x0000019b97258408 code [0x0000019b97258500, 0x0000019b972585a0]
Event: 7.573 Thread 0x0000019ba31cb1f0 5129   !   3       java.nio.CharBuffer::wrap (21 bytes)
Event: 7.573 Thread 0x0000019ba31cb1f0 nmethod 5129 0x0000019b8fe3b308 code [0x0000019b8fe3b400, 0x0000019b8fe3b688]
Event: 7.573 Thread 0x0000019ba31cb1f0 5130       3       java.nio.HeapCharBuffer::<init> (23 bytes)
Event: 7.573 Thread 0x0000019ba31cb1f0 nmethod 5130 0x0000019b8fe3b708 code [0x0000019b8fe3b800, 0x0000019b8fe3b978]
Event: 7.575 Thread 0x0000019ba31cb1f0 5131       3       jdk.internal.misc.Unsafe::checkNativeAddress (28 bytes)
Event: 7.575 Thread 0x0000019ba31cb1f0 nmethod 5131 0x0000019b8fe3ba08 code [0x0000019b8fe3bb00, 0x0000019b8fe3bc18]
Event: 7.577 Thread 0x0000019ba31cb1f0 5132       1       org.junit.platform.engine.support.descriptor.MethodSource::getClassName (5 bytes)
Event: 7.577 Thread 0x0000019ba31cb1f0 nmethod 5132 0x0000019b97258708 code [0x0000019b97258800, 0x0000019b972588c8]
Event: 7.577 Thread 0x0000019ba31c0ab0 5133       4       java.lang.Boolean::valueOf (14 bytes)
Event: 7.577 Thread 0x0000019ba31c0ab0 nmethod 5133 0x0000019b97258a08 code [0x0000019b97258b00, 0x0000019b97258b80]

GC Heap Usage History (8 events):
Event: 0.931 {heap Before GC invocations=0 (full 0):
 garbage-first heap   total reserved 2041856K, committed 131072K, used 30869K [0x0000000083600000, 0x0000000100000000)
  region size 1024K, 28 young (28672K), 0 survivors (0K)
}
Event: 0.941 {heap After GC invocations=1 (full 0):
 garbage-first heap   total reserved 2041856K, committed 131072K, used 7744K [0x0000000083600000, 0x0000000100000000)
  region size 1024K, 4 young (4096K), 4 survivors (4096K)
}
Event: 3.246 {heap Before GC invocations=1 (full 0):
 garbage-first heap   total reserved 2041856K, committed 131072K, used 60992K [0x0000000083600000, 0x0000000100000000)
  region size 1024K, 56 young (57344K), 4 survivors (4096K)
}
Event: 3.254 {heap After GC invocations=2 (full 0):
 garbage-first heap   total reserved 2041856K, committed 131072K, used 11290K [0x0000000083600000, 0x0000000100000000)
  region size 1024K, 4 young (4096K), 4 survivors (4096K)
}
Event: 4.221 {heap Before GC invocations=2 (full 0):
 garbage-first heap   total reserved 2041856K, committed 131072K, used 37914K [0x0000000083600000, 0x0000000100000000)
  region size 1024K, 31 young (31744K), 4 survivors (4096K)
}
Event: 4.227 {heap After GC invocations=3 (full 0):
 garbage-first heap   total reserved 2041856K, committed 131072K, used 12440K [0x0000000083600000, 0x0000000100000000)
  region size 1024K, 5 young (5120K), 5 survivors (5120K)
}
Event: 4.920 {heap Before GC invocations=4 (full 0):
 garbage-first heap   total reserved 2041856K, committed 150528K, used 148632K [0x0000000083600000, 0x0000000100000000)
  region size 1024K, 12 young (12288K), 5 survivors (5120K)
}
Event: 4.927 {heap After GC invocations=5 (full 0):
 garbage-first heap   total reserved 2041856K, committed 155648K, used 14697K [0x0000000083600000, 0x0000000100000000)
  region size 1024K, 5 young (5120K), 5 survivors (5120K)
}

Metaspace Usage History (8 events):
Event: 0.931 {metaspace Before GC invocations=0 (full 0):
 Metaspace       used 5786K, committed 5952K, reserved 1114112K
  class space    used 550K, committed 640K, reserved 1048576K
}
Event: 0.941 {metaspace After GC invocations=1 (full 0):
 Metaspace       used 5786K, committed 5952K, reserved 1114112K
  class space    used 550K, committed 640K, reserved 1048576K
}
Event: 3.246 {metaspace Before GC invocations=1 (full 0):
 Metaspace       used 16099K, committed 16448K, reserved 1114112K
  class space    used 1829K, committed 1984K, reserved 1048576K
}
Event: 3.254 {metaspace After GC invocations=2 (full 0):
 Metaspace       used 16099K, committed 16448K, reserved 1114112K
  class space    used 1829K, committed 1984K, reserved 1048576K
}
Event: 4.221 {metaspace Before GC invocations=2 (full 0):
 Metaspace       used 21264K, committed 21504K, reserved 1114112K
  class space    used 2324K, committed 2432K, reserved 1048576K
}
Event: 4.227 {metaspace After GC invocations=3 (full 0):
 Metaspace       used 21264K, committed 21504K, reserved 1114112K
  class space    used 2324K, committed 2432K, reserved 1048576K
}
Event: 4.920 {metaspace Before GC invocations=4 (full 0):
 Metaspace       used 22113K, committed 22528K, reserved 1114112K
  class space    used 2410K, committed 2624K, reserved 1048576K
}
Event: 4.927 {metaspace After GC invocations=5 (full 0):
 Metaspace       used 22113K, committed 22528K, reserved 1114112K
  class space    used 2410K, committed 2624K, reserved 1048576K
}

Dll operation events (12 events):
Event: 0.010 Loaded shared library C:\Program Files\Java\jdk-25\bin\java.dll
Event: 0.047 Loaded shared library C:\Program Files\Java\jdk-25\bin\net.dll
Event: 0.049 Loaded shared library C:\Program Files\Java\jdk-25\bin\nio.dll
Event: 0.054 Loaded shared library C:\Program Files\Java\jdk-25\bin\zip.dll
Event: 0.123 Loaded shared library C:\Program Files\Java\jdk-25\bin\management.dll
Event: 0.127 Loaded shared library C:\Program Files\Java\jdk-25\bin\management_ext.dll
Event: 0.159 Loaded shared library C:\Program Files\Java\jdk-25\bin\jimage.dll
Event: 1.898 Loaded shared library C:\Program Files\Java\jdk-25\bin\instrument.dll
Event: 1.901 Loaded shared library C:\Program Files\Java\jdk-25\bin\zip.dll
Event: 1.905 Loaded shared library C:\Program Files\Java\jdk-25\bin\instrument.dll
Event: 5.188 Loaded shared library C:\Program Files\Java\jdk-25\bin\sunmscapi.dll
Event: 5.262 Loaded shared library C:\Program Files\Java\jdk-25\bin\extnet.dll

Deoptimization events (20 events):
Event: 5.276 Thread 0x0000019b86d80770 DEOPT PACKING pc=0x0000019b97220328 sp=0x00000006304fbfc0
Event: 5.276 Thread 0x0000019b86d80770 DEOPT UNPACKING pc=0x0000019b96c61202 sp=0x00000006304fbf58 mode 2
Event: 5.731 Thread 0x0000019b86d80770 DEOPT PACKING pc=0x0000019b8f9efc84 sp=0x00000006304fbcc0
Event: 5.731 Thread 0x0000019b86d80770 DEOPT UNPACKING pc=0x0000019b96b812a2 sp=0x00000006304fb1a8 mode 0
Event: 5.921 Thread 0x0000019b86d80770 Uncommon trap: trap_request=0xffffffbe fr.pc=0x0000019b97256324 relative=0x0000000000000ba4
Event: 5.921 Thread 0x0000019b86d80770 Uncommon trap: reason=profile_predicate action=maybe_recompile pc=0x0000019b97256324 method=java.util.TimSort.binarySort([Ljava/lang/Object;IIILjava/util/Comparator;)V @ 73 c2
Event: 5.921 Thread 0x0000019b86d80770 DEOPT PACKING pc=0x0000019b97256324 sp=0x00000006304fc6a0
Event: 5.921 Thread 0x0000019b86d80770 DEOPT UNPACKING pc=0x0000019b96c61202 sp=0x00000006304fc670 mode 2
Event: 5.923 Thread 0x0000019b86d80770 Uncommon trap: trap_request=0xffffffbe fr.pc=0x0000019b97256324 relative=0x0000000000000ba4
Event: 5.923 Thread 0x0000019b86d80770 Uncommon trap: reason=profile_predicate action=maybe_recompile pc=0x0000019b97256324 method=java.util.TimSort.binarySort([Ljava/lang/Object;IIILjava/util/Comparator;)V @ 73 c2
Event: 5.923 Thread 0x0000019b86d80770 DEOPT PACKING pc=0x0000019b97256324 sp=0x00000006304fc500
Event: 5.923 Thread 0x0000019b86d80770 DEOPT UNPACKING pc=0x0000019b96c61202 sp=0x00000006304fc4d0 mode 2
Event: 6.215 Thread 0x0000019b86d80770 Uncommon trap: trap_request=0xffffffbe fr.pc=0x0000019b97256324 relative=0x0000000000000ba4
Event: 6.215 Thread 0x0000019b86d80770 Uncommon trap: reason=profile_predicate action=maybe_recompile pc=0x0000019b97256324 method=java.util.TimSort.binarySort([Ljava/lang/Object;IIILjava/util/Comparator;)V @ 73 c2
Event: 6.215 Thread 0x0000019b86d80770 DEOPT PACKING pc=0x0000019b97256324 sp=0x00000006304fc6a0
Event: 6.215 Thread 0x0000019b86d80770 DEOPT UNPACKING pc=0x0000019b96c61202 sp=0x00000006304fc670 mode 2
Event: 6.220 Thread 0x0000019b86d80770 Uncommon trap: trap_request=0xffffffbe fr.pc=0x0000019b97256324 relative=0x0000000000000ba4
Event: 6.220 Thread 0x0000019b86d80770 Uncommon trap: reason=profile_predicate action=maybe_recompile pc=0x0000019b97256324 method=java.util.TimSort.binarySort([Ljava/lang/Object;IIILjava/util/Comparator;)V @ 73 c2
Event: 6.220 Thread 0x0000019b86d80770 DEOPT PACKING pc=0x0000019b97256324 sp=0x00000006304fc500
Event: 6.220 Thread 0x0000019b86d80770 DEOPT UNPACKING pc=0x0000019b96c61202 sp=0x00000006304fc4d0 mode 2

Classes loaded (20 events):
Event: 5.430 Loading class org/junit/jupiter/engine/descriptor/ClassBasedTestDescriptor
Event: 5.430 Loading class org/junit/jupiter/engine/descriptor/ClassBasedTestDescriptor done
Event: 5.430 Loading class org/junit/jupiter/engine/execution/InterceptingExecutableInvoker$ReflectiveInterceptorCall$VoidMethodInterceptorCall
Event: 5.430 Loading class org/junit/jupiter/engine/execution/InterceptingExecutableInvoker$ReflectiveInterceptorCall$VoidMethodInterceptorCall done
Event: 5.430 Loading class org/junit/jupiter/api/extension/InvocationInterceptor$Invocation
Event: 5.430 Loading class org/junit/jupiter/api/extension/InvocationInterceptor$Invocation done
Event: 5.431 Loading class org/junit/jupiter/engine/extension/TimeoutExtension$TimeoutProvider
Event: 5.431 Loading class org/junit/jupiter/engine/extension/TimeoutExtension$TimeoutProvider done
Event: 5.431 Loading class org/junit/jupiter/engine/extension/TimeoutConfiguration
Event: 5.431 Loading class org/junit/jupiter/engine/extension/TimeoutConfiguration done
Event: 5.436 Loading class com/supportiq/service/HistoricalRetrievalServiceImpl
Event: 5.436 Loading class com/supportiq/service/HistoricalRetrievalServiceImpl done
Event: 5.521 Loading class java/nio/file/FileChannelLinesSpliterator
Event: 5.521 Loading class java/nio/file/FileChannelLinesSpliterator done
Event: 5.522 Loading class java/util/stream/Streams$1
Event: 5.522 Loading class java/util/stream/Streams$1 done
Event: 5.522 Loading class java/nio/file/FileChannelLinesSpliterator$1
Event: 5.522 Loading class java/nio/file/FileChannelLinesSpliterator$1 done
Event: 5.691 Loading class com/supportiq/model/HistoricalCandidate
Event: 5.691 Loading class com/supportiq/model/HistoricalCandidate done

Classes unloaded (0 events):
No events

Classes redefined (6 events):
Event: 3.078 Thread 0x0000019ba3176fd0 redefined class name=com.supportiq.service.SupportAgentService, count=1
Event: 3.078 Thread 0x0000019ba3176fd0 redefined class name=java.lang.Object, count=1
Event: 3.371 Thread 0x0000019ba3176fd0 redefined class name=com.supportiq.service.IntentClassifier, count=2
Event: 3.669 Thread 0x0000019ba3176fd0 redefined class name=java.lang.AutoCloseable, count=2
Event: 3.669 Thread 0x0000019ba3176fd0 redefined class name=com.supportiq.data.CsvOffsetReader, count=1
Event: 3.702 Thread 0x0000019ba3176fd0 redefined class name=com.supportiq.data.TweetOffsetIndex, count=1

Internal exceptions (20 events):
Event: 4.815 Thread 0x0000019b86d80770 Exception <a 'sun/nio/fs/WindowsException'{0x00000000859af690}> (0x00000000859af690) 
thrown [s\open\src\hotspot\share\prims\jni.cpp, line 516]
Event: 4.898 Thread 0x0000019b86d80770 Exception <a 'java/lang/NoSuchMethodError'{0x0000000085787680}: 'long java.lang.invoke.DirectMethodHandle$Holder.invokeSpecial(java.lang.Object, java.lang.Object)'> (0x0000000085787680) 
thrown [s\open\src\hotspot\share\interpreter\linkResolver.cpp, line 804]
Event: 4.957 Thread 0x0000019b86d80770 Exception <a 'sun/nio/fs/WindowsException'{0x000000008c947b80}> (0x000000008c947b80) 
thrown [s\open\src\hotspot\share\prims\jni.cpp, line 516]
Event: 5.430 Thread 0x0000019b86d80770 Exception <a 'java/lang/IncompatibleClassChangeError'{0x000000008bebd968}: Found class java.lang.Object, but interface was expected> (0x000000008bebd968) 
thrown [s\open\src\hotspot\share\interpreter\linkResolver.cpp, line 871]
Event: 5.579 Thread 0x0000019b86d80770 Exception <a 'java/io/IOException'{0x000000008ba53120}> (0x000000008ba53120) 
thrown [s\open\src\hotspot\share\prims\jni.cpp, line 516]
Event: 5.582 Thread 0x0000019b86d80770 Exception <a 'java/io/IOException'{0x000000008ba58460}> (0x000000008ba58460) 
thrown [s\open\src\hotspot\share\prims\jni.cpp, line 516]
Event: 5.712 Thread 0x0000019b86d80770 Exception <a 'java/io/IOException'{0x000000008ba917e0}> (0x000000008ba917e0) 
thrown [s\open\src\hotspot\share\prims\jni.cpp, line 516]
Event: 5.733 Thread 0x0000019b86d80770 Exception <a 'java/io/IOException'{0x000000008ba96a28}> (0x000000008ba96a28) 
thrown [s\open\src\hotspot\share\prims\jni.cpp, line 516]
Event: 5.926 Thread 0x0000019b86d80770 Exception <a 'java/io/IOException'{0x000000008bab6d30}> (0x000000008bab6d30) 
thrown [s\open\src\hotspot\share\prims\jni.cpp, line 516]
Event: 5.928 Thread 0x0000019b86d80770 Exception <a 'java/io/IOException'{0x000000008babbf70}> (0x000000008babbf70) 
thrown [s\open\src\hotspot\share\prims\jni.cpp, line 516]
Event: 6.222 Thread 0x0000019b86d80770 Exception <a 'java/io/IOException'{0x000000008bae7d50}> (0x000000008bae7d50) 
thrown [s\open\src\hotspot\share\prims\jni.cpp, line 516]
Event: 6.224 Thread 0x0000019b86d80770 Exception <a 'java/io/IOException'{0x000000008baecf90}> (0x000000008baecf90) 
thrown [s\open\src\hotspot\share\prims\jni.cpp, line 516]
Event: 6.560 Thread 0x0000019b86d80770 Exception <a 'java/io/IOException'{0x000000008b9156d8}> (0x000000008b9156d8) 
thrown [s\open\src\hotspot\share\prims\jni.cpp, line 516]
Event: 6.561 Thread 0x0000019b86d80770 Exception <a 'java/io/IOException'{0x000000008b91a918}> (0x000000008b91a918) 
thrown [s\open\src\hotspot\share\prims\jni.cpp, line 516]
Event: 6.940 Thread 0x0000019b86d80770 Exception <a 'java/io/IOException'{0x000000008b93ab20}> (0x000000008b93ab20) 
thrown [s\open\src\hotspot\share\prims\jni.cpp, line 516]
Event: 6.943 Thread 0x0000019b86d80770 Exception <a 'java/io/IOException'{0x000000008b93fd60}> (0x000000008b93fd60) 
thrown [s\open\src\hotspot\share\prims\jni.cpp, line 516]
Event: 7.296 Thread 0x0000019b86d80770 Exception <a 'java/io/IOException'{0x000000008b960178}> (0x000000008b960178) 
thrown [s\open\src\hotspot\share\prims\jni.cpp, line 516]
Event: 7.307 Thread 0x0000019b86d80770 Exception <a 'java/io/IOException'{0x000000008b9653b8}> (0x000000008b9653b8) 
thrown [s\open\src\hotspot\share\prims\jni.cpp, line 516]
Event: 7.580 Thread 0x0000019b86d80770 Exception <a 'java/io/IOException'{0x000000008b98dcc8}> (0x000000008b98dcc8) 
thrown [s\open\src\hotspot\share\prims\jni.cpp, line 516]
Event: 7.581 Thread 0x0000019b86d80770 Exception <a 'java/io/IOException'{0x000000008b992f10}> (0x000000008b992f10) 
thrown [s\open\src\hotspot\share\prims\jni.cpp, line 516]

VM Operations (20 events):
Event: 4.075 Executing non-safepoint VM operation: HandshakeAllThreads (Deoptimize)
Event: 4.075 Executing non-safepoint VM operation: HandshakeAllThreads (Deoptimize) done
Event: 4.221 Executing safepoint VM operation: CollectForMetadataAllocation (Metadata GC Threshold)
Event: 4.227 Executing safepoint VM operation: CollectForMetadataAllocation (Metadata GC Threshold) done
Event: 4.241 Executing safepoint VM operation: G1PauseRemark
Event: 4.244 Executing safepoint VM operation: G1PauseRemark done
Event: 4.248 Executing safepoint VM operation: G1PauseCleanup
Event: 4.251 Executing safepoint VM operation: G1PauseCleanup done
Event: 4.905 Executing non-safepoint VM operation: HandshakeAllThreads (Deoptimize)
Event: 4.905 Executing non-safepoint VM operation: HandshakeAllThreads (Deoptimize) done
Event: 4.913 Executing non-safepoint VM operation: HandshakeAllThreads (Deoptimize)
Event: 4.913 Executing non-safepoint VM operation: HandshakeAllThreads (Deoptimize) done
Event: 4.920 Executing safepoint VM operation: G1CollectForAllocation (G1 Evacuation Pause)
Event: 4.927 Executing safepoint VM operation: G1CollectForAllocation (G1 Evacuation Pause) done
Event: 4.959 Executing non-safepoint VM operation: HandshakeAllThreads (Deoptimize)
Event: 4.959 Executing non-safepoint VM operation: HandshakeAllThreads (Deoptimize) done
Event: 4.978 Executing non-safepoint VM operation: HandshakeAllThreads (Deoptimize)
Event: 4.978 Executing non-safepoint VM operation: HandshakeAllThreads (Deoptimize) done
Event: 5.040 Executing non-safepoint VM operation: HandshakeAllThreads (Deoptimize)
Event: 5.040 Executing non-safepoint VM operation: HandshakeAllThreads (Deoptimize) done

Memory protections (0 events):
No events

Nmethod flushes (0 events):
No events

Events (20 events):
Event: 0.024 Thread 0x0000019b86d80770 Thread added: 0x0000019b86d80770
Event: 0.039 Thread 0x0000019b86d80770 Thread added: 0x0000019ba318a3a0
Event: 0.039 Thread 0x0000019b86d80770 Thread added: 0x0000019ba318c7f0
Event: 0.039 Thread 0x0000019b86d80770 Thread added: 0x0000019ba31912c0
Event: 0.040 Thread 0x0000019b86d80770 Thread added: 0x0000019ba31b2ea0
Event: 0.040 Thread 0x0000019b86d80770 Thread added: 0x0000019ba31b45d0
Event: 0.040 Thread 0x0000019b86d80770 Thread added: 0x0000019ba31b64a0
Event: 0.040 Thread 0x0000019b86d80770 Thread added: 0x0000019ba31c0ab0
Event: 0.040 Thread 0x0000019b86d80770 Thread added: 0x0000019ba31cb1f0
Event: 0.043 Thread 0x0000019b86d80770 Thread added: 0x0000019ba3282290
Event: 0.044 Thread 0x0000019b86d80770 Thread added: 0x0000019ba32937e0
Event: 0.085 Thread 0x0000019ba31cb1f0 Thread added: 0x0000019ba31cc210
Event: 0.278 Thread 0x0000019b86d80770 Thread added: 0x0000019ba39ee4b0
Event: 0.291 Thread 0x0000019b86d80770 Thread added: 0x0000019ba35fb260
Event: 5.271 Thread 0x0000019b86d80770 Thread added: 0x0000019ba8e90810
Event: 5.405 Thread 0x0000019b86d80770 Thread added: 0x0000019ba886b360
Event: 5.412 Thread 0x0000019b86d80770 Thread added: 0x0000019ba87d3a90
Event: 5.420 Thread 0x0000019b86d80770 Thread added: 0x0000019ba9865950
Event: 5.425 Thread 0x0000019b86d80770 Thread added: 0x0000019ba3b094e0
Event: 5.677 Thread 0x0000019ba31cc210 Thread exited: 0x0000019ba31cc210


Dynamic libraries:
0x00007ff7e4ba0000 - 0x00007ff7e4bb0000 	C:\Program Files\Java\jdk-25\bin\java.exe
0x00007ffe24b00000 - 0x00007ffe24d67000 	C:\WINDOWS\SYSTEM32\ntdll.dll
0x00007ffe23ba0000 - 0x00007ffe23c6b000 	C:\WINDOWS\System32\KERNEL32.DLL
0x00007ffe221f0000 - 0x00007ffe225f2000 	C:\WINDOWS\System32\KERNELBASE.dll
0x00007ffe21d00000 - 0x00007ffe21e4c000 	C:\WINDOWS\System32\ucrtbase.dll
0x00007ffe0e5f0000 - 0x00007ffe0e607000 	C:\Program Files\Java\jdk-25\bin\jli.dll
0x00007ffe0e080000 - 0x00007ffe0e09e000 	C:\Program Files\Java\jdk-25\bin\VCRUNTIME140.dll
0x00007ffe248a0000 - 0x00007ffe24a6f000 	C:\WINDOWS\System32\USER32.dll
0x00007ffe0be30000 - 0x00007ffe0c0c0000 	C:\WINDOWS\WinSxS\amd64_microsoft.windows.common-controls_6595b64144ccf1df_6.0.26100.9278_none_3e0d1ba8e3303201\COMCTL32.dll
0x00007ffe221c0000 - 0x00007ffe221e7000 	C:\WINDOWS\System32\win32u.dll
0x00007ffe23750000 - 0x00007ffe237f9000 	C:\WINDOWS\System32\msvcrt.dll
0x00007ffe23ce0000 - 0x00007ffe23d0b000 	C:\WINDOWS\System32\GDI32.dll
0x00007ffe21e60000 - 0x00007ffe21f89000 	C:\WINDOWS\System32\gdi32full.dll
0x00007ffe22110000 - 0x00007ffe221b3000 	C:\WINDOWS\System32\msvcp_win.dll
0x00007ffe23140000 - 0x00007ffe23171000 	C:\WINDOWS\System32\IMM32.DLL
0x00007ffe0fe00000 - 0x00007ffe0fe0c000 	C:\Program Files\Java\jdk-25\bin\vcruntime140_1.dll
0x00007ffde85c0000 - 0x00007ffde864d000 	C:\Program Files\Java\jdk-25\bin\msvcp140.dll
0x00007ffd741e0000 - 0x00007ffd7503f000 	C:\Program Files\Java\jdk-25\bin\server\jvm.dll
0x00007ffe23380000 - 0x00007ffe2343c000 	C:\WINDOWS\System32\ADVAPI32.dll
0x00007ffe23d10000 - 0x00007ffe23db9000 	C:\WINDOWS\System32\sechost.dll
0x00007ffe23450000 - 0x00007ffe23568000 	C:\WINDOWS\System32\RPCRT4.dll
0x00007ffe23ea0000 - 0x00007ffe23f20000 	C:\WINDOWS\System32\WS2_32.dll
0x00007ffe21b60000 - 0x00007ffe21bbe000 	C:\WINDOWS\SYSTEM32\POWRPROF.dll
0x00007ffe1e870000 - 0x00007ffe1e8a6000 	C:\WINDOWS\SYSTEM32\WINMM.dll
0x00007ffe133f0000 - 0x00007ffe133fb000 	C:\WINDOWS\SYSTEM32\VERSION.dll
0x00007ffe21b40000 - 0x00007ffe21b55000 	C:\WINDOWS\SYSTEM32\UMPDC.dll
0x00007ffe209a0000 - 0x00007ffe209bb000 	C:\WINDOWS\SYSTEM32\kernel.appcore.dll
0x00007ffe0c190000 - 0x00007ffe0c19a000 	C:\Program Files\Java\jdk-25\bin\jimage.dll
0x00007ffe1f320000 - 0x00007ffe1f56c000 	C:\WINDOWS\SYSTEM32\DBGHELP.DLL
0x00007ffe23800000 - 0x00007ffe23b85000 	C:\WINDOWS\System32\combase.dll
0x00007ffe228b0000 - 0x00007ffe22989000 	C:\WINDOWS\System32\OLEAUT32.dll
0x00007ffe1e830000 - 0x00007ffe1e86b000 	C:\WINDOWS\SYSTEM32\dbgcore.DLL
0x00007ffe21f90000 - 0x00007ffe2203c000 	C:\WINDOWS\System32\bcryptPrimitives.dll
0x00007ffe0b0b0000 - 0x00007ffe0b0cf000 	C:\Program Files\Java\jdk-25\bin\java.dll
0x00007ffe23180000 - 0x00007ffe2331a000 	C:\WINDOWS\System32\ole32.dll
0x00007ffe22990000 - 0x00007ffe23128000 	C:\WINDOWS\System32\SHELL32.dll
0x00007ffe1f720000 - 0x00007ffe1ffce000 	C:\WINDOWS\SYSTEM32\windows.storage.dll
0x00007ffe242e0000 - 0x00007ffe243db000 	C:\WINDOWS\System32\SHCORE.dll
0x00007ffe23c70000 - 0x00007ffe23cd6000 	C:\WINDOWS\System32\shlwapi.dll
0x00007ffe21c20000 - 0x00007ffe21c49000 	C:\WINDOWS\SYSTEM32\profapi.dll
0x00007ffe02ff0000 - 0x00007ffe03002000 	C:\Program Files\Java\jdk-25\bin\net.dll
0x00007ffe20f70000 - 0x00007ffe20fdc000 	C:\WINDOWS\system32\mswsock.dll
0x00007ffe02fd0000 - 0x00007ffe02fe6000 	C:\Program Files\Java\jdk-25\bin\nio.dll
0x00007ffdfa360000 - 0x00007ffdfa377000 	C:\Program Files\Java\jdk-25\bin\zip.dll
0x00007ffe0b730000 - 0x00007ffe0b73a000 	C:\Program Files\Java\jdk-25\bin\management.dll
0x00007ffe0b1a0000 - 0x00007ffe0b1ac000 	C:\Program Files\Java\jdk-25\bin\management_ext.dll
0x00007ffe23130000 - 0x00007ffe23138000 	C:\WINDOWS\System32\PSAPI.DLL
0x00007ffe0aa20000 - 0x00007ffe0aa30000 	C:\Program Files\Java\jdk-25\bin\instrument.dll
0x00007ffe21280000 - 0x00007ffe2129b000 	C:\WINDOWS\SYSTEM32\CRYPTSP.dll
0x00007ffe20900000 - 0x00007ffe20939000 	C:\WINDOWS\system32\rsaenh.dll
0x00007ffe21040000 - 0x00007ffe21074000 	C:\WINDOWS\SYSTEM32\USERENV.dll
0x00007ffe21bf0000 - 0x00007ffe21c1a000 	C:\WINDOWS\SYSTEM32\bcrypt.dll
0x00007ffe212a0000 - 0x00007ffe212ac000 	C:\WINDOWS\SYSTEM32\CRYPTBASE.dll
0x00007ffe20340000 - 0x00007ffe20373000 	C:\WINDOWS\SYSTEM32\IPHLPAPI.DLL
0x00007ffe23b90000 - 0x00007ffe23b9a000 	C:\WINDOWS\System32\NSI.dll
0x00007ffe0b0a0000 - 0x00007ffe0b0ae000 	C:\Program Files\Java\jdk-25\bin\sunmscapi.dll
0x00007ffe22690000 - 0x00007ffe2280e000 	C:\WINDOWS\System32\CRYPT32.dll
0x00007ffe214c0000 - 0x00007ffe214f0000 	C:\WINDOWS\SYSTEM32\ncrypt.dll
0x00007ffe21470000 - 0x00007ffe214af000 	C:\WINDOWS\SYSTEM32\NTASN1.dll
0x00007ffdf69b0000 - 0x00007ffdf69b8000 	C:\WINDOWS\system32\wshunix.dll
0x00007ffe0a8d0000 - 0x00007ffe0a8d9000 	C:\Program Files\Java\jdk-25\bin\extnet.dll

JVMTI agents:
C:\Users\Vishal Chaudhary\.m2\repository\net\bytebuddy\byte-buddy-agent\1.17.8\byte-buddy-agent-1.17.8.jar path:C:\Program Files\Java\jdk-25\bin\instrument.dll, loaded, initialized, dynamic instrumentlib options:none

dbghelp: loaded successfully - version: 4.0.5 - missing functions: none
symbol engine: initialized successfully - sym options: 0x614 - pdb path: .;C:\Program Files\Java\jdk-25\bin;C:\WINDOWS\SYSTEM32;C:\WINDOWS\WinSxS\amd64_microsoft.windows.common-controls_6595b64144ccf1df_6.0.26100.9278_none_3e0d1ba8e3303201;C:\Program Files\Java\jdk-25\bin\server

VM Arguments:
java_command: C:\Users\Vishal Chaudhary\AppData\Local\Temp\surefire13035735859435806882\surefirebooter-20261007111746695_3.jar C:\Users\Vishal Chaudhary\AppData\Local\Temp\surefire13035735859435806882 2026-10-07T11-17-46_392-jvmRun1 surefire-20261007111746695_1tmp surefire_0-20261007111746695_2tmp
java_class_path (initial): C:\Users\Vishal Chaudhary\AppData\Local\Temp\surefire13035735859435806882\surefirebooter-20261007111746695_3.jar
Launcher Type: SUN_STANDARD

[Global flags]
     intx CICompilerCount                          = 3                                         {product} {ergonomic}
     uint ConcGCThreads                            = 1                                         {product} {ergonomic}
     uint G1ConcRefinementThreads                  = 4                                         {product} {ergonomic}
   size_t G1HeapRegionSize                         = 1048576                                   {product} {ergonomic}
   size_t InitialHeapSize                          = 132120576                                 {product} {ergonomic}
   size_t MarkStackSize                            = 4194304                                   {product} {ergonomic}
   size_t MarkStackSizeMax                         = 536870912                                 {product} {ergonomic}
   size_t MaxHeapSize                              = 2090860544                                {product} {ergonomic}
   size_t MaxNewSize                               = 1254096896                                {product} {ergonomic}
   size_t MinHeapDeltaBytes                        = 1048576                                   {product} {ergonomic}
   size_t MinHeapSize                              = 8388608                                   {product} {ergonomic}
    uintx NonNMethodCodeHeapSize                   = 5832704                                {pd product} {ergonomic}
    uintx NonProfiledCodeHeapSize                  = 122945536                              {pd product} {ergonomic}
    uintx ProfiledCodeHeapSize                     = 122880000                              {pd product} {ergonomic}
    uintx ReservedCodeCacheSize                    = 251658240                              {pd product} {ergonomic}
     bool SegmentedCodeCache                       = true                                      {product} {ergonomic}
   size_t SoftMaxHeapSize                          = 2090860544                             {manageable} {ergonomic}
     bool UseCompressedOops                        = true                           {product lp64_product} {ergonomic}
     bool UseG1GC                                  = true                                      {product} {ergonomic}
     bool UseLargePagesIndividualAllocation        = false                                  {pd product} {ergonomic}

Logging:
Log output configuration:
 #0: stdout all=warning uptime,level,tags foldmultilines=false
 #1: stderr all=off uptime,level,tags foldmultilines=false

Release file:
IMPLEMENTOR="Oracle Corporation" 
JAVA_RUNTIME_VERSION="25.0.1+8-LTS-27" 
JAVA_VERSION="25.0.1" 
JAVA_VERSION_DATE="2025-10-21" 
LIBC="default" 
MODULES="java.base java.compiler java.datatransfer java.xml java.prefs java.desktop java.instrument java.logging java.management java.security.sasl java.naming java.rmi java.management.rmi java.net.http java.scripting java.security.jgss java.transaction.xa java.sql java.sql.rowset java.xml.crypto java.se java.smartcardio jdk.accessibility jdk.internal.jvmstat jdk.attach jdk.charsets jdk.internal.opt jdk.zipfs jdk.compiler jdk.crypto.cryptoki jdk.crypto.ec jdk.crypto.mscapi jdk.dynalink jdk.internal.ed jdk.editpad jdk.internal.vm.ci jdk.graal.compiler jdk.graal.compiler.management jdk.hotspot.agent jdk.httpserver jdk.incubator.vector jdk.internal.le jdk.internal.md jdk.jartool jdk.javadoc jdk.jcmd jdk.management jdk.management.agent jdk.jconsole jdk.jdeps jdk.jdwp.agent jdk.jdi jdk.jfr jdk.jlink jdk.jpackage jdk.jshell jdk.jsobject jdk.jstatd jdk.localedata jdk.management.jfr jdk.naming.dns jdk.naming.rmi jdk.net jdk.nio.mapmode jdk.sctp jdk.security.auth jdk.security.jgss jdk.unsupported jdk.unsupported.desktop jdk.xml.dom" 
OS_ARCH="x86_64" 
OS_NAME="Windows" 
SOURCE=".:git:862c85bc42b7 open:git:78770bfaefd2" 

Environment Variables:
PATH=C:/Users/Vishal Chaudhary/.gemini/antigravity-ide/bin;C:\Python312\Scripts\;C:\Python312\;D:\oracle\product\10.2.0\db_1\bin;C:\Program Files\Common Files\Oracle\Java\javapath;C:\Program Files (x86)\Common Files\Oracle\Java\java8path;C:\Program Files (x86)\Common Files\Oracle\Java\javapath;C:\WINDOWS\system32;C:\WINDOWS;C:\WINDOWS\System32\Wbem;C:\WINDOWS\System32\WindowsPowerShell\v1.0\;C:\WINDOWS\System32\OpenSSH\;C:\MinGW\bin;D:\Git\cmd;C:\Program Files\nodejs\;C:\ProgramData\chocolatey\bin;C:\Users\Vishal Chaudhary\OneDrive\Desktop\Apache-Tomcat Software\apache-tomcat-8.0.30-windows-x86\apache-tomcat-8.0.30\bin;C:\Program Files\PostgreSQL\14\bin;C:\Program Files\Amazon\AWSCLIV2\;C:\Users\Vishal Chaudhary\AppData\Local\Microsoft\WindowsApps;C:\Users\Vishal Chaudhary\AppData\Local\Programs\Microsoft VS Code\bin;D:\Softwears\IntelliJ IDEA Community Edition 2025.1.2\bin;;C:\Users\Vishal Chaudhary\AppData\Roaming\npm;D:\Antigravity IDE\bin;C:\Users\Vishal Chaudhary\AppData\Local\Programs\Antigravity IDE\bin
USERNAME=Vishal Chaudhary
OS=Windows_NT
PROCESSOR_IDENTIFIER=Intel64 Family 6 Model 140 Stepping 1, GenuineIntel
TMP=C:\Users\VISHAL~1\AppData\Local\Temp
TEMP=C:\Users\VISHAL~1\AppData\Local\Temp




Compilation memory statistics disabled.

Periodic native trim disabled

---------------  S Y S T E M  ---------------

OS:
 Windows 11 , 64 bit Build 26100 (10.0.26100.9444)
OS uptime: 24 days 21:10 hours
Hyper-V role detected

CPU: total 4 (initial active 4) (2 cores per cpu, 2 threads per core) family 6 model 140 stepping 1 microcode 0x8a, cx8, cmov, fxsr, ht, mmx, 3dnowpref, sse, sse2, sse3, ssse3, sse4.1, sse4.2, popcnt, lzcnt, tsc, tscinvbit, avx, avx2, aes, erms, clmul, bmi1, bmi2, adx, avx512f, avx512dq, avx512cd, avx512bw, avx512vl, sha, fma, vzeroupper, avx512_vpopcntdq, avx512_vpclmulqdq, avx512_vaes, avx512_vnni, clflush, clflushopt, clwb, avx512_vbmi2, avx512_vbmi, hv, rdtscp, rdpid, fsrm, gfni, avx512_bitalg, f16c, cet_ibt, cet_ss, avx512_ifma
Processor Information for the first 4 processors :
  Max Mhz: 2995, Current Mhz: 2995, Mhz Limit: 2995

Memory: 4k page, system-wide physical 7975M (403M free)
TotalPageFile size 22055M (AvailPageFile size 295M)
current process WorkingSet (physical memory assigned to process): 1479M, peak: 1479M
current process commit charge ("private bytes"): 1613M, peak: 1614M

vm_info: Java HotSpot(TM) 64-Bit Server VM (25.0.1+8-LTS-27) for windows-amd64 JRE (25.0.1+8-LTS-27), built on 2025-09-25T16:41:16Z with unknown MS VC++:1943

END.
